0.003993
0.000023
0.000469
0.000069
0.000039
0.004372
0.002916
0.000801
0.000938
0.022732
0.000822
0.002951
0.000026
0.000267
0.000024
0.002948
0.002803
0.000129
0.000317
0.002034
0.040228
0.004030
0.037151
0.073142
0.080830
0.000057
0.000823
0.000031
0.074163
0.000606
0.079671
0.022973
0.002839
0.000071
0.002923
0.002916
0.000448
0.024348
0.000067
0.024986
0.039678
0.000002
0.000068
0.037706
0.040952
0.003983
0.038476
0.000387
0.002788
0.002940
0.081825
0.000411
0.000047
0.000052
0.000897
0.000041
0.002875
0.001846
0.004015
0.000414
0.000451
0.086911
0.000614
0.080943
0.000479
0.087520
0.000034
0.000409
0.088874
0.000482
0.078682
0.000517
0.001210
0.072491
0.038060
0.004960
0.002947
0.040107
0.002937
0.002911
0.000029
0.000705
0.004238
0.000030
0.000015
0.000031
0.002960
0.082988
0.000002
0.002961
0.081366
0.000027
0.003969
0.000004
0.079198
0.023517
0.000458
0.040553
0.000850
0.000391
0.000116
0.037282
0.251195
0.000924
0.000002
0.000968
0.000466
0.039023
0.004015
0.000007
0.007182
0.075297
0.024374
0.000029
0.004582
0.076643
0.077306
0.000563
0.079122
0.002955
0.000810
0.038624
0.002987
0.002995
0.002825
0.001049
0.082333
0.000138
0.084639
0.000061
0.000062
0.000030
0.000392
0.000047
0.082604
0.037790
0.081818
0.000476
0.000001
0.002930
0.000192
0.000901
0.000055
0.040565
0.000058
0.002913
0.000102
0.002964
0.077469
0.002857
0.002890
0.000046
0.000029
0.000037
0.000686
0.000019
0.079497
0.000025
0.023825
0.022915
0.037684
0.022913
0.000060
0.000018
0.000045
0.083026
0.079385
0.039390
0.038051
0.088075
0.000377
0.000513
0.005625
0.002894
0.000014
0.000069
0.037621
0.000027
0.000009
0.040758
0.083024
0.000002
0.000094
0.000104
0.004348
0.000419
0.082729
0.077256
0.040916
0.085472
0.000628
0.082661
0.073843
0.038491
0.003883
0.022872
0.000580
0.000121
0.076891
0.002917
0.002894
0.082401
0.081698
0.080119
0.020615
0.002927
0.001127
0.038390
0.073002
0.000063
0.022685
0.080843
0.000837
0.037369
0.000850
0.000003
0.003652
0.002927
0.000071
0.000037
0.005007
0.002940
0.081916
0.000035
0.080802
0.077107
0.022925
0.000839
0.000821
0.002876
0.000066
0.078919
0.000861
0.000898
0.000713
0.000107
0.077163
0.039833
0.078118
0.000457
0.001889
0.000453
0.003979
0.000653
0.037955
0.002935
0.000068
0.038563
0.000041
0.004121
0.000409
0.000399
0.000575
0.000417
0.004033
0.000031
0.002930
0.002968
0.081990
0.037995
0.088771
0.000038
0.000052
0.000041
0.003034
0.073308
0.020328
0.023068
0.000862
0.004482
0.000024
0.085810
0.000977
0.081192
0.000002
0.004101
0.000814
0.076825
0.000003
0.078269
0.022909
0.038746
0.000012
0.000030
0.079623
0.000003
0.079019
0.003143
0.037727
0.000001
0.000824
0.000848
0.023473
0.000380
0.000895
0.002834
0.037583
0.028150
0.000042
0.005021
0.004150
0.079965
0.002921
0.040475
0.001031
0.000003
0.079036
0.000825
0.002857
0.038425
0.004033
0.003003
0.038339
0.001070
0.000279
0.000129
0.000473
0.076619
0.023400
0.001156
0.002985
0.037500
0.000441
0.002955
0.079828
0.002891
0.002941
0.000035
0.000088
0.023055
0.000053
0.000042
0.023108
0.000723
0.000041
0.000000
0.002945
0.000117
0.039237
0.024552
0.000066
0.004134
0.001036
0.023165
0.000093
0.004043
0.000061
0.000058
0.000069
0.004800
0.030925
0.000829
0.000032
0.000029
0.082767
0.000154
0.073531
0.000494
0.022862
0.006984
0.002960
0.083435
0.000813
0.000850
0.000025
0.000481
0.000416
0.000402
0.000131
0.082764
0.000878
0.000478
0.000045
0.000575
0.000434
0.000395
0.087498
0.000295
0.000033
0.022682
0.038405
0.000021
0.084578
0.000023
0.002959
0.002983
0.074160
0.000040
0.000029
0.079970
0.079400
0.002887
0.000574
0.000072
0.077816
0.071619
0.000424
0.000030
0.077630
0.022792
0.038225
0.000444
0.002824
0.094019
0.000838
0.082534
0.075924
0.002933
0.000477
0.022972
0.000125
0.037482
0.003379
0.002831
0.000061
0.000768
0.000820
0.077638
0.079285
0.000507
0.075715
0.002785
0.079899
0.023475
0.075876
0.000587
0.022920
0.023412
0.000550
0.000055
0.023336
0.022875
0.271989
0.000064
0.003935
0.000448
0.084821
0.003666
0.002964
0.080199
0.000022
0.004091
0.021917
0.000040
0.079956
0.000456
0.147089
0.002990
0.000548
0.000390
0.000447
0.000103
0.083340
0.072371
0.000949
0.037853
0.077427
0.081510
0.000034
0.022831
0.004823
0.000500
0.002931
0.002930
0.000118
0.000428
0.000003
0.082300
0.003070
0.003941
0.000096
0.000357
0.004059
0.024947
0.000821
0.080404
0.004059
0.000027
0.040553
0.000800
0.040154
0.078514
0.000132
0.004373
0.038074
0.002887
0.000810
0.002869
0.038367
0.002955
0.002933
0.084036
0.022726
0.004672
0.000061
0.076644
0.002830
0.002907
0.004679
0.024282
0.000001
0.000073
0.080027
0.002942
0.000036
0.079327
0.000035
0.022235
0.022813
0.000551
0.004216
0.000056
0.074923
0.000034
0.000030
0.000010
0.000652
0.075110
0.000442
0.072757
0.002820
0.078084
0.085434
0.002927
0.000102
0.024564
0.022967
0.022688
0.000111
0.000021
0.078392
0.084864
0.000039
0.005711
0.000463
0.000006
0.085192
0.000154
0.000027
0.004675
0.003513
0.000030
0.077344
0.081849
0.022716
0.000898
0.000451
0.005010
0.040125
0.025368
0.002910
0.000483
0.078276
0.075963
0.080877
0.000040
0.000080
0.000091
0.023287
0.000055
0.023589
0.037614
0.000039
0.078202
0.000061
0.080276
0.071695
0.080746
0.037161
0.083005
0.004733
0.081259
0.000057
0.000000
0.000001
0.000031
0.000498
0.000037
0.003391
0.000003
0.022841
0.039851
0.000954
0.075858
0.000474
0.037213
0.024148
0.000040
0.000454
0.002931
0.002873
0.002932
0.000845
0.000006
0.022712
0.000104
0.081205
0.080029
0.002951
0.000110
0.081309
0.000033
0.000038
0.000045
0.000064
0.004096
0.284553
0.002958
0.000027
0.000035
0.000069
0.003951
0.000036
0.000815
0.000118
0.000452
0.038278
0.002930
0.076790
0.022393
0.004745
0.000957
0.004099
0.000912
0.000036
0.074160
0.002931
0.001745
0.002927
0.002848
0.038434
0.074335
0.000030
0.082512
0.074275
0.000373
0.093131
0.000584
0.004117
0.081615
0.080960
2.000132
0.002820
0.000861
0.023061
0.002835
0.072571
0.004970
0.003698
0.000032
0.000030
0.081430
0.079962
0.023280
0.001063
0.022801
0.083624
0.000388
0.088055
0.000020
0.000032
0.024751
0.000384
0.002826
0.039482
0.082622
0.040375
0.076055
0.040154
0.000034
0.000120
0.023210
0.080097
0.022978
0.002844
0.085368
0.000089
0.000196
0.074114
0.000443
0.073771
0.001070
0.000925
0.024342
0.000068
0.024495
0.000874
0.078809
0.079273
0.073546
0.000030
0.000983
0.000423
0.000034
0.000244
0.002875
0.074665
0.000012
0.004647
0.000022
0.000073
0.000453
0.023736
0.000027
0.082960
0.022662
0.000070
0.000123
0.000000
0.000573
0.000768
0.003143
0.000804
0.000033
0.000529
0.000804
0.000918
0.040114
0.002942
0.003079
0.000036
0.000828
0.037835
0.000807
0.000002
0.002948
0.000909
0.000139
0.000702
0.000003
0.000872
0.000938
0.000816
0.000950
0.000349
0.001052
0.000426
0.000943
0.000470
0.000432
0.000440
0.000386
0.001170
0.078325
0.000751
0.000989
0.000768
0.037684
0.000690
0.000032
0.000528
0.000775
0.000809
0.000821
0.000822
0.083162
0.040703
0.028466
0.000864
0.000820
0.022877
0.002913
0.000746
0.000824
0.000064
0.000821
0.000436
0.000842
0.000453
0.000372
0.079817
0.000073
0.000761
0.076166
0.000850
0.000906
0.084582
0.000002
0.000484
0.000878
0.000418
0.087181
0.000491
0.000846
0.001108
0.000036
0.000827
0.000861
0.000866
0.000785
0.000865
0.000811
0.000412
0.000001
0.000019
0.000120
0.000167
0.000463
0.000792
0.002835
0.000839
0.000853
0.000787
0.000029
0.000847
0.000129
0.080435
0.082127
0.000848
0.043516
0.000037
0.002982
0.000021
0.000922
0.002940
0.000812
0.000002
0.000824
0.000789
0.000822
0.000779
0.000951
0.000909
0.000953
0.000817
0.000980
0.000889
0.083627
0.000859
0.000798
0.000804
0.000781
0.000034
0.000033
0.000876
0.082931
0.000855
0.000001
0.078246
0.002911
0.000026
0.000925
0.000715
0.004056
0.000793
0.079764
0.077593
0.000034
0.000817
0.083269
0.000938
0.000927
0.001112
0.000811
0.000002
0.000806
0.000836
0.004169
0.000933
0.000945
0.037538
0.000797
0.290739
0.004002
0.000846
0.000739
0.002008
0.000792
0.000934
0.000473
0.002897
0.000796
0.000813
0.000778
0.000120
0.000045
0.000799
0.000944
0.000862
0.000862
0.003916
0.000874
0.000790
0.000944
0.000061
0.000036
0.039470
0.000943
0.000783
0.082005
0.001863
0.086452
0.000845
0.079867
0.000867
0.000897
0.000929
0.000873
0.000798
0.000781
0.000823
0.004364
0.000848
0.005418
0.000919
0.000063
0.000911
0.000484
0.000923
0.001003
0.001018
0.000001
0.039585
0.023322
0.023257
0.023137
0.001451
0.000519
0.000205
0.000922
0.000787
0.000852
0.000903
0.000456
0.000867
0.000928
0.000859
0.000138
0.000390
0.000793
0.000475
0.000895
0.002921
0.022183
0.000044
0.000818
0.000792
0.039431
0.000929
0.000968
0.001000
0.002890
0.000813
0.000950
0.000794
0.000812
0.000968
0.086338
0.000826
0.000984
0.000749
0.001196
0.243443
0.000848
0.002931
0.000758
0.002884
0.000007
0.000960
0.079089
0.000837
0.000728
0.002955
0.000845
0.000974
0.040627
0.081321
0.000876
0.000084
0.000867
0.000097
0.000739
0.030858
0.000418
0.000737
0.000906
0.039512
0.000510
0.000834
0.000893
0.000896
0.000015
0.000756
0.000005
0.000770
0.000822
0.000765
0.000799
0.000240
0.000955
0.000945
0.000494
0.005787
0.002809
0.023890
0.000480
0.003082
0.076782
0.079945
0.002948
0.020249
0.000888
0.000797
0.040167
0.038263
0.000002
0.000846
0.000005
0.000042
0.000920
0.000039
0.000409
0.000031
0.004192
0.004331
0.000030
0.000416
0.000061
0.000058
0.000024
0.002900
0.039370
0.000410
0.000107
0.037281
0.004057
0.039952
0.080930
0.022814
0.000020
0.002848
0.000549
0.038504
0.000432
0.000891
0.000099
0.000903
0.001897
0.000875
0.003755
0.000056
0.037404
0.000967
0.000841
0.001059
0.002839
0.022793
0.000486
0.000875
0.000177
0.002836
0.002911
0.000874
0.037295
0.000078
0.002910
0.000140
0.006732
0.077003
0.000469
0.004040
0.000818
0.081690
0.000911
0.001039
0.000860
0.000796
0.000924
0.000778
0.002873
0.000858
0.000894
0.000149
0.000751
0.000000
0.000717
0.000839
0.000782
0.039530
0.000462
0.000481
0.081094
0.000428
0.000509
0.000040
0.000028
0.079464
0.000136
0.002977
0.000796
0.000069
0.002871
0.040404
0.080785
0.002929
0.000052
0.038744
0.037668
0.000076
0.077088
0.000034
0.000102
0.038316
0.282398
0.000473
0.004183
0.000012
0.000027
0.002950
0.000954
0.002904
0.000987
0.000871
0.000341
0.000928
0.000962
0.037326
0.000104
0.000036
0.000482
0.000831
0.000823
0.078140
0.001717
0.002900
0.000451
0.000839
0.000510
0.000798
0.082221
0.079339
0.076736
0.000789
0.000711
0.000463
0.000470
0.000137
0.089595
0.000849
0.001439
0.000734
0.000065
0.000112
0.000684
0.083398
0.002950
0.000877
0.003923
0.000045
0.000047
0.000029
0.000843
0.004110
0.000419
0.082933
0.000044
0.000826
0.000795
0.000790
0.037308
0.001502
0.079493
0.083939
0.000796
0.080410
0.000026
0.077681
0.285600
0.000839
0.037482
0.037521
0.000984
0.084386
0.000043
0.075610
0.000115
0.083180
0.023665
0.000481
0.037176
0.000930
0.000739
0.000001
0.000871
0.000804
0.000436
0.002920
0.000305
0.079545
0.004083
0.000971
0.000056
0.075425
0.000502
0.000119
0.000762
0.000738
0.000708
0.000923
0.000032
0.000002
0.037643
0.000040
0.000968
0.002821
0.007016
0.085155
0.000986
0.000733
0.000825
0.002884
0.000316
0.082625
0.004370
0.000934
0.000061
0.000836
0.004177
0.002980
0.073167
0.000028
0.000490
0.000066
0.000885
0.000001
0.001851
0.084520
0.078094
0.000812
0.022973
0.000830
0.000383
0.000303
0.000701
0.000885
0.002756
0.000886
0.000069
0.000928
0.024461
0.040293
1.086080
0.002867
0.000854
0.000950
0.000765
0.000800
0.039270
0.000001
0.000800
0.000779
0.000002
0.000892
0.000893
0.082114
0.004091
0.000849
0.000029
0.000772
0.002775
0.000846
0.000006
0.000760
0.000805
0.079180
0.000880
0.000818
0.000814
0.000937
0.001009
0.022976
0.000806
0.003958
0.002911
0.000024
0.000003
0.000799
0.000977
0.000855
0.000424
0.004725
0.079926
0.084220
0.079296
0.000028
0.000003
0.000792
0.076239
0.038448
0.000889
0.000811
0.000811
0.000920
0.000925
0.086764
0.000555
0.000773
0.000001
0.000452
0.000131
0.000561
0.000808
0.000070
0.000711
0.000793
0.075906
0.000449
0.001819
0.003131
0.000637
0.999909
0.002950
0.002866
0.000030
0.002978
0.023277
0.000735
0.000142
0.000532
0.078073
0.000039
0.000023
0.000008
0.080512
0.022753
0.000032
0.000871
0.076417
0.000406
0.076841
0.001028
0.000904
0.000100
0.000030
0.000946
0.081112
0.040269
0.000789
0.000883
0.000068
0.000792
0.000486
0.000810
0.001165
0.001005
0.001075
0.000769
0.000798
0.000038
0.000812
0.000024
0.002945
0.000859
0.002075
0.000492
0.000687
0.000777
0.000922
0.000789
0.000700
0.083139
0.002941
0.000047
0.038618
0.000067
0.000845
0.000922
0.000690
0.085833
0.079438
0.000461
0.000962
0.000030
0.000790
0.040984
0.002923
0.000868
0.000807
0.000901
0.000066
0.000039
0.001008
0.000783
0.003027
0.000374
0.000009
0.000879
0.000547
0.000116
0.000718
0.038799
0.020098
0.000420
0.000829
0.000806
0.000848
0.037805
0.074846
0.000836
0.081649
0.083707
0.000554
0.000760
0.000888
0.000428
0.000972
0.000306
0.000031
0.000857
0.000794
0.000922
0.000008
0.000855
0.003991
0.000496
0.000061
0.000830
0.000776
0.000898
0.000781
0.022720
0.000482
0.000798
0.000058
0.000866
0.004099
0.000030
0.000984
0.000092
0.074725
0.000020
0.040594
0.002886
0.000519
0.000522
0.003517
0.084654
0.000913
0.082966
0.023531
0.000953
0.032035
0.000529
0.024357
0.000629
0.000994
0.074854
0.000772
0.000882
0.000832
0.085730
0.000038
0.238397
0.002962
0.000882
0.000426
0.000555
0.000606
0.000021
0.000323
0.000356
0.000895
0.000024
0.000519
0.037140
0.000002
0.040919
0.003027
0.000002
0.000960
0.004919
0.000505
0.000791
0.000130
0.000039
0.038575
0.004097
0.000848
0.000486
0.080110
0.078696
0.000859
0.000026
0.000402
0.000036
0.078275
0.077108
0.000858
0.000403
0.000935
0.000441
0.000412
0.000433
0.000946
0.000031
0.000775
0.000746
0.000345
0.000844
0.000487
0.000827
0.000053
0.000605
0.000028
0.019756
0.000426
0.000807
0.000782
0.000941
0.000063
0.002883
0.000823
0.000505
0.000788
0.000728
0.000841
0.002912
0.000031
0.000026
0.000443
0.000056
0.082538
0.002898
0.000028
0.004135
0.000094
0.000926
0.000935
0.000918
0.000043
0.000890
0.002873
0.001418
0.004050
0.024409
0.000791
0.038042
0.000420
0.000862
0.079159
0.000001
0.000993
0.000366
0.000864
0.000135
0.000136
0.002968
0.038698
0.000868
0.000034
0.000796
0.001138
0.040669
0.000842
0.086696
0.000533
0.000443
0.000033
0.000892
0.000054
0.000754
0.000754
0.000032
0.241718
0.000942
0.000118
0.040840
0.037546
0.000034
0.074050
0.000035
0.004991
0.000855
0.000505
0.004124
0.002928
0.040252
0.079556
0.000002
0.000451
0.081405
0.233559
0.076070
0.000019
0.004113
0.040366
0.004961
0.000778
0.087581
0.000888
0.002879
0.000738
0.000002
0.000002
0.000729
0.000864
0.000068
0.080362
0.000023
0.038614
0.000844
0.000919
0.000475
0.000503
0.000792
0.000028
0.000032
0.039926
0.000789
0.003032
0.081805
0.000975
0.000924
0.000044
0.000794
0.000793
0.000798
0.077958
0.000877
0.079550
0.000090
0.000069
0.000007
0.000034
0.000798
0.000001
0.004275
0.000830
0.000839
0.000815
0.000815
0.002915
0.000061
0.004061
0.022892
0.000938
0.000678
0.000884
0.000873
0.001128
0.000980
0.000895
0.000668
0.000031
0.000825
0.000161
0.000831
0.000910
0.000770
0.001032
0.000450
0.000065
0.073966
0.000865
0.037767
0.000532
0.042115
0.000949
0.000830
0.000037
0.000749
0.000124
0.040105
0.001152
0.078564
0.000003
0.000746
0.002903
0.000998
0.000798
0.000796
0.000057
0.000060
0.000066
0.000806
0.000061
0.083025
0.080475
0.038853
0.000576
0.000829
0.000807
0.000046
0.000803
0.000060
0.000418
0.006918
0.079822
0.000782
0.002893
0.072825
0.038370
0.000051
0.081402
0.081786
0.000045
0.085055
0.000854
0.000754
0.000879
0.000881
0.000113
0.000963
0.000380
0.002887
0.001042
0.003657
0.002876
0.001337
0.004892
0.005372
0.001002
0.004806
0.003007
0.003682
0.004696
0.005106
0.004699
0.000886
0.000856
0.000959
0.000172
0.040000
0.000002
0.002888
0.000950
0.022892
0.022565
0.022902
0.023408
0.023098
0.023538
0.023314
0.023351
0.000028
0.023062
0.022961
0.024246
0.033654
0.022906
0.024919
0.024914
0.031031
0.000004
0.037742
0.000000
0.002887
0.041191
0.000072
0.313995
0.000887
0.239503
0.000814
0.023245
0.205805
0.000099
0.000450
0.003142
0.023450
0.000863
0.000592
0.000711
0.000928
0.000776
0.000754
0.000458
0.000720
0.000029
0.038730
0.000786
0.000881
0.081964
0.000083
0.022921
0.024275
0.079498
0.077890
0.000062
0.002857
0.075642
0.000964
0.000778
0.000716
0.000890
0.000999
0.000988
0.040009
0.000887
0.000490
0.000997
0.004063
0.000392
0.000851
0.000989
0.004177
0.083636
0.000395
0.000808
0.001028
0.000914
0.000910
0.019957
0.000040
0.079032
0.003892
0.004975
0.000791
0.000444
0.023017
0.080621
0.000787
0.000833
0.003936
0.022944
0.000932
0.000337
0.000363
0.000026
0.002945
0.000594
0.079817
0.000165
0.000916
0.000603
0.000722
0.000031
0.000020
0.000018
0.000033
0.000080
0.000113
0.000181
0.001188
0.022918
0.000938
0.000924
0.001097
0.001083
0.000041
0.004029
0.037509
0.000522
0.000839
0.000094
0.022683
0.000559
0.074385
0.002932
0.000026
0.000981
0.000023
0.000546
0.000000
0.002837
0.001015
0.002885
0.001069
0.001037
0.001108
0.000917
0.022210
0.000558
0.000542
0.000002
0.003948
0.005959
0.003708
0.000904
0.000041
0.004957
0.004322
0.000492
0.000903
0.000759
0.091196
0.001157
0.000880
0.000896
0.000876
0.002878
0.000362
0.000065
0.000461
0.094078
0.076838
0.076483
0.000022
0.227584
0.002945
0.002795
0.000072
0.000002
0.000857
0.037605
0.002874
0.002964
0.002863
0.002857
0.023394
0.002958
0.002780
0.002945
0.001898
0.002832
0.002799
0.000539
0.002812
0.000186
0.002910
0.003156
0.081152
0.088746
0.081150
0.003779
0.000001
0.001026
0.000002
0.000788
0.002850
0.078316
0.000035
0.000707
0.023339
0.000508
0.000065
0.000417
0.000417
0.003893
0.000033
0.000037
0.000769
0.000098
0.037462
0.000031
0.000507
0.000041
0.084626
0.037257
0.004076
0.000128
0.039759
0.004183
0.000036
0.080014
0.028299
0.031130
0.003953
0.000854
0.000065
0.000506
0.004083
0.001073
0.002908
0.000094
0.003848
0.000131
0.084543
0.038767
0.038804
0.001022
0.000840
0.000948
0.000832
0.002888
0.000845
0.000913
0.037320
0.003972
0.254773
0.000504
0.003007
0.040043
0.000416
0.002944
0.000069
0.000002
0.022818
0.002848
0.000540
0.000002
0.079908
0.000125
0.000493
0.000044
0.076744
0.000034
0.000552
0.003606
0.000474
0.002949
0.000095
0.000144
0.000004
0.073727
0.000025
0.000375
0.079706
0.084418
0.000001
0.000887
0.040311
0.000039
0.000896
0.000002
0.037261
0.000052
0.000040
0.000030
0.000164
0.000939
0.000032
0.028245
0.000040
0.039383
0.077379
0.000029
0.004100
0.026082
0.004739
0.000878
0.077017
0.000065
0.079434
0.004095
0.000061
0.000003
0.023343
0.000028
0.000064
0.000124
0.000023
0.081320
0.000084
0.002986
0.037449
0.000600
0.003951
0.080852
0.000072
0.000035
0.085738
0.000440
0.000211
0.000045
0.000001
0.000032
0.000749
0.000889
0.000040
0.027564
0.000119
0.000874
0.079718
0.000001
0.000101
0.002851
0.079164
0.000000
0.000029
0.002821
0.081584
0.000811
0.000594
0.085989
0.000073
0.000460
0.002929
0.079467
0.183475
0.002934
0.080674
0.039290
0.082389
0.000756
0.000682
0.000026
0.003712
0.002984
0.037548
0.006712
0.002947
0.004211
0.002801
0.037539
0.004284
0.082259
0.000003
0.000745
0.000800
0.083562
0.000072
0.004756
0.073229
0.004072
0.037404
0.030701
0.082700
0.083254
0.004006
0.003012
0.000349
0.078861
0.081103
0.002846
0.000765
0.000020
0.003951
0.000161
0.076740
0.002912
0.005947
0.000034
0.000041
0.000003
0.000030
0.084842
0.000962
0.000063
0.002949
0.000039
0.002810
0.075139
0.000075
0.002979
0.022882
0.000029
0.000958
0.004169
0.000070
0.027684
0.000041
0.000031
0.000064
0.000566
0.000000
0.000002
0.079572
0.082159
0.003932
0.000041
0.004023
0.002991
0.000892
0.000136
0.004057
0.004085
0.000120
0.001334
0.000092
0.002919
0.000894
0.000674
0.000023
0.004026
0.000069
0.000040
0.042064
0.000072
0.003990
0.000874
0.000515
0.000189
0.083732
0.000058
0.000567
0.082002
0.000465
0.000839
0.000045
0.024934
0.076593
0.000094
0.080854
0.000467
0.000402
0.075365
0.002897
0.083713
0.000035
0.004066
0.002945
0.038603
0.040173
0.000029
0.087746
0.000456
0.000007
0.000007
0.000111
0.000025
0.002967
0.000041
0.037671
0.000061
0.003968
0.003996
0.001956
0.000862
0.000967
0.000891
0.000124
0.079600
0.000008
0.038873
0.000067
0.000032
0.023184
0.002859
0.294109
0.040956
0.074636
0.071279
0.040122
0.000026
0.000003
0.081402
0.000508
0.039268
0.000033
0.073298
0.000113
0.081875
0.022968
0.000798
0.023543
0.028143
0.083652
0.000147
0.079064
0.000030
0.000110
0.004072
0.000002
0.000000
0.079502
0.000811
0.085118
0.004005
0.000024
0.003791
0.077607
0.000605
0.000038
0.033177
0.000993
0.004548
0.000851
0.000486
0.000565
0.000917
0.000037
0.023276
0.004011
0.000039
0.000042
0.000002
0.000025
0.004889
0.023126
0.000028
0.000003
0.000789
0.000002
0.003989
0.000041
0.031570
0.000871
0.001147
0.000068
0.000063
0.000222
0.000843
0.000218
0.000022
0.000496
0.000144
0.078434
0.080140
0.000001
0.000027
0.089500
0.000085
0.000054
0.003009
0.084044
0.002933
0.000058
0.000097
0.000003
0.002891
0.002880
0.000001
0.000034
0.000020
0.004365
0.000121
0.078273
0.000062
0.000507
0.000054
0.000086
0.000068
0.004099
0.092003
0.077727
0.090913
0.078997
0.000440
0.090974
0.002936
0.000994
0.037840
0.000811
0.004934
0.000462
0.000375
0.000650
0.000517
0.000500
0.000847
0.000386
0.000504
0.000431
0.002973
0.000466
0.000398
0.000454
0.000389
0.000288
0.000622
0.000036
0.024340
0.000692
0.037459
0.000677
0.002827
0.007057
0.001763
0.004187
0.000810
0.000052
0.000374
0.000693
0.075482
0.000055
0.000467
0.078926
0.000819
0.000867
0.000905
0.000390
0.000527
0.000356
0.081240
0.000522
0.000499
0.000783
0.000371
0.000409
0.002956
0.000038
0.000372
0.000479
0.000484
0.000406
0.004066
0.000393
0.026411
0.000322
0.000441
0.000335
0.003956
0.000057
0.000048
0.000861
0.002941
0.002942
0.000027
0.022864
0.000486
0.000634
0.000144
0.082852
0.079627
0.000111
0.003017
0.000027
0.000994
0.000042
0.000574
0.000058
0.005137
0.039614
0.000755
0.000129
0.003008
0.028367
0.001585
0.000806
0.002877
0.000885
0.081174
0.002923
0.084351
0.021909
0.000464
0.000356
0.000818
0.000005
0.000059
0.000500
0.000789
0.000480
0.022934
0.023014
0.000022
0.000060
0.000037
0.000031
0.000063
0.004164
0.000411
0.000059
0.002939
0.072789
0.003682
0.000062
0.000133
0.000433
0.000770
0.000344
0.023339
0.000543
1.139879
0.000056
0.002774
0.000727
0.000484
0.022736
0.078749
0.000095
0.000399
0.004978
0.026970
0.081039
0.000472
0.000829
0.000036
0.000001
0.000662
0.000129
0.000495
0.023298
0.000526
0.002837
0.000543
0.002915
0.000001
0.000023
0.000019
0.000034
0.000030
0.030821
0.000065
0.000065
0.023433
0.000365
0.073159
0.000018
0.095116
0.081759
0.000739
0.000044
0.040733
0.002873
0.000582
0.000063
0.006072
0.000818
0.000057
0.000801
0.002963
0.000805
0.000002
0.001220
0.003983
0.000826
0.000032
0.000210
0.000906
0.022818
0.000509
0.081246
0.000174
0.000039
0.020019
0.081802
0.000808
0.000062
0.004250
0.000028
0.081105
0.000051
0.000098
0.000434
0.000029
0.002922
0.001327
0.073235
0.082168
2.000732
0.000025
0.000034
0.019875
0.000428
0.002904
0.085979
0.000826
0.000443
0.084498
0.079212
0.079752
0.000002
0.000392
0.000467
0.000489
0.000454
0.084874
0.000002
0.026302
0.023061
0.028354
0.000449
0.002824
0.000002
0.081651
0.000422
0.000379
0.000347
0.027320
0.040056
0.000803
0.000782
0.000026
0.000405
0.000446
0.000310
0.000482
0.080594
0.000020
0.078661
0.004047
0.158238
0.000888
0.000067
0.000423
0.000488
0.000481
0.000446
0.000002
0.000444
0.000507
0.000367
0.000852
0.000074
0.002882
0.000025
0.000022
0.000893
0.000066
0.002919
0.002983
0.000420
0.004950
0.000036
0.000518
0.000444
0.077091
0.000929
0.086160
0.000976
0.038153
0.031689
0.000001
0.000109
0.037385
0.000037
0.037921
0.000057
0.040420
0.000892
0.002873
0.084905
0.000419
0.000076
0.002904
0.039501
0.000576
0.000037
0.000834
0.002879
0.003552
0.040151
0.000626
0.000029
0.000066
0.000448
0.077662
0.004043
0.000024
0.000311
0.000110
0.000089
0.002913
0.081927
0.079948
0.078006
0.000100
0.000033
0.000530
0.000474
0.000037
0.000420
0.022598
0.000457
0.004140
0.000018
0.000356
0.000453
0.000566
0.027594
0.024022
0.023020
0.023511
0.000151
0.000878
0.000039
0.000448
0.029836
0.086082
0.000014
0.002956
0.000048
0.000793
0.024081
0.001027
0.003444
0.079231
0.000332
0.085622
0.000836
0.038181
0.000127
0.002942
0.000496
0.000430
0.000425
0.000510
0.000975
0.022825
0.000318
0.077828
0.022596
0.000003
0.000814
0.000419
0.000551
0.076699
0.000982
0.004227
0.003984
0.000486
0.078769
0.002945
0.004153
0.002867
0.000001
0.086984
0.000008
0.028167
0.000923
0.000367
0.000374
0.000021
0.038315
0.039963
0.000031
0.022978
0.002902
0.000467
0.000033
0.038492
0.000448
0.075996
0.085113
0.002891
0.022702
0.004031
0.000919
0.000076
0.000036
0.001932
0.084174
0.037896
0.000887
0.002944
0.077767
0.002979
0.000740
0.081328
0.000038
0.037828
0.000027
0.000100
0.000487
0.002986
0.000022
0.000036
0.002891
0.037581
0.024625
0.000077
0.038172
0.081624
0.038950
0.000340
0.079264
0.000925
0.000743
0.000164
0.000386
0.040921
0.000464
0.000550
0.000420
0.039254
0.000974
0.081895
0.078416
0.000095
0.002932
0.085110
0.000111
0.079377
0.002849
0.000899
0.078329
0.000738
0.000431
0.002764
0.026234
0.000051
0.000101
0.000749
0.074018
0.074986
0.079233
0.000445
0.004082
0.000446
0.000504
0.083591
0.075317
0.002876
0.000927
0.000844
0.037717
0.076424
0.000003
0.022859
0.000036
0.088277
0.000021
0.000037
0.040044
0.023165
0.002949
0.000696
0.022789
0.000795
0.000051
0.000957
0.004605
0.002888
0.002808
0.002825
0.000933
0.038606
0.073616
0.000528
0.000414
0.000429
0.000828
0.000382
0.004151
0.000906
0.004967
0.000142
0.077726
0.000063
0.037308
0.000055
0.000352
0.081201
0.079095
0.001254
0.040221
0.076617
0.078789
0.038096
0.000620
0.000039
0.000650
0.037672
0.002977
0.040080
0.079211
0.004070
0.041087
0.000088
0.000472
0.002927
0.000134
0.004818
0.000418
0.002923
0.002886
0.253288
0.000105
0.000075
0.000493
0.037549
0.000870
0.030716
0.000149
0.000031
0.000385
0.000025
0.004073
0.037595
0.004284
0.000898
0.022842
0.000037
0.004949
0.000471
0.000416
0.000355
0.000122
0.000192
0.000399
0.000387
0.078996
0.004089
0.002840
0.000070
0.000384
0.000470
0.000890
0.000332
0.004067
0.000409
0.022750
0.025916
0.080643
0.000533
0.079616
0.002902
0.002870
0.078595
0.083359
0.003916
0.002846
0.024419
0.273353
0.000002
0.000050
0.074300
0.002878
0.000788
0.000461
0.080512
0.000377
0.000027
0.040665
0.004080
0.004331
0.002938
0.000764
0.000924
0.000493
0.000035
0.023225
0.080219
0.000376
0.023395
0.000774
0.000031
0.024309
0.003253
0.000002
0.003994
0.005499
0.038959
0.081081
0.004177
0.002898
0.002870
0.001076
0.023037
0.000318
0.023042
0.002897
0.038241
0.002913
0.000800
0.031679
0.002923
0.000793
0.023020
0.039546
0.083336
0.002996
0.000026
0.000574
0.000780
0.023382
0.000390
0.038449
0.000037
0.083365
0.000779
0.000524
0.003986
0.001056
0.039944
0.000003
0.004024
0.000014
0.000523
0.074930
0.085408
0.000001
0.000901
0.000036
0.023183
0.077392
0.089284
0.000024
0.000067
0.037929
0.040757
0.005203
0.000014
0.000027
0.037615
0.000020
0.000957
0.038194
0.000079
0.003756
0.000466
0.000746
0.000040
0.000469
0.040536
0.040251
0.000026
0.041060
0.038910
0.025018
0.000026
0.000002
0.000079
0.080083
0.040824
0.000961
0.000498
0.000385
0.000942
0.000853
0.000002
0.022831
0.002938
0.000070
0.084150
0.000146
0.002787
0.024272
0.000050
0.003817
0.022401
0.000786
0.002784
0.082782
0.000852
0.000717
0.001083
0.075317
0.000492
0.000824
0.003986
0.000069
0.000011
0.022987
0.083791
0.000553
0.000538
0.000171
0.038058
0.000887
0.027479
0.075882
0.078532
0.000002
0.000821
0.037927
0.000119
0.075513
0.000389
0.022897
0.004662
0.002838
0.082680
0.004583
0.000546
0.024597
0.000028
0.082170
0.000077
0.000032
0.002905
0.000002
0.037155
0.000027
0.000002
0.000902
0.002842
0.002813
0.000108
0.000377
0.000027
0.000002
0.002845
0.037644
0.000439
0.040189
0.074392
0.088728
0.082354
0.004288
0.000719
0.040610
0.022668
0.262717
0.038927
0.000023
0.037922
0.037358
0.000071
0.002920
0.000000
0.040289
0.027995
0.000444
0.000059
0.000125
0.038002
0.079647
0.002895
0.002809
0.028093
0.000734
0.000483
0.002951
0.000031
0.000169
0.081184
0.083663
0.000038
0.002870
0.002975
0.000579
0.040097
0.005265
0.004054
0.000487
0.000032
0.000880
0.022940
0.000001
0.022742
0.077851
0.000505
0.000437
0.000538
0.000466
0.001454
0.000995
0.000117
0.000002
0.000517
0.082488
0.002912
0.023384
0.156814
0.002961
0.004929
0.005102
0.000505
0.030999
0.000451
0.000446
0.000897
0.006892
0.000747
0.000439
0.076949
0.074072
0.000335
0.001162
0.000514
0.000504
0.000416
0.040224
0.077986
0.073399
0.081326
0.000897
0.000001
1.999999
0.000762
0.000805
0.000750
0.000446
0.003314
0.077548
0.077804
0.000034
0.083549
0.000033
0.078482
0.000109
0.000400
0.000421
0.000353
0.000379
0.000411
0.037692
0.040128
0.039264
0.024367
0.000305
0.040528
0.022806
0.024343
0.075765
0.088049
0.027113
0.074718
0.004003
0.002900
0.083557
0.000790
0.086855
0.000689
0.000026
0.002877
0.000382
0.003176
0.038070
0.084567
0.000322
0.000519
0.000319
0.080495
0.000427
0.000066
0.077858
0.000860
0.023065
0.084947
0.077439
0.038421
0.000348
0.000002
0.000463
0.071969
0.093124
0.000854
0.002961
0.000812
0.000868
0.080518
0.000511
0.000402
0.037637
0.002897
0.003415
0.022885
0.023041
0.028407
0.002901
0.028367
0.000509
0.002868
0.038304
0.023016
0.000024
0.037552
0.000039
0.000906
0.000042
0.083417
0.074870
0.000061
0.000391
0.000028
0.078333
0.000420
0.000767
0.037286
0.037681
0.004268
0.000493
0.079951
0.000194
0.022780
0.005820
0.079233
0.081996
0.000001
0.004101
0.000384
0.083086
0.077013
0.039999
0.022694
0.000078
0.000122
0.082894
0.000060
0.000800
0.002906
0.000052
0.000006
0.000023
0.000126
0.000002
0.000872
0.002858
0.004251
0.038992
0.000078
0.002918
0.000854
0.004120
0.079803
0.002942
0.000010
0.000760
0.076779
0.081337
0.000952
0.000002
0.004125
0.083956
0.005274
0.085724
0.000064
0.000037
0.079089
0.002818
0.000001
0.000005
0.000086
0.000010
0.022840
0.008721
0.002902
0.074134
0.002897
0.000078
0.002979
0.000729
0.000917
0.002939
0.000033
0.028994
0.000035
0.000041
0.076404
0.000032
0.004183
0.002883
0.037944
0.000035
0.000848
0.000412
0.000002
0.079803
0.037913
0.000500
0.000054
0.039911
0.000001
0.000179
0.000024
0.000165
0.000264
0.000394
0.000045
0.000029
0.081898
0.080286
0.000002
0.000061
0.080276
0.023585
0.000058
0.000110
0.020031
0.002750
0.084872
0.000059
0.000022
0.022994
0.028281
0.000883
0.000003
0.000065
0.000742
0.000074
0.077285
0.000625
0.086973
0.002879
0.076748
0.000068
0.040202
0.079620
0.023081
0.082768
0.002939
0.078633
0.003736
0.088516
0.088675
0.000077
0.000003
0.000003
0.077332
0.084522
0.262889
0.023367
0.000700
0.002863
0.002845
0.004136
0.084021
0.002898
0.000031
0.002888
0.000668
0.037695
0.003547
0.000089
0.000079
0.000128
0.038443
0.000037
0.000002
0.002930
0.000103
0.000444
0.002929
0.000020
0.002953
0.000124
0.038129
0.000063
0.003626
0.022899
0.000931
0.000073
0.023080
0.003850
0.080145
0.084088
0.077643
0.000023
0.000039
0.023073
0.084986
0.000078
0.081533
0.040701
0.073649
0.083249
0.004185
0.076818
0.023506
0.080961
0.000415
0.000434
0.078668
0.023099
0.000009
0.000055
0.024887
0.004101
0.037695
0.073986
0.040948
0.082516
0.000353
0.000128
0.038173
0.080127
0.000733
0.002861
0.000059
0.002877
0.004639
0.000002
0.079887
0.004125
0.028069
0.076922
0.000045
0.000002
0.000447
0.000033
0.002881
0.003986
0.000073
0.083525
0.000420
0.037590
0.000776
0.022951
0.086697
0.003195
0.002896
0.003936
0.000864
0.000143
0.002968
0.076736
0.082461
0.000489
0.073699
0.000002
0.087170
0.000039
0.000554
0.002915
0.091695
0.004904
0.023345
0.022809
0.040030
0.023176
0.000057
0.079642
0.004889
0.038380
0.000324
0.000811
0.077114
0.002963
0.022773
0.000058
0.000815
0.038638
0.022903
0.037799
0.149448
0.233259
0.079606
0.000066
0.072144
0.002963
0.002897
0.000031
0.040740
0.000036
0.000446
0.000068
0.091044
0.001004
0.082649
0.038372
0.079516
0.038512
0.076304
0.080621
0.083980
0.000056
0.080983
0.004129
0.000002
0.081359
0.004071
0.022819
0.000795
0.000034
0.000202
0.000067
0.000059
0.023466
0.082910
0.000064
0.000001
0.001998
0.000996
0.074796
0.004852
0.000519
0.000432
0.040189
0.028536
0.000051
0.076717
0.000119
0.000127
0.002986
0.000105
0.004043
0.000886
0.082569
0.002974
0.000144
0.000102
0.000981
0.078491
0.080790
0.002854
0.000001
0.000784
0.000535
0.000002
0.000039
0.037621
0.082228
0.001049
0.000861
0.000381
0.039406
0.081987
0.000032
0.086225
0.000854
0.000056
0.000338
0.000960
0.000982
0.023013
0.002862
0.080207
0.000989
0.001022
0.001022
0.003669
0.073226
0.000069
0.037753
0.002889
0.000118
0.000196
0.081257
0.078885
0.000033
0.090328
0.037558
0.000526
0.037791
0.002881
0.076132
0.077114
0.000104
0.000777
0.000842
0.000017
0.000070
0.006563
0.000674
0.000071
0.079001
0.002895
0.002939
0.002117
0.080731
0.075893
0.002190
0.002801
0.000066
0.082937
0.000564
0.000381
0.000035
0.022799
0.037327
0.000764
0.000068
0.002883
0.002936
0.000976
0.000840
0.000842
0.000171
0.023349
0.221994
0.079706
0.000011
0.077405
0.000033
0.000036
0.000969
0.075850
0.000128
0.002970
0.000044
0.080695
0.000065
0.075956
0.002863
0.246073
0.037731
0.090137
0.002865
0.078455
0.037574
0.000380
0.000043
0.004098
0.000021
0.000065
0.004876
0.002911
0.000131
0.087974
0.000162
0.000020
0.075324
0.000508
0.022920
0.002888
0.002845
0.004129
1.027646
0.000059
0.000004
0.071541
0.000755
0.000926
0.000102
0.000029
0.000059
0.087463
0.002908
0.000991
0.002925
0.002980
0.000754
0.003029
0.000778
0.000042
0.000730
0.078790
0.000441
0.002825
0.038385
0.004040
0.000027
0.000121
0.000466
0.003788
0.002881
0.002868
0.038853
0.000038
0.000882
0.023449
0.000117
0.001962
0.000444
0.000799
0.000358
0.000103
0.000372
0.000447
0.000900
0.000759
0.000867
0.000556
0.040684
0.000357
0.081460
0.020361
0.000033
0.000043
0.004139
0.000937
0.000456
0.000006
0.001201
0.037780
0.000031
0.086779
0.000024
0.000464
0.000000
0.038913
0.000935
0.080511
0.082163
0.000466
0.000863
0.023497
0.000795
0.037375
0.000004
0.000016
0.000738
0.037515
0.081616
0.000031
0.003395
0.000411
0.000068
0.038313
0.000558
0.075251
0.087140
0.004646
0.026892
0.084541
0.288698
0.000001
0.000031
0.000073
0.022603
0.000851
0.033203
0.000849
0.076826
0.000382
0.000421
0.000069
0.000051
0.000807
0.000563
0.023294
0.000036
0.000478
0.037746
0.077267
0.000022
0.003593
0.022824
0.000075
0.000130
0.081969
0.000024
0.000745
0.022663
0.000958
0.000070
0.002893
0.078528
0.002882
0.000077
0.000486
0.000039
0.000867
0.000771
0.000797
0.000151
0.000001
0.000070
0.000061
0.000035
0.000059
0.157630
0.085379
0.000593
0.077823
0.000857
0.000802
0.000002
0.002963
0.002957
0.002797
0.004094
0.040903
0.002819
0.000071
0.000435
0.083387
0.039998
0.079896
0.000043
0.000453
0.002900
0.001939
0.038289
0.000067
0.000825
0.000881
0.000511
0.085302
0.000063
0.000893
0.002866
0.001238
0.000018
0.003724
0.004015
0.039035
0.000501
0.004283
0.004701
0.023678
0.000059
0.000051
0.089015
0.000439
0.022786
0.076747
0.000081
0.000756
0.083254
0.077951
0.002974
0.000931
0.000901
0.001036
0.001025
0.000472
0.000032
0.000426
0.002878
0.000798
0.000392
0.000379
0.000415
0.077915
0.080910
0.000420
0.076284
0.000889
0.000871
0.038635
0.000981
0.000872
0.000798
0.004924
0.000535
0.039522
0.075849
0.000001
0.000407
0.081084
0.002815
0.093446
0.076860
0.002934
0.079520
0.000023
0.079056
0.078015
0.020976
0.004226
0.023052
0.037807
0.022760
0.023167
0.003608
0.000758
0.040015
0.000142
0.085308
0.002934
0.001095
0.000598
0.000057
0.000025
0.004952
0.080343
0.000462
0.023205
0.000453
0.000543
0.026892
0.024299
0.080134
0.003818
0.086207
0.081084
0.000925
0.091707
1.982587
0.000015
0.078334
0.000023
0.000012
0.000152
0.000876
0.000124
0.000066
0.005447
0.082283
0.037614
0.000985
0.040081
0.079497
0.000031
0.000564
0.000001
0.000054
0.000124
0.003003
0.001015
0.000589
0.000047
0.086835
0.072704
0.025590
0.000002
0.000937
0.005819
0.000064
0.022729
0.022849
0.003990
0.000002
0.002879
0.000001
0.000437
0.003964
0.000430
0.038848
0.002885
0.075372
0.003044
0.007252
0.039332
0.084893
0.037682
0.000000
0.000081
0.000057
0.000056
0.000706
0.002936
0.022862
0.037524
0.003708
0.037825
0.000023
0.000002
0.000139
0.000762
0.002933
0.082509
0.077808
0.000571
0.084677
0.079592
0.000051
0.000834
0.081430
0.000119
0.000467
0.000042
0.020134
0.023472
0.074123
0.000846
0.076027
0.081601
0.082187
0.039501
0.000426
0.004328
0.000428
0.004484
0.077785
0.000334
0.000955
0.083786
0.088019
0.080915
0.081435
0.004196
0.083875
0.000838
0.000476
0.000934
0.000929
0.000714
0.022829
0.000795
0.000146
0.076903
0.004602
0.000418
0.039314
0.074945
0.000031
0.000103
0.000025
0.078620
0.000539
0.000408
0.000361
0.000140
0.000001
0.083170
0.084512
0.004069
0.038899
0.000785
0.022895
0.078276
0.000022
0.000500
0.002914
0.038121
0.000454
0.002845
0.081835
0.000508
0.039359
0.000437
0.002872
0.002891
0.000390
0.000002
0.022938
0.037371
0.000029
0.000546
0.002937
0.093972
0.000413
0.027007
0.000185
0.000803
0.000046
0.000059
0.037648
0.080520
0.000029
0.000102
0.038220
0.004431
0.000024
0.000064
0.000349
0.000063
0.000104
0.000069
0.000984
0.002910
0.022793
0.002963
0.003031
0.078162
0.000523
0.081665
0.002930
0.000388
0.000441
0.000512
0.000735
0.000526
0.003134
0.000009
0.081435
0.000022
0.000106
0.000038
0.082854
0.080942
0.073085
0.081061
0.083001
0.002961
0.000435
0.003107
0.000432
0.000941
0.000078
0.002797
0.000765
0.000039
0.038568
0.000751
0.000039
0.077579
0.000383
0.000761
0.000875
0.000770
0.040451
0.002879
0.000075
0.084876
0.003009
0.000064
0.002954
0.000722
0.000496
0.000063
0.002892
0.000066
0.000033
0.000066
0.000001
0.000630
0.000002
0.000810
0.000480
0.000025
0.000600
0.000451
0.000909
0.002869
0.023064
0.000030
0.078508
0.079050
0.039349
0.000025
0.074801
0.076738
0.087580
0.000027
0.002904
0.000547
0.078951
0.000094
0.000043
0.000001
0.000516
0.000004
0.004050
0.024327
0.000838
0.085754
0.091026
0.022392
0.002905
0.000696
0.000070
0.000035
0.000528
0.000001
0.000827
0.072498
0.000479
0.080815
0.000028
0.000136
0.077825
0.004081
0.000538
0.000032
0.000039
0.022621
0.078034
0.000889
0.023387
0.000423
0.000038
0.022713
0.000062
0.000047
0.000440
0.001951
0.000060
0.003976
0.000467
0.000450
0.000033
0.000637
0.004005
0.000066
0.000798
0.000840
0.000031
0.000639
0.000330
0.000865
0.000506
0.030927
0.000107
0.000050
0.002781
0.002876
0.000514
0.000525
0.000438
0.083674
0.000456
0.000126
0.000005
0.078231
0.000174
0.000098
0.000288
0.000552
0.000827
0.004102
0.000061
0.000099
0.037514
0.000423
0.004816
0.073882
0.000038
0.082870
0.000802
0.075377
0.000118
0.001631
0.081301
0.000025
0.000980
0.000425
0.000585
0.079423
0.003935
0.000124
0.081425
0.000002
0.085914
0.037561
0.037554
0.004083
0.076085
0.000468
0.002917
0.000002
0.000106
0.088214
0.000429
0.002971
0.000041
0.002898
0.003840
0.040839
0.083612
0.000070
0.000366
0.002941
0.081390
0.000005
0.000860
0.000436
0.075642
0.000100
0.003939
0.000073
0.000078
0.093383
0.085304
0.000034
0.000033
0.000063
0.075222
0.000044
0.081377
0.001810
0.002869
0.000043
0.002960
0.000029
0.002770
0.000063
0.000025
0.022549
0.000079
0.000899
0.235933
0.000861
0.003316
0.000866
0.000011
0.089293
0.000091
0.023032
0.000001
0.080655
0.000478
0.085368
0.004148
0.272190
0.004179
0.038326
0.000492
0.080055
0.000491
0.000999
0.003959
0.079508
0.000440
0.000083
0.022637
0.082122
0.083347
0.000604
0.004996
0.079306
0.002935
0.000002
0.019683
0.002848
0.085204
0.000016
0.000829
0.000930
0.000031
0.002794
0.000032
0.037381
0.000414
0.037592
0.000841
0.000002
0.075592
0.001065
0.000026
0.000149
0.000901
0.075066
0.000811
0.000917
0.031478
0.004083
0.000002
0.000062
0.000231
0.000147
0.000904
0.000053
0.000907
0.000042
0.000021
0.077832
0.000040
0.000030
0.000029
0.090308
0.002898
0.080760
0.002885
0.037774
0.000038
0.040842
0.000825
0.004125
0.001863
0.000038
0.082141
0.000055
0.000062
0.002911
0.000065
0.004069
0.075460
0.079616
0.080238
0.037785
0.086174
0.002944
0.002922
0.000028
0.000084
0.002891
0.074209
0.040239
0.000040
0.002832
0.000036
0.002923
0.000034
0.002892
0.000000
0.019683
0.081550
0.039916
0.000869
0.000069
0.023386
0.002842
0.000038
0.000032
0.002909
0.005001
0.074457
0.084790
0.084985
0.002912
0.080870
0.039542
0.000976
0.002877
0.000002
0.298605
0.029787
0.004319
0.000489
0.038087
0.000109
0.000002
0.083254
0.023458
0.000507
0.004882
0.000521
0.024447
0.072774
0.002908
0.000691
0.024050
0.004058
0.000972
0.000947
0.000756
0.002802
0.081028
0.004057
0.005229
0.090513
0.000103
0.002882
0.000001
0.000042
0.038337
0.002848
0.000066
0.081095
0.000035
0.039967
0.003002
0.039496
0.040746
0.000026
0.000002
0.023377
0.037929
0.000002
0.083796
0.002884
0.002883
0.000067
0.000066
0.000834
0.000102
0.040904
0.020128
0.084675
0.000431
0.002867
0.077433
0.000030
0.000779
0.000431
0.000338
0.000949
0.000337
0.000372
0.002946
0.038758
0.040632
0.000419
0.000544
0.000039
0.040481
0.023029
0.040070
0.004074
0.078533
0.003495
0.000114
0.000125
0.000769
0.002934
0.002941
0.000035
0.000070
0.001858
0.003455
0.002984
0.000455
0.037941
0.022743
0.081311
0.002871
0.079985
0.000029
0.000535
0.000073
0.024413
0.000042
0.081558
0.000041
0.000854
0.004196
0.000044
0.005826
0.000034
0.029535
0.039948
0.002890
0.000002
0.028374
0.037581
0.040125
0.000038
0.000117
0.000079
0.000860
0.000034
0.037494
0.024665
0.076077
0.076346
0.023341
0.022780
0.003006
0.000061
0.000838
0.000777
0.022967
0.084412
0.000760
0.004097
0.073611
0.037470
0.000359
0.000001
0.083230
0.000837
0.000042
0.000725
0.038614
0.022836
0.000108
0.084397
0.000031
0.000103
0.081512
0.003928
0.037049
0.000361
0.000105
0.002072
0.085692
0.002944
0.006262
0.000042
0.000007
0.038334
0.075067
0.000471
0.085499
0.002882
0.038125
0.022964
0.234793
0.002890
0.000952
0.002970
0.083998
0.003950
0.002893
0.038568
0.000003
0.000119
0.002885
0.075829
0.000499
0.077155
0.084177
0.083620
0.000071
0.000025
0.000466
0.000001
0.003678
0.077991
0.037555
0.000824
0.076802
0.000038
0.002890
0.002926
0.038319
0.000074
0.178622
0.000843
0.000558
0.000819
0.004109
0.002890
0.002781
0.205328
0.007294
0.001006
0.000035
0.078848
0.075844
0.082161
0.000070
0.000063
0.000147
0.000028
0.000001
0.030654
0.281344
0.081144
0.000396
0.002873
0.000069
0.000027
0.000055
0.000896
0.002866
0.000838
0.077889
0.004105
0.000008
0.038368
0.002761
0.040518
0.002858
0.002937
0.002845
0.004999
0.083852
0.001065
0.000999
0.076184
0.000049
0.000502
0.039409
0.039261
0.002955
0.037444
0.000965
0.038124
0.000044
0.000003
0.084352
0.079308
0.000027
0.000006
0.000001
0.000119
0.002971
0.000825
0.000447
0.004066
0.002817
0.029860
0.082755
0.004130
0.000040
0.000027
0.000067
0.086837
0.074193
0.074022
0.038534
0.037471
0.000419
0.000102
0.022799
0.083581
0.000057
0.038782
0.000823
0.000032
0.039885
0.039589
0.000087
0.074794
0.000061
0.023028
0.000125
0.083918
0.000750
0.000812
0.000033
0.085696
0.000028
0.079891
0.000020
0.000057
0.091710
0.000490
0.083390
0.000796
0.002929
0.002926
0.040775
0.000425
0.000824
0.000487
0.000382
0.000373
0.000085
0.000913
0.000369
0.004032
0.000500
0.086982
0.000746
0.080596
0.000003
0.038325
0.082900
0.082510
0.038450
0.000783
0.000054
0.000380
0.000121
0.000351
0.000897
0.002861
0.002959
0.002893
0.002801
0.002934
0.004012
0.000070
0.000029
0.022980
0.000028
0.002921
0.000000
0.000030
0.000163
0.000000
0.002903
0.000474
0.000114
0.000037
0.000068
0.038621
0.000531
0.040509
0.040205
0.000852
0.000033
0.000778
0.038551
0.000512
0.076386
0.040106
0.000477
0.000028
0.000001
0.002970
0.000767
0.002943
0.000038
0.000129
0.000030
0.002935
0.038496
0.022799
0.002936
0.000830
0.002862
0.000029
0.074780
0.002855
0.000007
0.000138
0.002847
0.000438
0.000724
0.080354
0.000554
0.040580
0.000771
0.000867
0.000066
0.000028
0.003736
0.005008
0.000968
0.000315
0.005448
0.000002
0.233596
0.000061
0.004209
0.024315
0.039505
0.085063
0.004773
0.000429
0.000026
0.000036
0.003969
0.084064
0.000048
0.040059
0.004057
0.028125
0.000731
0.081601
0.000071
0.000063
0.004068
0.002802
0.001041
0.085353
0.000807
0.000055
0.000793
0.037517
0.000043
0.000033
0.002900
0.000004
0.002879
0.019775
0.022648
0.000800
0.000018
0.085629
0.274552
0.076899
0.000906
0.002943
0.080522
0.000469
0.000029
0.123350
0.000121
0.000407
0.023010
0.038670
0.000510
0.038924
0.084406
0.000004
0.002911
0.078258
0.086906
0.002913
0.000656
0.000027
0.023299
0.000002
0.004141
0.000056
0.023003
0.000644
0.021841
0.000947
0.002873
0.002926
0.000073
0.000571
0.000001
0.000024
0.000025
0.000792
0.089765
0.000537
0.039920
0.084419
0.000064
0.002835
0.079102
0.000797
0.002889
0.023122
0.081038
0.000899
0.000868
0.000001
0.000041
0.000063
0.080855
0.004089
0.002896
0.000056
0.004026
0.000038
0.004014
0.000033
0.005005
0.022676
0.022872
0.002948
0.002922
0.002969
0.075065
0.000031
0.000473
0.000420
0.000845
0.022617
0.080571
0.000002
0.000025
0.075350
0.002957
0.000067
0.037402
0.002872
0.000646
0.078529
0.000430
0.077343
0.002950
0.022940
0.000026
0.040109
0.000069
0.000025
0.037237
0.000924
0.000035
0.000840
0.000430
0.022761
0.078324
0.002865
0.000402
0.000422
0.000443
0.082012
0.023433
0.000419
0.003390
0.000811
0.023464
0.079176
0.000103
0.080963
0.000009
0.072293
0.000449
0.000035
0.000023
0.003825
0.000002
0.002892
0.000103
0.000064
0.077524
0.000048
0.000359
0.000363
0.024551
0.000001
0.040694
0.000836
0.004079
0.000074
0.000104
0.000002
0.079287
0.003032
0.022942
0.000032
0.081241
0.000478
0.005300
0.002883
0.000096
0.022873
0.002920
0.005077
0.040856
0.000089
0.000027
0.000097
0.000063
0.078337
0.074251
0.000004
0.002989
0.000035
0.084190
0.000003
0.000001
0.074839
0.000060
0.083325
0.004003
0.023499
0.000116
0.000023
0.074647
0.088544
0.002937
0.076577
0.000949
0.077848
0.000038
0.001280
0.000527
0.000147
0.081062
0.024541
0.005451
0.073260
0.000036
0.000489
0.038259
0.004139
0.000801
0.023719
0.002938
0.000512
0.000066
0.002916
0.072929
0.040869
0.074605
0.086121
0.083040
0.000451
0.000008
0.003975
0.343618
0.000558
0.000002
0.082687
0.076247
0.000267
0.000016
0.000380
0.040184
0.000027
0.000059
0.023408
0.082994
0.002890
0.075662
0.000002
0.002885
0.023622
0.003721
0.000097
0.079923
0.002903
0.077541
0.000002
0.000039
0.000044
0.000429
0.000476
0.079848
0.000880
0.002949
0.000967
0.023326
0.000102
0.004111
0.080761
0.284656
0.000002
0.075406
0.233802
0.000002
0.002953
0.022741
0.082660
0.000067
0.002147
0.000971
0.000103
0.000034
0.081829
0.007000
0.000971
0.000003
0.037585
0.022828
0.004040
0.083957
0.000816
0.022745
0.000069
0.000389
0.000971
0.078338
0.000022
0.000034
0.080744
0.002913
0.000071
0.000795
0.075246
0.000003
0.000100
0.038364
0.000427
0.002919
0.002898
0.002896
0.000030
0.000035
0.000462
0.000035
0.000000
0.075968
0.000030
0.086355
0.081056
0.003004
0.000807
0.249219
0.078258
0.002905
0.022806
0.000385
0.078399
0.004517
0.022735
0.004081
0.000016
0.000925
0.000001
0.004126
0.079117
0.000041
0.003033
0.023133
0.000048
0.072832
0.040343
0.000025
0.000065
0.038599
0.000033
0.236311
0.074793
0.000006
0.000548
0.000092
0.000060
0.229172
0.000087
0.022839
0.083744
0.024455
0.000002
0.084423
0.080246
0.077826
0.002946
0.023232
0.081186
0.000047
0.086945
0.000897
0.037287
0.023517
0.002891
0.040948
0.002901
0.000940
0.008350
0.038010
0.000069
0.000575
0.080393
0.000056
0.004176
0.077771
0.000002
0.004109
0.000066
0.081286
0.000031
0.000026
0.040834
0.023320
0.000535
0.078786
0.080262
0.082141
0.023403
0.087777
0.081394
0.023280
0.000066
0.002773
0.080674
0.079198
0.023165
0.077732
0.000950
0.079831
0.004931
0.000072
0.000449
0.003000
0.000005
0.000128
0.000063
0.037428
0.002933
0.000161
0.000394
0.000040
0.002924
0.000057
0.000126
0.000394
0.005971
0.000325
0.000031
0.037440
0.077137
0.081674
0.024363
0.000002
0.037537
0.000551
0.000001
0.002896
0.037521
0.023394
0.000428
0.000428
0.000003
0.000002
0.084579
0.000024
0.002921
0.082765
0.000477
0.000847
0.078771
0.000784
0.038858
0.082471
0.022708
0.002885
0.002996
0.000992
0.002834
0.004074
0.002940
0.000002
0.079923
0.000802
0.083787
0.002893
0.020165
0.000042
0.000516
0.000001
0.000447
0.002922
0.039035
0.083657
0.004217
0.083046
0.004498
0.002920
0.000837
0.000039
0.000098
0.002095
0.022954
0.000750
0.000066
0.000027
0.000916
0.000857
0.003965
0.000752
0.078461
0.000827
0.077407
0.000121
0.000129
0.037643
0.038266
0.081161
0.000055
0.003683
0.000967
0.000035
0.002898
0.079703
0.080389
0.000843
0.000071
0.076371
0.040517
0.090543
0.236688
0.002917
0.000027
0.039979
0.000038
0.075738
0.037459
0.000765
0.022779
0.000138
0.002942
0.000331
0.003060
0.000793
0.002955
0.271971
0.000059
0.000035
0.002859
0.078781
0.003073
0.004307
0.000133
0.080752
0.038739
0.004258
0.000464
0.082186
0.000473
0.000029
0.000001
0.000069
0.000047
0.081930
0.000025
0.000284
0.002853
0.075086
0.000001
0.007088
0.000036
0.091049
0.083470
0.080725
0.000067
0.000030
0.019707
0.038660
0.000005
0.078305
0.002960
0.000077
0.000150
0.037573
0.002900
0.000458
0.238740
0.000026
0.000378
0.037492
0.004053
0.078619
0.037354
0.000023
0.000061
0.037484
0.268846
0.024584
0.002888
0.000030
0.081498
0.080780
0.002718
0.002894
0.079242
0.002940
0.002871
0.038234
0.000009
0.000925
0.004072
0.000833
0.000829
0.000786
0.000802
0.002874
0.078413
0.004196
0.002916
0.001073
0.002896
0.022415
0.000749
0.000856
0.075005
0.000118
0.000079
0.000443
0.080565
0.037417
0.002964
0.000026
0.000893
0.000810
0.000561
0.000501
0.000471
0.000374
0.079118
0.237042
0.023246
0.002894
0.000947
0.038869
0.000086
0.000008
0.000031
0.000262
0.000001
0.038283
0.000948
0.000858
0.002885
0.004064
0.000493
0.000665
0.000002
0.000033
0.000897
0.003698
0.004101
0.039295
0.000125
0.023188
0.024307
0.000865
0.038564
0.078274
0.004096
0.000564
0.073438
0.000787
0.005164
0.003969
0.002941
0.027027
0.040473
0.000913
0.085691
0.023196
0.000530
0.002940
0.000398
0.000734
0.040508
0.000121
0.000054
0.000022
0.000361
0.000026
0.040131
0.085206
0.000511
0.006166
0.079985
0.081494
0.022681
0.000004
0.000971
0.000356
0.000063
0.000101
0.026696
0.081365
0.027111
0.002876
0.002954
0.000821
0.003009
0.037318
0.000033
0.084705
0.081906
0.000837
0.000451
0.002966
0.078005
0.000477
0.000169
0.000059
0.037489
0.081754
0.023388
0.000543
0.000876
0.000977
0.000002
0.038791
0.000808
0.000981
0.000618
0.000001
0.000063
0.004141
0.023505
0.002853
0.022965
0.000021
0.038398
0.077733
0.002852
0.000038
0.038341
0.002960
0.000464
0.000395
0.000003
0.003424
0.022868
0.040072
0.000034
0.000000
0.000514
0.000893
0.001828
0.000002
0.037613
0.002990
0.023074
0.000414
0.000032
0.038683
0.000904
0.000057
0.077216
0.004071
0.000041
0.023608
0.000090
0.081320
0.072721
0.004165
0.240239
0.002902
0.024592
0.003543
0.082671
0.004670
0.000605
0.000107
0.073970
0.000129
0.000035
0.000095
0.000032
0.037606
0.000009
0.294138
0.000385
0.040936
0.082547
0.079606
0.079531
0.038907
0.000044
0.038805
0.074333
0.024293
0.084915
0.000103
0.000029
0.000076
0.237150
0.227376
0.000101
0.003992
0.000766
0.040058
0.080734
0.079276
0.000037
0.082335
0.077946
0.000059
0.000804
0.000024
0.002967
0.000470
0.004914
0.000476
0.000045
0.002871
0.000509
0.004009
0.037834
0.004013
0.002968
0.000024
0.000391
0.000877
0.000837
0.005099
0.078943
0.000809
0.000003
0.000034
0.000981
0.001034
0.077714
0.084149
0.000002
0.000914
0.091554
0.000120
0.000030
0.080851
0.000973
0.000067
0.002795
0.003999
0.000017
0.023317
0.000439
0.000031
0.003044
0.001267
0.000030
0.037666
0.072731
0.000049
0.081277
0.040031
0.003683
0.003484
0.087311
0.000178
0.000027
0.022763
0.000087
0.037154
0.024365
0.000033
0.000031
0.004080
0.079203
0.038437
0.000059
0.000904
0.022868
0.000480
0.000420
0.000510
0.002903
0.000025
0.075168
0.004106
0.000422
0.000824
0.000843
0.000478
0.078255
0.000032
0.022781
0.086470
0.000030
0.000163
0.040508
0.085730
0.000453
0.002898
0.002893
0.000001
0.004027
0.000422
0.081829
0.037149
0.000058
0.000046
0.000093
0.030590
0.000775
0.000726
0.038378
0.000023
0.000052
0.002945
0.001847
0.000003
0.072799
0.083886
0.080639
0.000067
0.000000
0.000045
0.004849
0.000061
0.000081
0.000067
0.078728
0.084813
0.080635
0.003011
0.081450
0.023114
0.075798
0.003985
0.038355
0.004065
0.000024
0.077118
0.000800
0.000035
0.002932
0.000001
0.000023
0.002923
0.000001
0.000939
0.072792
0.000404
0.000039
0.000421
0.000408
0.000914
0.000784
0.000104
0.000032
0.082013
0.004041
0.000168
0.084280
0.082780
0.000034
0.000002
0.004936
0.000346
0.000023
0.000691
0.037852
0.000127
0.079178
0.080761
0.000023
0.076198
0.037668
0.000028
0.000761
0.000656
0.000105
0.075378
0.000491
0.023114
0.088295
0.037694
0.002839
0.000024
0.037495
0.037706
0.003676
0.000041
0.000035
0.000387
0.000090
0.083864
0.000438
0.000002
0.026949
0.000078
0.040144
0.002892
0.000900
0.000038
0.038364
0.000032
0.000001
0.002858
0.000028
0.080439
0.000034
0.086428
0.023210
0.000491
0.038748
0.088745
0.078120
0.077897
0.000831
0.002892
0.078128
0.004695
0.022800
0.002970
0.002796
0.002910
0.002843
0.080992
0.000022
0.000023
0.000000
0.000060
0.002854
0.000420
0.000449
0.089239
0.000409
0.000456
0.037470
0.000427
0.004099
0.038628
0.000045
0.000980
0.000982
0.000359
0.080121
0.000038
0.000840
0.000032
0.001658
0.000060
0.002869
0.000840
0.000029
0.000904
0.000742
0.002994
0.000099
0.003753
0.080626
0.006673
0.037835
0.002830
0.000431
0.028358
0.005170
0.004262
0.000504
0.080276
0.010202
0.000006
0.000081
0.023649
0.000129
0.000054
0.022624
0.000419
0.000850
0.000570
0.000828
0.076195
0.000027
0.000530
0.000002
0.000155
0.004023
0.002898
0.000068
0.000903
0.000098
0.000654
0.073507
0.000032
0.002877
0.000040
0.077321
0.023426
0.038327
0.002886
0.004925
0.022871
0.000885
0.239427
0.037429
0.087011
0.005249
0.002815
0.002762
0.000138
0.002918
0.002866
0.000003
0.000068
0.002990
0.000597
0.003986
0.000448
0.074229
0.026122
0.037205
0.074632
0.002898
0.000164
0.040105
0.000859
0.000364
0.000496
0.284233
0.000067
0.000856
0.000343
0.000961
0.037472
0.000764
0.083547
0.000100
0.000881
0.022739
0.000849
0.000954
0.000981
0.077434
0.023230
0.002866
0.039192
0.083811
0.000428
0.000033
0.037255
0.084395
0.000068
0.000052
0.038844
0.000849
0.003755
0.079041
0.078131
0.002826
0.000904
0.037741
0.000931
0.000942
0.004148
0.004290
0.000210
0.000738
0.002836
0.075643
0.002885
0.000001
0.084865
0.003022
0.082240
0.002955
0.003787
0.082035
0.002930
0.080991
0.039571
0.028259
0.077470
0.000002
0.000480
0.077654
0.000335
0.002910
0.004584
0.000034
0.000986
0.077496
0.001033
0.000039
0.000032
0.002846
0.002961
0.000026
0.000395
0.002917
0.085816
0.000030
0.000000
0.000128
0.002783
0.000002
0.000016
0.000513
0.080694
0.083701
0.000101
0.000489
0.000384
0.000380
0.000161
0.020259
0.000118
0.086564
0.000891
0.000025
0.000486
0.037772
0.000991
0.079826
0.000004
0.075487
0.000070
0.000504
0.000046
0.000027
0.037656
0.038763
0.000031
0.002893
0.000378
0.039349
0.002976
0.000058
0.004071
0.000434
0.000009
0.000232
0.080627
0.000232
0.083340
0.000039
0.000207
0.029712
0.073118
0.004001
0.002943
0.000002
0.000044
0.000298
0.039555
0.000860
0.000001
0.000428
0.000001
0.000887
0.040209
0.085776
0.040583
0.022679
0.002860
0.000873
0.083758
0.000410
0.000565
0.000006
0.000065
0.275584
0.000041
0.040003
0.002893
0.000806
0.000023
0.000131
0.000039
0.000132
0.000150
0.000000
0.000058
0.000190
0.000189
0.000000
0.030289
0.004000
0.083902
0.079947
0.000001
0.004104
0.083924
0.002927
0.000026
0.037203
0.000038
0.000665
0.002903
0.074655
0.000181
0.000037
0.000477
0.003901
0.076641
0.075377
0.079466
0.000031
0.000034
0.077010
0.081306
0.004562
0.040192
0.000858
0.035710
0.000493
0.000002
0.083282
0.000927
0.000031
0.080124
0.000066
0.000050
0.000368
0.000860
0.000047
0.002937
0.022894
0.039400
0.000138
0.037903
0.000539
0.004011
0.000432
0.000026
0.000444
0.000866
0.073437
0.000102
0.000899
0.005616
0.003939
0.000074
0.002812
0.002983
0.000041
0.000177
0.000440
0.088393
0.000133
0.000030
0.000458
0.023527
0.000813
0.000062
0.027089
0.000029
0.000045
0.082123
0.038567
0.084049
0.076604
0.000044
0.000845
0.040022
0.002875
0.076382
0.000416
0.000965
0.000865
0.084062
0.165191
0.000861
0.002958
0.003921
0.000060
0.000924
0.000881
0.072684
0.037280
0.079544
0.040543
0.004072
0.080935
0.000964
0.000048
0.080562
0.026987
0.000000
0.000591
0.000134
0.077682
0.077947
0.002974
0.037406
0.039380
0.002854
0.000422
0.306419
0.004047
0.002797
0.000030
0.000056
0.000733
0.004697
0.030809
0.000058
0.081530
0.000417
0.073056
0.000924
0.077862
0.023052
0.000951
0.038781
0.004053
0.080627
0.083300
0.000005
0.000597
0.080701
0.000028
0.000519
0.000922
0.037978
0.020255
0.000001
0.004214
0.000122
0.004979
0.074256
0.000001
0.002901
0.000045
0.028520
0.000125
0.037613
0.077923
0.000131
0.088688
0.000070
0.080402
0.000961
0.091912
0.078336
0.024638
0.023112
0.001971
0.083557
0.093516
0.000028
0.000003
0.002947
0.080978
0.000002
0.000599
0.038337
0.002916
0.022901
0.091928
0.000038
0.002884
0.000027
2.015940
0.000918
0.002887
0.279915
0.000031
0.000002
0.298861
0.032066
0.000026
0.023362
0.002893
0.078202
0.004012
0.000034
0.039492
0.078366
0.000086
0.000081
0.003727
0.000036
0.005053
0.082222
0.000014
0.084981
0.022809
0.000413
0.000478
0.002897
0.000029
0.000487
0.000785
0.022866
0.004000
0.000060
0.023366
0.000055
0.000003
0.080128
0.038436
0.002959
0.282731
0.000072
0.000088
0.000411
0.000005
0.000447
0.000356
0.083220
0.000037
0.073408
0.000064
0.037905
0.022935
0.001921
0.038354
0.000903
0.000932
0.000921
0.022925
0.074901
0.002958
0.037393
0.080416
0.077406
0.000059
0.000039
0.077241
0.000101
0.030928
0.000745
0.038447
0.039671
0.076768
0.022983
0.233367
0.037554
0.000031
0.004033
0.079776
0.000367
0.000024
0.038392
0.004656
0.003489
0.000002
0.029437
0.040050
0.040177
0.000486
0.002940
0.072318
0.079506
0.080331
0.000071
0.002938
0.000036
0.000324
0.000158
0.000854
0.038744
0.000394
0.038930
0.002888
0.000034
0.085192
0.000857
0.002960
0.000969
0.022757
0.040874
0.022980
0.075269
0.022879
0.000033
0.000416
0.003906
0.000420
0.000195
0.083360
0.030800
0.075732
0.000955
0.040670
0.084376
0.000451
0.000033
0.000763
0.000034
0.002948
0.000890
0.038575
0.000876
0.000002
0.000816
0.083515
0.000959
0.004904
0.000862
0.000434
0.004025
0.079647
0.028180
0.000060
0.000038
0.002892
0.000006
0.073115
0.000854
0.000837
0.030585
0.000027
0.000111
0.000055
0.000508
0.002924
0.002819
0.037905
0.038395
0.000091
0.002962
0.002966
0.004793
0.000372
0.000520
0.079367
0.080436
0.037648
0.000054
0.000012
0.002872
0.000549
0.000026
0.000066
0.082346
0.000037
0.000794
0.002911
0.002946
0.002861
0.000047
0.004050
0.000127
0.000734
0.002758
0.000520
0.002975
0.000002
0.001180
0.000420
0.000040
0.023587
0.000035
0.002912
0.038756
0.000036
0.000074
0.037478
0.037588
0.000030
0.000275
0.000449
0.000481
0.079350
0.082387
0.076538
0.022963
0.000027
0.000023
0.000810
0.039317
0.002878
0.000023
0.000966
0.080651
0.003024
0.004341
0.000770
0.078189
0.000107
0.004384
0.002927
0.083021
0.037564
0.000935
0.006595
0.000026
0.040068
0.000327
0.000028
0.079428
0.022812
0.000860
0.002874
0.000031
0.084304
0.076271
0.000063
0.000379
0.000121
0.038895
0.078645
0.037332
0.040105
0.000114
0.000106
0.004025
0.000129
0.000057
0.079500
0.005251
0.000118
0.000107
0.003012
0.002802
0.000001
0.003923
0.000192
0.000097
0.000435
0.000100
0.081355
0.000042
0.000818
0.038624
0.022995
0.000518
0.003859
0.000072
0.002885
0.000027
0.092003
0.081708
0.023276
0.000427
0.037871
0.038428
0.073229
0.001212
0.000296
0.001934
0.023055
0.000407
0.000032
0.000062
0.000844
0.000023
0.000002
0.000344
0.000333
0.000471
0.000287
0.022745
0.000361
0.004055
0.000015
0.000035
0.041026
0.005337
0.000311
0.000424
0.080069
0.005457
0.078444
0.000458
0.082863
0.002896
0.000038
0.006496
0.000852
0.000331
0.037825
0.002968
0.076920
0.000327
0.000460
0.000070
0.000396
0.000384
0.000930
0.083578
0.039311
0.024128
0.000414
0.000576
0.000384
0.000351
0.000462
0.000387
0.000430
0.000020
0.019784
0.000187
0.000040
0.000499
0.001061
0.000031
0.076950
0.040890
0.004080
0.022755
0.290670
0.000083
0.000060
0.000408
0.000047
0.000028
0.000003
0.081086
0.317352
0.000066
0.002862
0.002902
0.004051
0.004537
0.076381
0.000073
0.000118
0.000130
0.000075
0.000770
0.073121
0.086951
0.023317
0.010454
0.000852
0.000990
0.000424
0.083405
0.002919
0.023349
0.002911
0.022734
0.000962
0.078928
0.000572
0.080107
0.000031
0.039461
0.000475
0.000043
0.002933
0.039910
0.022825
0.004085
0.002859
0.002884
0.002862
0.000099
0.000581
0.000480
0.000001
0.000165
0.000722
0.000909
0.000586
0.000002
0.079708
0.000120
0.000029
0.000157
0.000736
0.086216
0.000045
0.000036
0.073697
0.000000
0.074764
0.080500
0.000387
0.075026
0.037706
0.004068
0.000815
0.000367
0.000002
0.079010
0.022466
0.072896
0.082463
0.000473
0.040038
0.002877
0.000006
0.000897
0.000055
0.037774
0.002883
0.074896
0.002870
0.000181
0.000033
0.078563
0.002137
0.000121
0.002914
0.000376
0.000028
0.000034
0.031149
0.000037
0.083589
0.002872
0.000001
0.002909
0.000032
0.004232
0.000821
0.000547
0.074127
0.026422
0.022636
0.002862
0.000445
0.003955
0.001210
0.079847
0.020722
0.000002
0.000002
0.009270
0.086525
0.039658
0.076532
0.039439
0.000394
0.079779
0.000065
0.037885
0.000038
0.077328
0.077935
0.084035
0.085769
0.000015
0.000027
0.004033
0.002924
0.023626
0.041066
0.080929
0.022841
0.004078
0.000387
0.000942
0.037466
0.000025
0.006235
0.002974
0.000010
0.000435
0.033747
0.088178
0.000480
0.092318
0.002895
0.000483
0.000863
0.000034
0.000815
0.079224
0.002878
0.000773
0.002844
0.000028
0.002897
0.004472
0.000030
0.024544
0.000038
0.002899
0.000001
0.000168
0.000039
0.000337
0.000033
0.074391
0.076834
0.081681
0.004819
0.000004
0.023324
0.084740
0.086071
0.074836
0.038739
0.000122
0.000089
0.000137
0.000102
0.040997
0.000001
0.072504
0.084609
0.000235
0.082063
0.004005
0.000072
0.000001
0.022605
0.023467
0.024488
0.002973
0.000115
0.000366
0.000321
0.000416
0.090427
0.081885
0.000036
0.079985
0.000068
0.004076
0.000830
0.022971
0.086518
1.412986
0.000042
0.074953
0.022938
0.000406
0.002996
0.001018
0.000023
0.001001
0.002885
0.000087
0.002903
0.002848
0.004161
0.000512
0.000129
0.000028
0.002981
0.002954
0.023447
0.040633
0.078563
0.002825
0.000369
0.004084
0.000067
0.080648
0.072490
0.087264
0.079357
0.000153
0.000028
1.094843
0.003973
0.081249
0.076916
0.000864
0.000805
0.000800
0.000002
0.000115
0.079711
0.006833
0.082005
0.084853
0.000000
0.081134
0.000049
0.081933
0.000050
0.000116
0.040259
0.002921
0.000166
0.002947
0.000571
0.079971
0.000065
0.000126
0.076877
0.030920
0.000040
0.078650
0.004072
0.022692
0.002930
0.003912
0.033522
0.090706
0.000221
0.000891
0.000028
0.002937
0.000935
0.304548
0.000865
0.000023
0.001006
0.037873
0.038377
0.022801
0.022819
0.000435
0.000001
0.002823
0.083577
0.000456
0.000030
0.009484
0.003066
0.000041
0.000440
0.000091
0.002889
0.000498
0.000038
0.003990
0.004606
0.000034
0.078415
0.007191
0.000034
0.000539
0.073883
0.000868
0.000065
0.000584
0.000415
0.004953
0.090717
0.004013
0.000001
0.024413
0.000763
0.000780
0.000870
0.000071
0.000840
0.000673
0.080673
0.000131
0.000105
0.022781
0.000007
0.079935
0.000421
0.000797
0.000808
0.072655
0.080137
0.000031
0.000033
0.000726
0.004351
0.000110
0.077796
0.038325
0.002859
0.000022
0.008718
0.000077
0.000057
0.000473
0.000721
0.000019
0.083493
0.004100
0.000095
0.084635
0.241469
0.000794
0.003278
0.004049
0.000187
0.084587
0.040779
0.005040
0.000800
0.000695
0.000864
0.002877
0.000837
0.078139
0.000048
0.001006
0.002951
0.002940
0.000487
0.078237
0.002852
0.080656
0.000513
0.002891
0.000032
0.000024
0.002912
0.002965
0.000057
0.002893
0.000031
0.037325
0.011108
0.077405
0.087700
0.002959
0.000032
0.002922
0.002933
0.004039
0.237507
0.037817
0.000003
0.002837
0.003831
0.037374
0.000003
0.040110
0.082558
0.000019
0.027294
0.000051
0.312298
0.000039
0.000002
0.001064
0.000853
0.000380
0.078594
0.038026
0.000043
0.086221
0.000003
0.000444
0.002829
0.000001
0.002835
0.002819
0.080695
0.002871
0.000070
0.000475
0.000377
0.084563
0.073009
0.000786
0.082691
0.000723
0.000801
0.076863
0.000073
0.040440
0.072081
0.294182
0.082338
0.037434
0.000002
0.037668
0.084082
0.000915
0.000433
0.087137
0.037636
0.000032
0.000003
0.000090
0.072191
0.000514
0.004304
0.000032
0.000912
0.022765
0.087286
0.002998
0.037616
0.023095
0.000787
0.001118
0.002910
0.080577
0.040736
0.000111
0.000843
0.076050
0.002915
0.000783
0.000485
0.000849
0.000025
0.074392
0.001345
0.004117
0.004758
0.000837
0.082407
0.079270
0.003951
0.082095
0.079447
0.000870
0.000071
0.000443
0.083777
0.020519
0.002821
0.075456
0.083585
0.040126
0.000152
0.002952
0.000065
0.040233
0.000856
0.000455
0.282460
0.080476
0.000002
0.000466
0.000442
0.000030
0.000041
0.000385
0.000731
0.004928
0.004257
0.000475
0.000436
0.000002
0.023405
0.023338
0.023145
0.090369
0.038339
0.000726
0.000002
0.076406
0.079165
0.003035
0.000908
0.000006
0.000973
0.000126
0.000032
0.000865
0.022781
0.037641
0.000740
0.000109
0.004050
0.002961
0.024647
0.000745
0.037566
0.000129
0.000036
0.000455
0.000104
0.000050
0.000110
0.082459
0.037789
0.004044
0.000001
0.037697
0.077201
0.022980
0.002939
0.000135
0.002904
0.002960
0.000003
0.000003
0.000001
0.001392
0.028438
0.038673
0.078515
0.000163
0.076489
0.084475
0.000132
0.079623
0.077047
0.003018
0.023268
0.024675
0.084496
0.039883
0.023380
0.002908
0.002958
0.000402
0.000892
0.002924
0.000035
0.000002
0.000659
0.000003
0.001920
0.037574
0.000072
0.000468
0.001791
0.077428
0.000483
0.002960
0.040471
0.076289
0.001820
0.000750
0.080039
0.000499
0.038963
0.000497
0.078720
0.038111
0.002849
0.004217
0.003363
0.000993
0.000844
0.022876
0.026211
0.000961
0.000038
0.000061
0.000036
0.000046
0.000022
0.022944
0.000866
0.000914
0.081765
0.002888
0.002911
0.023211
0.000442
0.000483
0.000409
0.000085
0.000482
0.000033
0.004967
0.000056
0.001153
0.000457
0.000503
0.000537
0.000468
0.002867
0.000347
0.002912
0.000796
0.000371
0.023233
0.005138
0.029410
0.000414
0.000002
0.000404
0.081529
0.080909
0.037545
0.000426
0.000471
0.000499
0.002931
0.000036
0.023473
0.000497
0.080063
0.231810
0.000388
0.075837
0.002906
0.000401
0.000961
0.002874
0.000793
0.002895
0.088922
0.000061
0.000063
0.000496
0.000115
0.005130
0.000093
0.086075
0.000040
0.079373
0.000021
0.003998
0.082144
0.074986
0.000001
0.000479
0.000101
0.000111
0.000109
0.039667
0.004871
0.000855
0.004009
0.084451
0.005327
0.000840
0.023250
0.002859
0.000028
0.000359
0.080156
0.000103
0.003003
0.000430
0.000878
0.000747
0.000114
0.023079
0.000771
0.080563
0.080608
0.040126
0.000484
0.002869
0.000019
0.000031
0.038535
0.002961
0.003046
0.000013
0.037860
0.004218
0.004077
0.003022
0.004665
0.000003
0.024282
0.000463
0.000193
0.038570
0.039968
0.002889
0.000058
0.000372
0.000044
0.005023
0.024518
0.004034
0.003919
0.000213
0.006084
0.080081
0.080676
0.039058
0.000735
0.000832
0.084359
0.000745
0.000937
0.000918
0.022751
0.000073
0.003421
0.002905
0.000029
0.000002
0.000032
0.083694
0.034491
0.078240
0.000106
0.000129
0.000794
0.077419
0.000332
0.082096
0.000577
0.230914
0.000181
0.037572
0.000069
0.039492
0.075872
0.022753
0.000735
0.000829
0.002793
0.023077
0.074795
0.004406
0.000025
0.037807
0.081364
0.077788
0.000489
0.000025
0.000097
0.079842
0.040274
0.002865
0.000005
0.002982
0.000108
0.235596
0.000805
0.003981
0.082352
0.000096
0.000019
0.000068
0.092443
0.023186
0.078750
0.002910
0.000489
0.000816
0.022798
0.000035
0.000878
0.086552
0.000715
0.078288
0.000128
0.000885
0.083043
0.002862
0.000072
0.000001
0.000784
0.022807
0.000046
0.022960
0.000075
0.075142
0.081195
0.000153
0.080542
0.000045
0.000859
0.000501
0.037727
0.004043
0.000040
0.079639
0.004557
0.000030
0.024516
0.000030
0.000065
0.080209
0.084564
0.003051
0.000151
0.000025
0.000777
0.081653
0.071064
0.037568
0.000044
0.000062
0.000051
0.038341
0.085896
0.000073
0.030782
0.080561
0.000706
0.000869
0.000037
0.000435
0.000893
0.000030
0.002852
0.000023
0.000057
0.000036
0.022913
0.000057
0.000002
0.000388
0.000425
0.023396
0.081562
0.000682
0.083000
0.000003
0.005808
0.004057
0.083862
0.002911
0.000432
0.000396
0.000940
0.000295
0.081259
0.000692
0.000013
0.077794
0.000793
0.000360
0.003955
0.000387
0.079755
0.000044
0.003996
0.222047
0.000429
0.000910
0.000815
0.000036
0.000039
0.077608
0.078710
0.000038
0.002883
0.023013
0.000397
0.000059
0.022993
0.081435
0.038519
0.077146
0.240551
0.081058
0.000110
0.037137
0.040332
0.000394
0.000054
0.000000
0.041032
0.004078
0.000437
0.000364
0.038868
0.000000
0.003064
0.000039
0.000516
0.038849
0.002903
0.000055
0.079648
0.074493
0.038727
0.022859
0.079873
0.084819
0.079417
0.000001
0.080182
0.077935
0.002867
0.037617
0.002824
0.093746
0.000096
0.000875
0.075369
0.000127
0.000139
0.000861
0.000087
0.000022
0.002855
0.002966
0.022808
0.000064
0.000946
0.000067
0.039346
0.000825
0.000905
0.020580
0.000572
0.000094
0.082861
0.000039
0.000809
0.000032
0.000116
0.000002
0.000794
0.000001
0.000032
0.082730
0.022973
0.037429
0.003261
0.000029
0.079420
0.000062
0.000020
0.080979
0.000100
0.003000
0.074880
0.000037
0.000048
0.000030
0.000009
0.000105
0.000115
0.000093
0.000051
0.000065
0.081750
0.078546
0.000068
0.075067
0.000412
0.003956
0.000469
0.022086
0.000460
0.024559
0.000040
0.000045
0.040263
0.000078
0.000428
0.081167
0.000054
0.000816
0.000510
0.000126
0.002881
0.020171
0.003903
0.079947
0.000001
0.002844
0.038626
0.023352
0.004965
0.074475
0.000030
0.000916
0.038795
0.000032
0.002898
0.000031
0.000002
0.000857
0.237552
0.082949
0.000923
0.002982
0.000151
0.000770
0.000836
0.000322
0.083216
0.002830
0.000702
0.004153
0.000828
0.000020
0.000033
0.000423
0.000789
0.000026
0.000521
0.003941
0.000037
0.037362
0.000034
0.000022
0.000438
0.002878
0.002850
0.023292
0.083791
0.083724
0.000677
0.081731
0.000926
0.084182
0.040250
0.000393
0.003054
0.000907
0.000417
0.000594
0.244823
0.024529
0.000797
0.078091
0.000465
0.000002
0.000053
0.001027
0.002903
0.000039
0.000002
0.000095
0.038352
0.000119
0.007566
0.002848
0.002799
0.000920
0.000950
0.000817
0.000843
0.000818
0.002902
0.000034
0.037773
0.000033
0.037365
0.082142
0.075470
0.000032
0.037705
0.000045
0.040990
0.000001
0.000057
0.000044
0.004215
0.037701
0.000032
0.078474
0.000843
0.004107
0.027601
0.000033
0.000876
0.002858
0.038659
0.000872
0.000000
0.000160
0.000009
0.000001
0.000333
0.000158
0.000020
0.000041
0.037442
0.000002
0.023312
0.000027
0.002890
0.000933
0.000000
0.003987
0.000359
0.079169
0.037710
0.002898
0.022839
0.003975
0.000026
0.002855
0.000096
0.000073
0.000434
0.000444
0.003923
0.000384
0.040676
0.000457
0.000374
0.080763
0.000029
0.000036
0.000864
0.002961
0.000884
0.000881
0.093165
0.022812
0.000064
0.075950
0.038726
0.037957
0.000058
0.040140
0.081561
0.037459
0.000870
0.000642
0.000035
0.079546
0.000432
0.004194
0.003555
0.081220
0.003975
0.000038
0.004113
0.037380
0.002898
0.002943
0.004077
0.001493
0.037465
0.002836
0.000036
0.020171
0.077484
0.004136
0.000074
0.080678
0.001043
0.079904
0.000685
0.000025
0.000062
0.084119
0.002863
0.000519
0.001232
0.038460
0.038029
0.081712
0.023416
0.000440
0.004109
0.000036
0.079936
0.000096
0.083979
0.023113
0.004089
0.022905
0.000041
0.022819
0.003041
0.000058
0.000528
0.080083
0.001816
0.078868
0.038198
0.001053
0.000448
0.038562
0.000393
0.085093
0.002839
0.000007
0.000332
0.000489
0.037431
0.004062
0.000719
0.000060
0.000470
0.000772
0.037566
0.038914
0.002894
0.082524
0.000064
0.002941
0.003955
0.079774
0.078117
0.000071
0.000019
0.000028
0.004177
0.000897
0.081065
0.000142
0.000067
0.079452
0.000027
0.000068
0.002944
0.000047
0.078902
0.079467
0.000503
0.000011
0.022579
0.082382
0.002917
0.004661
0.000918
0.003307
0.000804
0.082067
0.039030
0.001320
0.000079
0.001023
0.081990
0.002892
0.000773
0.002913
0.003041
0.000038
0.216906
0.000124
0.037456
0.000378
0.000091
0.022954
0.004064
0.000735
0.081661
0.002757
0.004055
0.000055
0.002860
0.000046
0.000002
0.000037
0.000060
0.000140
0.000982
0.082692
0.000590
0.083426
0.004144
0.000306
0.006420
0.000002
0.000171
0.002938
0.000063
0.081006
0.022956
0.000850
0.000806
0.037971
0.000068
0.000544
0.002986
0.000058
0.002938
0.002890
0.232790
0.000402
0.005483
0.000798
0.002865
0.003936
0.004051
0.040996
0.083427
0.002850
0.004113
0.000778
0.002887
0.002868
0.080098
1.999319
0.000876
0.000348
0.000026
0.005374
0.079463
0.000033
0.037889
0.039516
0.003939
0.000001
0.000343
0.000003
0.000002
0.078926
0.002925
0.001601
0.000094
0.000039
0.077012
0.000028
0.082302
0.023086
0.031778
0.000028
0.000007
0.000124
0.003992
0.086844
0.000061
0.081083
0.000035
0.079072
0.081201
0.000758
0.076062
0.004758
0.086998
0.000762
0.002936
0.000026
0.003432
0.039774
0.000065
0.001826
0.000502
0.000130
0.000001
0.000090
0.038410
0.000038
0.002843
0.000073
0.000577
0.077123
0.040387
0.000028
0.000894
0.080650
0.000002
0.003816
0.000001
0.002876
0.232648
0.000096
0.000400
0.000448
0.040040
0.081658
0.000051
0.000002
0.000141
0.000902
0.040680
0.000448
0.039509
0.000002
0.002931
0.000042
0.000060
0.081614
0.082311
0.038584
0.081715
0.023294
0.001068
0.026296
0.040203
0.022801
0.000062
0.000967
0.000861
0.003997
0.000579
0.002919
0.000414
0.024985
0.000002
0.038502
0.074853
0.084304
0.002917
0.079004
0.079262
0.000121
0.033647
0.000003
0.000071
0.004144
0.082238
0.040267
0.039965
0.078833
0.000762
0.022856
0.002931
0.085977
0.005165
0.000028
0.001017
0.000862
0.029739
0.001084
0.039371
0.002918
0.000901
0.000837
0.091798
0.023435
0.000005
0.000854
0.000858
0.075540
0.004189
0.083810
0.000917
0.073445
0.000416
0.022643
0.000925
0.037732
0.000001
0.000762
0.237969
0.000480
0.023370
0.081415
0.000482
0.003078
0.084373
0.075236
0.000033
0.002825
0.000033
0.000441
0.000435
0.000388
0.038775
0.000003
0.000132
0.002877
0.000840
0.000430
0.000016
0.000689
0.000080
0.000816
0.000002
0.002953
0.078337
0.000814
0.002816
0.020187
0.000478
0.001465
0.078677
0.000842
0.002849
0.004119
0.000439
0.000034
0.001056
0.000748
0.000965
0.020274
0.075834
0.002925
0.004136
0.230482
0.002987
0.085913
0.000001
0.000136
0.000038
0.002946
0.040922
0.038817
0.000123
0.022580
0.000886
0.080944
0.001015
0.000022
0.039795
0.002854
0.000545
0.000480
0.039302
0.000081
0.000103
0.075889
0.004887
0.076507
0.000061
0.040083
0.002841
0.000066
0.000389
0.000747
0.000892
0.023042
0.089407
0.000386
0.075014
0.000906
0.075457
0.000819
0.022760
0.000364
0.000043
0.039466
0.000743
0.000004
0.027001
0.000840
0.001884
0.083652
0.079476
0.077724
0.082915
0.004038
0.000001
0.002919
0.075876
0.085616
0.037302
0.023096
0.000959
0.002884
0.002837
0.002831
0.000802
0.087853
0.000002
0.000034
0.028416
0.000096
0.075413
0.002906
0.000055
0.002880
0.076656
0.079523
0.000011
0.023011
0.000855
0.023122
0.004068
0.000655
0.000770
0.000002
0.000064
0.000063
0.000737
0.000066
0.080573
0.000939
0.000027
0.037765
0.000388
0.000963
0.000411
0.079803
0.000032
0.002970
0.077861
0.002945
0.000067
0.004025
0.002819
0.077598
0.000094
0.082769
0.000037
0.000093
0.003982
0.000065
0.000032
0.002887
0.000130
0.000002
0.000507
0.004575
0.163445
0.002843
0.000382
0.023225
0.002813
0.002960
0.000828
0.000035
0.075459
0.000002
0.077831
0.000067
0.037704
0.000070
0.004920
0.023287
0.003025
0.038426
0.000428
0.083910
0.039949
0.042863
0.003013
0.076848
0.004982
0.084438
0.004810
0.000024
0.000058
0.079882
0.000876
0.000519
0.000027
0.082022
0.002868
0.000031
0.000037
0.002928
0.001372
0.004979
0.000403
0.000474
0.000674
0.000415
0.000039
0.000468
0.073151
0.000002
0.000005
0.040276
0.000066
0.000969
0.000934
0.029850
0.002836
0.040406
0.000750
0.000733
0.000007
0.000002
0.006493
0.073458
0.000000
0.002887
0.002848
0.078431
0.037608
0.004410
0.002813
0.000002
0.000495
0.075204
0.000022
0.000067
0.002893
0.000028
0.000527
0.001107
0.002796
0.004019
0.000024
0.000022
0.004113
0.024520
0.000522
0.000099
0.037782
0.000426
0.037747
0.028212
0.000048
0.082969
0.086724
0.083486
0.000099
0.002920
0.072192
0.000059
0.002889
0.004938
0.002859
0.023066
0.000386
0.240268
0.022822
0.000034
0.000064
0.000038
0.001464
0.037692
0.087161
0.000047
0.000837
0.085839
0.005206
0.004999
0.000002
0.080883
0.000065
0.023119
0.000828
0.025239
0.082246
0.080728
0.000073
0.002924
0.000428
0.000320
0.000032
0.000067
0.004202
0.000156
0.077480
0.000031
0.002867
0.000036
0.040217
0.079936
0.003012
0.004590
0.084064
0.000747
0.037773
0.002891
0.022868
0.077918
0.037791
0.084092
0.000042
0.081860
0.000462
0.000021
0.039443
0.000030
0.000373
0.000096
0.000131
0.002889
0.082086
0.000002
0.000432
0.002974
0.000002
0.000037
0.075180
0.000067
0.003197
0.000131
0.078572
0.000001
0.037239
0.000005
0.022980
0.002954
0.082142
0.001197
0.004185
0.076592
0.086990
0.000013
0.077576
0.002940
0.079252
0.004124
0.000051
0.000873
0.040805
0.038956
0.037760
0.000056
0.096910
0.000970
0.000770
0.000542
0.003942
0.000544
0.000930
0.000776
0.002847
0.000726
0.000917
0.000683
0.000804
0.082111
0.022354
0.000962
0.071703
0.000508
0.000920
0.000892
0.000774
0.079390
0.081375
0.000105
0.000002
0.004026
0.078023
0.001019
0.000091
0.004067
0.000287
0.032425
0.000805
0.000880
0.000483
0.003119
0.038017
0.003522
0.000922
0.082163
0.003953
0.000032
0.082979
0.003926
0.075980
0.079761
0.000069
0.071571
0.082062
0.000033
0.087261
0.001085
0.000476
0.023115
0.242353
0.087001
0.022439
0.023002
0.000474
0.000441
0.039395
0.261605
0.002993
0.002846
0.000551
0.000036
0.000874
0.024572
0.002882
0.003252
0.000002
0.000089
0.002848
0.023268
0.079729
0.000001
0.000001
0.004718
0.077465
0.081411
0.000021
0.000474
0.087467
0.000367
0.004066
0.002810
0.000662
0.000042
0.000824
0.002900
0.004068
0.000026
0.002899
0.000034
0.000115
0.086308
0.000028
0.002911
0.231065
0.023002
0.082573
0.040613
0.004709
0.076236
0.023174
0.000431
0.002992
0.000038
0.077305
0.040080
0.000026
0.082795
0.000490
0.002928
0.022430
0.000780
0.000073
0.077282
0.000001
0.037243
0.000024
0.002903
0.023504
0.000001
0.000068
0.079810
0.000022
0.095122
0.024407
0.022787
0.000700
0.038902
0.000750
0.000072
0.003008
0.040831
0.000871
0.000068
0.007638
0.000023
0.004146
0.000804
0.000402
0.000435
0.004002
0.002930
0.087069
0.002949
0.002906
0.000074
0.023589
0.000887
1.014032
0.000144
0.001347
0.000671
0.000779
0.000762
0.026088
0.000002
0.000788
0.000035
0.003964
0.002961
0.077429
0.022712
0.003014
0.000002
0.002868
0.002858
0.000002
0.000815
0.000851
0.000061
0.001144
0.004017
0.000909
0.002855
0.030983
0.000929
0.000086
0.000054
0.000831
0.023097
0.000901
0.000037
0.000880
0.000517
0.000005
0.037970
0.000094
0.000028
0.078006
0.003246
0.082568
0.000141
0.022843
0.000026
0.040806
0.003979
0.252293
0.002889
0.000762
0.004887
0.002889
0.023098
0.000771
0.000026
0.000789
0.000767
0.000832
0.000935
0.077429
0.000921
0.022715
0.003976
0.022725
0.000964
0.082369
0.000070
0.079604
0.081194
0.000005
0.080035
0.004064
0.000599
0.000399
0.074067
0.002881
0.000030
0.090730
0.000369
0.000002
0.078574
0.075901
0.000727
0.037440
0.002865
0.081507
0.002928
0.000030
0.002895
0.085036
0.000805
0.000815
0.330191
0.075912
0.002899
0.073856
0.000084
0.004190
0.004951
0.083663
0.000037
0.037325
0.000079
0.000002
0.000074
0.233944
0.000081
0.029772
0.000486
0.000051
0.000502
0.000029
0.075864
0.002950
0.000319
0.000426
0.077572
0.083240
0.002919
0.000003
0.080957
0.000193
0.002949
0.087634
0.000423
0.000069
0.002997
0.000148
0.000070
0.003981
0.002866
0.000419
1.113776
0.001075
0.000091
0.028245
0.023517
0.040730
0.002946
0.082676
0.003564
0.080488
0.000768
0.000003
0.000068
0.000024
0.000034
0.072126
0.001132
0.087647
0.000059
0.076542
0.038909
0.000473
0.080832
0.002925
0.000563
0.073821
0.000495
0.000002
0.022894
0.038379
0.000855
0.029506
0.000440
0.074661
0.037248
0.000097
0.081601
0.000066
0.002896
0.022839
0.000002
0.003951
0.000050
0.000146
1.094637
0.081393
0.037265
0.000044
0.000783
0.000064
0.002927
0.037923
0.002992
0.080164
0.000026
0.002922
0.000797
0.000002
0.000129
0.037422
0.000038
0.077672
0.080490
0.083851
0.077551
0.000423
0.000470
0.003768
0.080971
0.000362
0.002880
0.002871
0.080669
0.080383
0.005313
0.000040
0.000065
0.000425
0.000102
0.078377
0.002945
0.086607
0.081711
0.004011
0.000680
0.073277
0.038245
0.080817
0.000134
0.002884
0.037447
0.022667
0.000487
0.091630
0.000040
0.000107
0.000438
0.039973
0.000548
0.000961
0.037486
0.000128
0.004021
0.022407
0.000073
0.003956
0.000477
0.000038
0.000031
0.000482
0.000973
0.022916
0.002847
0.000860
0.000033
0.039470
0.004013
0.000866
0.000410
0.000487
0.000034
0.022658
0.022752
0.000024
0.000001
0.074525
0.000002
0.002854
0.000060
0.022836
0.072043
0.022785
0.000010
0.000954
0.083611
0.074588
0.023079
0.000075
0.077514
0.077163
0.078066
0.040950
0.080651
0.040401
0.084369
0.083896
0.086031
0.077570
0.037687
0.082759
0.000135
0.002959
0.077866
0.002923
0.022751
0.082857
0.000027
0.002832
0.079151
0.073334
0.077833
0.000500
0.080170
0.001031
0.085247
0.082078
0.022880
0.000037
0.000002
0.000997
0.080455
0.074165
0.083800
0.000444
0.002927
0.003646
0.082562
0.000472
0.000525
0.004243
0.000368
0.072204
0.004008
0.002913
0.088994
0.004027
0.000004
0.000918
0.000097
0.000032
0.079826
0.019936
0.000783
0.084383
0.076081
0.078371
0.000068
0.000532
0.000054
0.000002
0.078246
0.000012
0.000001
0.000065
0.039980
0.000039
0.002854
0.000008
0.000012
0.000032
0.000027
0.000252
0.001480
0.000001
0.003586
0.002882
0.000054
0.000128
0.037236
0.004874
0.037756
0.000022
0.000046
0.000467
0.040085
0.101129
0.079463
0.269807
0.004100
0.000282
0.023520
0.080637
0.000062
0.000107
0.000002
0.083396
0.000001
0.000668
0.000032
0.074213
0.038206
0.147106
0.000377
0.000995
0.000001
0.000509
0.000822
0.001067
0.000845
0.000000
0.002890
0.040264
0.000008
0.081892
0.082675
0.023274
0.022706
0.004875
0.000027
0.002824
0.000063
0.037468
0.002917
0.083805
0.002856
0.000029
0.004148
0.000066
0.074789
0.240542
0.000803
0.000981
0.000017
0.023168
0.000041
0.000882
0.000020
0.000020
0.027902
0.023283
0.022779
0.000087
0.002028
0.002971
0.000077
0.000058
0.073460
0.004262
0.078463
0.090765
0.022379
0.000123
0.000498
0.003053
0.000036
0.004057
0.000071
0.002797
0.000976
0.000000
0.037231
0.074446
0.004011
0.026177
0.000446
0.078363
0.239237
0.004911
0.022696
0.000030
0.000001
0.002930
0.078143
0.004276
0.087385
0.000029
0.000070
0.000001
0.000037
0.000223
0.000626
0.000001
0.005633
0.073407
0.000488
0.000400
0.083937
0.000031
0.000079
0.002888
0.081199
0.000113
0.037952
0.038482
0.079442
0.000471
0.004089
0.090920
0.085885
0.027123
0.002864
0.077254
0.000472
0.000064
0.083152
0.038219
0.000422
0.004977
0.000000
0.000001
0.000002
0.000116
0.080528
0.076280
0.002871
0.000098
0.037493
0.000460
0.000001
0.000027
0.000001
0.001305
0.000078
0.000034
0.247742
0.080645
0.038224
0.000413
0.000409
0.000013
0.000513
0.000517
0.000454
0.038613
0.003985
0.000965
0.084896
0.002964
0.032283
0.037720
0.000087
0.000762
0.000803
0.000887
0.000002
0.078985
0.000068
0.002808
0.000029
0.000923
0.091111
0.000163
0.000934
0.081081
0.000837
0.000813
0.000887
0.000035
0.079589
0.023301
0.077985
0.004039
0.079311
0.001182
0.000101
0.000002
0.000118
0.002863
0.004760
0.004378
0.000058
0.083306
0.075784
0.002881
0.000780
0.002912
0.003961
0.038542
0.000749
0.000953
0.002887
0.002911
0.000920
0.000958
0.002861
0.000068
0.000040
0.000459
0.083138
0.314445
0.000003
0.000096
0.000953
0.000001
0.002992
0.002811
0.000002
0.037389
0.000001
0.000030
0.038503
0.000004
0.040297
0.074932
0.000920
0.000032
0.004709
0.084204
0.071989
0.000507
0.000885
0.000924
0.000565
0.040514
0.000879
0.023437
0.000889
0.000490
0.000041
0.000134
0.000025
0.000037
0.000419
0.022908
0.077671
0.000024
0.000807
0.003972
0.000775
0.037419
0.000775
0.075801
0.002871
0.080368
0.001217
0.082446
0.000089
0.000093
0.000186
0.000082
0.000514
0.000109
0.073851
0.073457
0.000058
0.000175
0.082436
0.029351
0.000125
0.000002
0.000152
0.004120
0.000792
0.000002
0.000132
0.001012
0.077954
0.000091
0.000001
0.000116
0.000361
0.078566
0.000775
0.000319
0.234140
0.000028
0.039329
0.038640
0.000861
0.000115
0.000957
0.000973
0.081869
0.078797
0.000372
0.002834
0.000058
0.000962
0.000028
0.000058
0.071627
0.000003
0.000157
0.000090
0.003018
0.000062
0.077563
0.024821
0.003974
0.000151
0.000069
0.000142
0.000048
0.000437
0.027703
0.083496
0.022853
0.000071
0.005109
0.004527
0.032191
0.038028
0.000001
0.004594
0.000033
0.000053
0.022705
0.000354
0.000613
0.000433
0.000103
0.000019
0.000072
0.000799
0.000062
0.081757
0.000465
0.000117
0.040959
0.040500
0.077112
0.000025
0.023436
0.076740
0.079934
0.000574
0.000803
0.000862
0.000004
0.023080
0.000088
0.000823
0.082606
0.000798
0.081077
0.003942
0.000968
0.000030
0.000954
0.076658
0.082589
0.000063
0.000278
0.000005
0.000035
0.004483
0.000041
0.000546
0.000043
0.000929
0.004097
0.000421
0.000069
0.024460
0.000025
0.000055
0.000038
0.000025
0.003235
0.000619
0.000426
0.000447
0.000002
0.000760
0.025151
0.000957
0.000371
0.002875
0.000754
0.022859
0.000103
0.081191
0.000079
0.002854
0.004060
0.004118
0.000001
0.004832
0.075464
0.000042
0.003131
0.000003
0.002938
0.000121
0.000483
0.000109
0.002898
0.000481
0.000088
0.002940
0.003887
0.024267
0.003206
0.000397
0.078722
0.000419
0.077465
0.000058
0.233558
0.000063
0.000058
0.081615
0.000018
0.086038
0.080650
0.000001
0.000057
0.023368
0.000853
0.000065
0.000931
0.004119
0.003858
0.000372
0.000512
0.002792
0.077797
0.000057
0.037631
0.000029
0.000029
0.000490
0.000898
0.039473
0.000843
0.082863
0.004009
0.001904
0.000967
0.002953
0.000840
0.000859
0.000823
0.000137
0.000481
0.000029
0.000889
0.000656
0.003317
0.074888
0.000901
0.077022
0.002908
0.000456
0.000501
0.000060
0.001200
0.028223
0.038304
0.081839
0.037698
0.002998
0.000036
0.031865
0.297580
0.243917
0.000001
0.000430
0.084094
0.000031
0.000106
0.000176
0.000567
0.000778
0.085994
0.007777
0.000721
0.008243
0.002867
0.000037
0.023067
0.087220
0.000069
0.000753
0.000942
0.038338
0.000032
0.004682
0.083616
0.000184
0.000319
0.000767
0.000118
0.000116
0.004901
0.000657
0.000453
0.000387
0.000799
0.000844
0.040309
0.000926
0.082106
0.040183
0.000066
0.000063
0.000173
0.026397
0.000304
0.000828
0.000399
0.081710
0.000108
0.082464
0.000004
0.000080
0.000488
0.004620
0.000331
0.078161
0.026165
0.000337
0.000857
0.023054
0.000471
0.002955
0.000949
0.004132
0.000031
0.000036
0.000136
0.084852
0.078026
0.000105
0.000512
0.000580
0.000809
0.000030
0.000827
0.037320
0.004289
0.002836
0.074346
0.000326
0.000842
0.000482
0.083218
0.000453
0.000433
0.000751
0.023116
0.000774
0.000044
0.076251
0.000791
0.083028
0.000012
0.000432
0.004096
0.000099
0.004099
0.022791
0.084179
0.000902
0.022925
0.000980
0.000061
0.000786
0.000511
0.000472
0.000718
0.080444
0.000072
0.000810
0.004155
0.000397
0.000052
0.023133
0.000042
0.608747
0.000447
0.000030
0.002992
0.079914
0.074045
0.023100
0.000444
0.082124
0.000943
0.000003
0.000099
0.020083
0.000129
0.000892
0.000022
0.073896
0.048695
0.000136
0.080957
0.083806
0.003602
0.000921
0.000041
0.000410
0.000323
0.000384
0.000408
0.000775
0.000326
0.000035
0.000829
0.000003
0.000002
0.000570
0.003930
0.000424
0.000630
0.000488
0.004886
0.000043
0.000048
0.002943
0.002947
0.000032
0.026311
0.000802
0.073626
0.084058
0.002927
0.075217
0.000346
0.000068
0.002983
0.084118
0.004481
0.000110
0.000136
0.039976
0.002903
0.076495
0.075009
0.080630
0.000022
0.000161
0.022965
0.039114
0.000421
0.000508
0.082442
0.000503
0.000060
0.000515
0.000062
0.004965
0.000768
0.000949
0.000988
0.075349
0.003651
0.002905
0.004197
0.000001
0.022899
0.081698
0.000919
0.000069
0.000002
0.000762
0.000029
0.000841
0.003028
0.000003
0.037756
0.002916
0.076179
0.000523
0.003974
0.004718
0.002961
0.000020
0.023592
0.004061
0.000798
0.000535
0.000848
0.000478
0.000809
0.000472
0.000391
0.040163
0.001039
0.000069
0.082508
0.078283
0.000020
0.000455
0.002928
0.002960
0.000469
0.077722
0.083483
0.002972
0.000474
0.000462
0.000526
0.000001
0.005768
0.002934
0.037444
0.002843
0.000831
0.000070
0.000914
0.078212
0.083307
0.000952
0.000457
0.000404
0.004640
0.000592
0.000001
0.021114
0.040133
0.022996
0.003701
0.029980
0.083961
0.040086
0.000087
0.040486
0.088171
0.037398
0.082472
0.000001
0.000004
0.000599
0.040863
0.079156
0.074157
0.000029
0.002807
0.000862
0.000037
0.002948
0.082515
0.002922
0.000030
0.000002
0.000083
0.000020
0.081091
0.000030
0.000030
0.004699
0.000007
0.275453
0.002952
0.022822
0.003838
0.020285
0.000052
0.078431
0.003036
0.000036
0.026388
0.000035
0.080421
0.002952
0.000056
0.000154
0.089391
0.002911
0.005888
0.039401
0.085899
0.000002
0.003954
0.000032
0.023904
0.000414
0.000452
0.000034
0.277808
0.074762
0.000949
0.000068
0.085704
0.000001
0.001052
0.000761
0.085476
0.000012
0.023191
0.002944
0.000101
0.000772
0.038404
0.083454
0.000564
0.038597
0.000124
0.023158
0.040175
0.000135
0.000104
0.000060
0.000095
0.004059
0.078690
0.000809
0.023829
0.000804
0.021005
0.000833
0.000041
0.081736
0.000810
0.000002
0.000165
0.000038
0.000029
0.023409
0.039298
0.004188
0.086346
0.002832
0.000750
0.000061
0.000027
0.038712
0.000035
0.082274
0.000388
0.000890
0.024979
0.037516
0.000476
0.022936
0.038751
0.000444
0.039987
0.000562
0.000429
0.039045
0.022972
0.000487
0.002926
0.038365
0.039996
0.002965
0.000042
0.000002
0.002927
0.000414
0.077923
0.037709
0.004850
0.002816
0.038344
0.000031
0.039788
0.000025
0.000002
0.002935
0.000069
0.024965
0.000692
0.000108
0.000770
0.002914
0.079914
0.000002
0.003677
0.002916
0.000036
0.000112
0.000037
0.097006
0.000621
0.000865
0.092244
0.000569
0.001002
0.000912
0.000880
0.003376
0.037408
0.000674
0.002966
0.286287
0.000036
0.072921
0.000001
0.037816
0.002959
0.078335
0.000060
0.039404
0.002910
0.022923
0.073883
0.000375
0.000435
0.039271
0.037824
0.002908
0.000035
0.000047
0.000023
0.081147
0.000035
0.002887
0.037779
0.004171
0.002810
0.000403
0.022381
0.000258
0.075207
0.000186
0.080488
0.078000
0.022978
0.000036
0.000037
0.000041
0.000026
0.000131
0.029548
0.003006
0.000438
0.000155
0.019853
0.293527
0.022941
0.082249
0.037606
0.037514
0.040846
0.075762
0.002911
0.000090
0.077553
0.077520
0.000165
0.080145
0.088068
0.085366
0.000369
0.000047
0.089332
0.000006
0.000889
0.004048
0.003478
0.002788
0.004064
0.000001
0.071621
0.002892
0.027649
0.040109
0.000032
0.084989
0.075350
0.004332
0.004365
0.002898
0.000033
0.038902
0.000029
0.084059
0.003013
0.004060
0.001019
0.075867
0.000029
0.000063
0.000930
0.023279
0.002853
0.000028
0.037855
0.000595
0.002837
0.082222
0.000768
0.000136
0.081620
0.000048
0.080499
0.080574
0.041300
0.000130
0.000780
0.077525
0.081769
0.079971
0.077230
0.004163
0.081806
0.022482
0.294902
0.000095
0.000002
0.906415
0.037799
0.001225
0.002949
0.002892
0.000073
0.000004
0.000397
0.000723
0.079593
0.004078
0.033314
0.000053
0.000033
0.006893
0.085360
0.086274
0.077151
0.000387
0.085473
0.000044
0.075486
0.303257
0.000028
0.000031
0.080016
0.000168
0.000032
0.000028
0.000038
0.002781
0.037780
0.002993
0.084027
0.000409
0.077673
0.000076
0.077365
1.015174
0.000045
0.004159
0.081257
0.002988
0.000086
0.002899
0.000067
0.002925
0.003012
0.000071
0.000001
0.037899
0.000031
0.000035
0.039614
0.023195
0.023402
0.000913
0.023392
0.000533
0.090127
0.000522
0.002905
0.002844
0.002908
0.002874
0.000326
0.000441
0.000410
0.000345
0.023105
0.079607
0.000981
0.038875
0.040477
0.032235
0.000773
0.079620
0.000575
0.000372
0.000457
0.000041
0.000029
0.000330
0.002840
0.000296
0.000470
0.000137
0.000003
0.000060
0.000058
0.000111
0.000001
0.024512
0.001923
0.000001
0.001959
0.004062
0.076036
0.000035
0.037064
0.000271
0.000724
0.000947
0.000404
0.000097
0.080525
0.000479
0.000381
0.000366
0.000383
0.000492
0.000058
0.000034
0.037661
0.000119
0.000040
0.000130
0.024451
0.000808
0.002871
0.000640
0.000440
0.000360
0.000470
0.000476
0.077255
0.087701
0.000519
0.000387
0.000064
0.000043
0.022622
0.000836
0.000001
0.036882
0.083917
0.022940
0.002875
0.022775
0.083958
0.000024
0.003048
0.002952
0.000924
0.022929
0.082636
0.000389
0.004014
0.022952
0.002921
0.000436
0.081193
0.040941
0.026109
0.022705
0.080751
0.000022
0.071545
0.002812
0.037539
0.000006
0.000002
0.081946
0.000808
0.001098
0.000036
0.000000
0.000002
0.037586
0.004045
0.000809
0.071338
0.080016
0.000038
0.002912
0.080573
0.000091
0.086254
0.000066
0.000075
0.004144
0.000117
0.076032
0.037245
0.004679
0.038352
0.000123
0.080837
0.000485
0.000040
0.040807
0.000002
0.000753
0.000064
0.022586
0.000033
0.078208
0.028351
0.000077
0.000109
0.004031
0.000033
0.037291
0.000002
0.002923
0.000412
0.000534
0.078691
0.000358
0.003164
0.000049
0.000032
0.000013
0.000037
0.089476
0.000042
0.000436
0.000067
0.004947
0.000001
0.000030
0.000041
0.000033
0.000088
0.002929
0.088975
0.000128
0.000122
0.088800
0.000002
0.000793
0.000030
0.000081
0.076561
0.086518
0.000516
0.079845
0.000580
0.085693
0.000003
0.000502
0.000796
0.084017
0.002861
0.000770
0.004071
0.000089
0.000491
0.075749
0.000270
0.023534
0.000890
0.000918
0.000025
0.022986
0.083232
0.076232
0.000069
0.004302
0.082678
0.000026
0.000404
0.040569
0.002919
0.023340
0.000036
0.000042
0.002902
0.026961
0.038505
0.083666
0.000002
0.000126
0.000315
0.038916
0.020379
0.004175
0.234940
0.078609
0.023029
0.037530
0.004091
0.000032
0.002972
0.000056
0.000073
0.000049
0.000429
0.000087
0.027378
0.074785
0.083159
0.000039
0.075801
0.120192
0.023408
0.001082
0.002908
0.040436
0.000957
0.000107
0.000032
0.000385
0.000059
0.000768
0.081901
0.003013
0.078007
0.084876
0.000057
0.040100
0.000488
0.000094
0.000797
0.000089
0.000387
0.073545
0.000118
0.000040
0.002958
0.082527
0.000025
0.002975
0.000002
0.000368
0.000390
0.077616
0.023242
0.000382
0.000810
0.240385
0.002994
0.023062
0.002928
0.000958
0.038735
0.037739
0.000904
0.000002
0.040170
0.000047
0.002829
0.002879
0.000488
0.040479
0.000575
0.003961
0.096808
0.000842
0.077729
0.038228
0.000451
0.003472
0.000163
0.000031
0.000061
0.000512
0.073724
0.004106
0.037590
0.076770
0.027007
0.076619
0.004029
0.003936
0.000029
0.078896
0.000117
0.000815
0.085826
0.000482
0.000151
0.000545
0.000447
0.031658
0.000418
0.000444
0.000418
0.000002
0.072498
0.072464
0.000062
0.000002
0.000529
0.000413
0.000073
0.000936
0.000359
0.003980
0.000463
0.000522
0.000380
0.000064
0.003434
0.000397
0.080763
0.000391
0.000500
0.000387
0.023159
0.000928
0.000414
0.000184
0.000031
0.000963
0.000056
0.000065
0.000057
0.000361
0.000365
0.000130
0.000314
0.000074
0.000448
0.001240
0.079264
0.022656
0.000828
0.001034
0.002984
0.000027
0.000437
0.022841
0.082764
0.000044
0.002822
0.000782
0.000042
0.000485
0.023332
0.000824
0.002927
0.000125
0.004026
0.022726
0.000055
0.002886
0.037560
0.002851
0.000056
0.000001
0.076136
0.078933
0.000059
0.000096
0.078752
0.000892
0.040998
0.040770
0.022864
0.039274
0.000033
0.000034
0.040472
0.037692
0.002984
0.000711
0.000001
0.000778
0.000053
0.074288
0.000867
0.005159
0.076721
0.078246
0.037596
0.079405
0.024505
0.000003
0.004614
0.023003
0.004480
0.084756
0.024708
0.083801
0.077337
0.072664
0.003954
0.000019
0.081425
0.000796
0.000094
0.000001
0.004056
0.082309
0.002755
0.270211
0.038204
0.077823
0.162397
0.024562
0.000042
0.000021
0.002937
0.000823
0.001935
0.038963
0.092890
0.028039
0.003641
0.003027
0.000727
0.000026
0.037509
0.004100
0.000883
0.000030
0.038861
0.000432
0.023262
0.000802
0.002856
0.004920
0.085929
0.002908
0.000437
0.000525
0.082708
0.000105
0.001972
0.039370
0.037414
0.081178
0.000150
0.004160
0.000001
0.020132
0.000041
0.000003
0.000128
0.087538
0.004018
0.078709
0.022928
0.000002
0.090580
0.000506
0.000082
0.000710
0.000027
0.000893
0.002964
0.001010
0.000065
0.000667
0.022840
0.022634
0.004129
0.000477
0.038800
0.082224
0.022815
0.022707
0.000070
0.000001
0.000059
0.000040
0.079034
0.000778
0.078704
0.005052
0.000060
0.002787
0.003964
0.000160
0.000034
0.000026
0.002989
0.000434
0.000071
0.000063
0.000037
0.037388
0.002937
0.002947
0.000411
0.079182
0.083567
0.040005
0.082670
0.003979
0.080432
0.039358
0.071987
0.000057
0.089110
0.023476
0.081005
0.023433
0.000733
0.002987
0.000706
0.073486
0.000133
0.084426
0.000739
0.002771
0.076486
0.000818
0.000885
0.000910
0.000964
0.000388
0.000103
0.080581
0.000006
0.000591
0.000782
0.000851
0.000374
0.073069
0.238500
0.002958
0.077737
0.000897
0.003014
0.084668
0.087949
0.000509
0.002917
0.040152
0.000031
0.000434
0.082238
0.000037
0.023534
0.000976
0.022804
0.000379
0.002910
0.079458
0.038337
0.002878
0.000916
0.074939
0.000728
0.023057
0.000490
0.023402
0.002941
0.000089
0.000099
0.084423
0.000003
0.000432
0.000698
0.082051
0.002819
0.000137
0.000574
0.037589
0.002876
0.000002
0.000505
0.002935
0.000860
0.002913
0.038180
0.000037
0.000094
0.091734
0.072070
0.004037
0.002972
0.000507
0.083766
0.081880
0.000392
0.081200
0.074128
0.037585
0.000012
0.000784
0.001265
0.085656
0.081672
0.000499
0.022929
0.039481
0.000062
0.000019
0.080491
0.000083
0.003602
0.000880
0.004684
0.000828
0.000036
0.000990
0.002948
0.002900
0.001018
0.002862
0.000885
0.000427
0.004190
0.002900
0.000807
0.086637
0.002915
0.003948
0.080649
0.000025
0.040723
0.003006
0.000032
0.090793
0.039384
0.000038
0.001788
0.077200
0.000882
0.082363
0.000000
0.000029
0.080149
0.002879
0.002888
0.000004
0.037685
0.002945
0.002922
0.000839
0.080827
0.038357
0.000855
0.000371
0.022742
0.000404
0.002990
0.000475
0.000109
0.000207
0.005217
0.076290
0.000029
0.000030
0.074366
0.000923
0.081679
0.002831
0.246685
0.004029
0.000363
0.002874
0.000973
0.022693
0.002836
0.273187
0.000788
0.000912
0.037430
0.002915
0.000663
0.000036
0.002824
0.000085
0.083393
0.075251
0.039008
0.002886
0.000001
0.022606
0.000155
0.004123
0.000065
0.040527
0.023039
0.000061
0.000022
0.079990
0.004387
0.000039
0.000049
0.002857
0.000031
0.086849
0.002832
0.000678
0.000048
0.000020
0.037743
0.023248
0.038509
0.040004
0.000026
0.079934
0.000035
0.004067
0.000002
0.004102
0.000412
0.083397
0.002928
0.000615
0.000004
0.000877
0.000030
0.082753
0.000032
0.000066
0.078056
0.081578
0.000099
0.002933
0.004045
0.087933
0.000030
0.000001
0.000113
0.000136
0.038540
0.038648
0.002945
0.000863
0.002874
0.003972
0.000027
0.000105
0.075127
0.040236
0.039945
0.000061
0.000097
0.000025
0.038580
0.003105
0.000537
0.002898
0.000066
0.000072
0.000116
0.002937
0.002976
0.002865
0.001215
0.004067
0.000891
0.001025
0.001048
0.037573
0.000941
0.000044
0.001055
0.001164
0.000475
0.000051
0.022975
0.037103
0.002871
0.037516
0.000150
0.000037
0.082284
0.000811
0.000554
0.000434
0.002891
0.002914
0.000749
0.002868
0.037656
0.000029
0.022739
0.000067
0.037815
0.000035
0.232185
0.037285
0.039988
0.002940
0.004070
0.000878
0.026275
0.079475
0.088513
0.022676
0.022895
0.000503
0.000358
0.023488
0.000348
0.041159
0.083034
0.080828
0.002980
0.000029
0.000034
0.000006
0.077246
0.000016
0.004073
0.000065
0.072811
0.001833
0.080977
0.002929
0.080844
0.078992
0.005020
0.000008
0.006032
0.078335
0.040015
0.000365
0.000470
0.083562
0.000117
0.000849
0.000031
0.007094
0.000057
0.001037
0.002940
0.000463
0.004008
0.000095
0.037649
0.077068
0.086880
0.000025
0.000900
0.160658
0.022840
0.022675
0.075477
0.000972
0.000539
0.002951
0.000015
0.000037
0.097408
0.000007
0.000001
0.002879
0.081495
0.000080
0.004055
0.084488
0.004765
0.000064
0.091787
0.235495
0.001059
0.002888
0.074791
0.073449
0.003660
0.000451
0.000003
0.001049
0.078959
0.000028
0.002861
0.002908
0.004017
0.000883
0.077705
0.000526
0.000095
0.003969
0.000736
0.037639
0.023126
0.000486
0.000449
0.020746
0.000025
0.000939
0.000024
0.004841
0.000909
0.083240
0.077074
0.000435
0.038939
0.000824
0.076733
0.083678
0.000387
0.005063
0.024821
0.081906
0.000102
0.022658
0.002095
0.078475
0.000381
0.037675
0.037683
0.090114
0.000394
0.002964
0.000069
0.000533
0.001845
0.004026
0.000973
0.000473
0.079672
0.000296
0.000837
0.037382
0.000065
0.002853
0.004057
0.000495
0.083806
0.002907
0.000009
0.084392
0.023422
0.071812
0.003292
0.000879
0.000786
0.000036
0.023163
0.003032
0.000039
0.002922
0.000045
0.002863
0.003992
0.000489
0.002931
0.000708
0.002924
0.087477
0.000849
0.000827
0.000029
0.000094
0.023047
0.000132
0.000333
0.078443
0.000824
0.037417
0.000051
0.078120
0.022918
0.000905
0.000469
0.000062
0.000514
0.000128
0.002900
0.002926
0.000520
0.004126
0.000128
0.000805
0.006963
0.024230
0.000932
0.000061
0.076183
0.000492
0.022497
0.022859
0.000004
0.000489
0.000038
0.105228
0.000789
0.000051
0.081072
0.082091
0.000864
0.000437
0.000097
0.001429
0.000034
0.004006
0.000843
0.079923
0.000072
0.002899
0.038327
0.080053
0.000136
0.002875
0.078779
0.000126
0.000100
0.000912
0.076776
0.000027
0.000040
0.000067
0.000870
0.000030
0.019955
0.000876
0.000811
0.075617
0.002965
0.022892
0.000533
0.074762
0.006404
0.000001
0.081669
0.000102
0.081095
0.000476
0.040771
2.125460
0.003016
0.005288
0.082979
0.022346
0.040221
0.000028
0.086437
0.004826
0.002945
0.000875
0.002939
0.001820
0.023482
0.000080
0.002872
0.022921
0.237279
0.081579
0.003025
0.040534
0.000035
0.004078
0.022841
0.075288
0.000004
0.006320
0.000104
0.000040
0.000496
0.039989
0.002927
0.078216
0.073464
0.004919
0.081171
0.002890
0.083124
0.040198
0.004212
0.000019
0.022917
0.000910
0.000070
0.079454
0.023255
0.074276
0.000781
0.000028
0.001005
0.081057
0.000099
0.090930
0.000126
0.078748
0.076079
0.037663
0.000444
0.002917
0.000037
0.000104
0.000902
0.037632
0.023071
0.040387
0.000943
0.071134
0.020588
0.001548
0.083590
0.000100
0.000980
0.000035
0.000145
0.002931
0.000820
0.000740
0.004977
0.000056
0.004402
0.000765
0.000779
0.000096
0.039606
0.000131
0.000067
0.000435
0.004206
0.078980
0.039291
0.020225
0.000803
0.002915
0.080362
0.002819
0.002926
0.038909
0.000788
0.003315
0.084993
0.002888
0.039787
0.000035
0.038521
0.000777
0.003215
0.037653
0.000052
0.000448
0.000002
0.002975
0.000003
0.081944
0.081377
0.086579
0.000074
0.002932
0.024797
0.000122
0.028135
0.002946
0.022750
0.006561
0.085979
0.037507
0.000002
0.000027
0.022681
0.075603
0.000056
0.000038
0.000097
0.073545
0.000036
0.037691
0.000031
0.079844
0.000105
0.000001
0.082558
0.000124
0.000494
0.002919
0.090147
0.083173
0.000044
0.085108
0.083642
0.000124
0.004052
0.000088
0.000115
0.000141
0.000112
0.000899
0.000041
0.079755
0.000805
0.000551
0.039944
0.000062
0.000819
0.074525
0.001105
0.001012
0.023389
0.026242
0.083528
0.077508
0.000737
0.000023
0.000903
0.000001
0.000787
0.000064
0.000066
0.000615
0.000911
0.082659
0.000066
0.000829
0.080660
0.000102
0.003054
0.000317
0.000104
0.002907
0.000609
0.081289
0.040901
0.082200
0.086456
0.029863
0.078630
0.000001
0.077786
0.002872
0.000031
0.081409
0.000057
0.075716
0.000032
0.004206
0.037282
0.000509
0.002920
0.000000
0.000830
0.000788
0.000126
0.000034
0.023370
0.023426
0.003992
0.085004
0.002908
0.000009
0.004003
0.000507
0.038643
0.000047
0.000035
0.000162
0.003047
0.079190
0.000483
0.076195
0.082629
0.002896
0.000068
0.000550
0.000024
0.000868
0.002940
0.000027
0.037605
0.004384
0.000001
0.000661
0.000024
0.000035
0.038363
0.092820
0.085790
0.004176
0.000035
0.076142
0.037290
0.037726
0.040249
0.002851
0.000082
0.000434
0.000889
0.002958
0.004266
0.002872
0.232151
0.003351
0.000001
0.082089
0.000074
0.000430
0.000025
0.009932
0.000075
0.004353
0.000040
0.002874
0.000060
0.040004
0.000524
0.000542
0.236702
0.000824
0.004746
0.000119
0.085078
0.000100
0.000068
0.000890
0.077275
0.084088
0.023481
0.038126
0.082022
0.000469
0.002907
0.037503
0.004032
0.000742
0.022790
0.074248
0.002904
0.038831
0.003944
0.081525
0.000001
0.037056
0.000040
0.000033
0.000116
0.000047
0.004857
0.083381
0.000811
0.088497
0.000002
0.081103
0.000838
0.000037
0.000587
0.000468
0.000817
0.000398
0.078915
0.000524
0.002884
0.004055
0.039326
0.003948
0.001332
0.000385
0.077750
0.076706
0.075762
0.000976
0.083163
0.000410
0.000002
0.000026
0.041265
0.000002
0.000114
0.000026
0.000498
0.000900
0.037853
0.041082
0.000540
0.000028
0.000043
0.040538
0.082852
0.023389
0.000081
0.000496
0.002852
0.030899
0.005540
0.040329
0.030866
0.000037
0.000163
0.088430
0.081146
0.005344
0.000412
0.000008
0.000829
0.038432
0.002896
0.088351
0.039938
0.002830
0.000078
0.004949
0.000033
0.000004
0.000560
0.000000
0.002873
0.000466
0.000062
0.000800
0.003979
0.000025
0.000525
0.000068
0.039225
0.080610
0.037727
0.038309
0.086702
0.000460
0.002892
0.000053
0.000516
0.004808
0.241397
0.000028
0.080654
0.216680
0.002927
0.002865
0.000094
0.000072
0.023836
0.002934
0.000109
0.040481
0.000455
0.000036
0.000006
0.080261
0.004012
0.238385
0.000044
0.000056
0.022544
0.003225
0.000003
0.000024
0.024023
0.040207
0.005267
0.002959
0.000059
0.000453
0.000043
0.000792
0.000134
0.029800
0.000519
0.000030
0.000050
0.037843
0.024264
0.076454
0.004059
0.003909
0.000022
0.039949
0.022548
0.000014
0.000827
0.037355
0.040699
0.079597
0.004204
0.075194
0.001050
0.001818
0.003000
0.000021
0.084119
0.000505
0.077861
0.076146
0.000810
0.002883
0.000037
0.000486
0.000036
0.000963
0.004017
0.082586
0.000060
0.000809
0.085382
0.000499
0.000039
0.000082
0.003547
0.038257
0.000028
0.039758
0.000033
0.002899
0.073945
0.002965
0.002921
0.002906
0.040817
0.038682
0.000034
0.000760
0.080489
0.037735
0.000043
0.076485
0.001123
0.000043
0.000496
0.000047
0.006480
0.002911
0.000481
0.000058
0.000398
0.000041
0.037283
0.003996
0.003631
0.038477
0.000053
0.000495
0.002394
0.038219
0.004428
0.000906
0.000512
0.000844
0.000417
0.000445
0.000030
0.000440
0.020314
0.003766
0.084276
0.000029
0.000009
0.000110
0.000768
0.000385
0.000395
0.000735
0.000858
0.078602
0.083698
0.023315
0.002876
0.024889
0.078347
0.022713
0.000015
0.000660
0.000759
0.080136
0.000687
0.000675
0.004600
0.000678
0.002878
0.002849
0.075126
0.023108
0.000124
0.000828
0.000705
0.004105
0.000180
0.000806
0.000772
0.000738
0.000736
0.085278
0.037709
0.004114
0.000001
0.005101
0.000992
0.001069
0.000069
0.086674
0.002860
0.040943
0.002961
0.000031
0.081829
0.024306
0.040027
0.076463
0.000501
0.002839
0.000066
0.078091
0.004022
0.000476
0.075773
0.000485
0.000469
0.005247
0.000085
0.004017
0.000410
0.029433
0.000436
0.003001
0.086250
0.083857
0.003974
0.000521
0.083933
0.002928
0.070775
0.000007
0.000113
0.037263
0.000364
0.000000
0.000388
0.000900
0.082190
0.000082
0.074547
0.000474
0.000350
0.000404
0.000435
0.000457
0.000091
0.078409
0.000010
0.022883
0.000032
0.002988
0.024460
0.037616
0.234344
0.000033
0.058154
0.081436
0.000460
0.024286
0.080176
0.083292
0.000536
0.000530
0.000488
0.000592
0.000492
0.039764
0.000443
0.076304
0.045173
0.002839
0.000321
0.023307
0.000778
0.022638
0.000481
0.244341
0.000029
0.078085
0.000344
0.078616
0.000040
0.002908
0.000002
0.087402
0.000344
0.000394
0.000050
0.004052
0.000536
0.000497
0.000974
0.038443
0.000886
0.000008
0.000933
0.000571
0.002924
0.276307
0.077831
0.004161
0.000410
0.000912
0.001460
0.080456
0.023145
0.000035
0.002992
0.000100
0.094565
0.000536
0.000527
0.081150
0.000406
0.077806
0.000440
0.040516
0.000129
0.236806
0.000030
0.000002
0.001037
0.000887
0.000467
0.000743
0.002936
0.004927
0.003982
0.000074
0.002988
0.022373
0.077404
0.082608
0.002929
0.000399
0.000715
0.000788
0.037360
0.002872
0.000067
0.000162
0.000435
0.000458
0.022641
0.000071
0.000162
0.000346
0.000530
0.000479
0.000478
0.000002
0.000036
0.022795
0.000467
0.002821
0.004844
0.004097
0.000025
0.022962
0.000103
0.000110
0.002882
0.000027
0.000447
0.083385
0.022971
0.000450
0.023276
0.005012
0.000892
0.000072
0.000494
0.040166
0.004015
0.077675
0.002018
0.022927
0.000512
0.000117
0.003020
0.002908
0.000110
0.000094
0.024185
0.000280
0.040692
0.023063
0.000060
0.000520
0.080389
0.002300
0.000008
0.000047
0.083855
0.040473
0.000682
0.000823
0.079042
0.078914
0.000025
0.022072
0.000169
0.000201
0.024574
0.000457
0.002952
0.000043
0.000118
0.037574
0.023651
0.022887
0.000027
0.002945
0.000547
0.037483
0.000033
0.000082
0.000032
0.000033
0.000131
0.023544
0.002964
0.230306
0.002868
0.000004
0.006687
0.000128
0.000436
0.000881
0.000420
0.000872
0.022832
0.276181
0.000456
0.000444
0.002949
0.000012
0.080302
0.075142
0.004010
0.022950
0.085007
0.000066
0.081022
0.002844
0.002965
0.002906
0.000812
0.091055
0.001052
0.002904
0.003757
0.000033
0.081422
0.000860
0.082864
0.000020
0.000827
0.000941
0.080131
0.000002
0.000002
0.001093
0.000501
0.002926
0.000001
0.004128
0.005118
0.000036
0.002959
0.000037
0.075015
0.000702
0.076233
0.000523
0.000430
0.022838
0.004113
0.000822
0.003048
0.000890
0.022761
0.002889
0.000064
0.000038
0.000808
0.000067
0.000415
0.000528
0.000946
0.000092
0.000107
0.000061
0.003564
0.039643
0.002888
0.000501
0.020806
0.001011
0.000908
0.000153
0.004183
0.005473
0.001300
0.000966
0.021873
0.002915
0.000801
0.000520
0.023138
0.002894
0.002972
0.000541
0.000002
0.000840
0.022783
0.000959
0.040773
0.079671
0.076931
0.022803
0.004244
0.155957
0.000065
0.081512
0.000577
0.003719
0.003320
0.083313
0.086095
0.078478
0.074410
0.074235
0.004058
0.081803
0.037594
0.005471
0.000950
0.002910
0.082968
0.000184
0.000417
0.000843
0.004044
0.000598
0.003485
0.000098
0.000760
0.000682
0.083774
0.000039
0.000016
0.085798
0.000845
0.075656
0.000045
0.000043
0.001275
0.000840
0.002827
0.000095
0.000002
0.083022
0.000806
0.000062
0.083320
0.074583
0.000823
0.082569
0.000042
0.074416
0.000860
0.000457
0.000761
0.000067
0.083913
0.078012
0.000435
0.000002
0.000000
0.153253
0.000116
0.000564
0.004097
0.007352
0.085082
0.002878
0.082045
0.002896
0.002855
0.004849
0.002836
0.000781
0.000162
0.004342
0.005214
0.002860
0.000001
0.000811
0.024588
0.035781
0.000452
0.000041
0.000032
0.000909
0.075953
0.004965
0.080961
0.000094
0.037432
0.081667
0.077955
0.077034
0.000765
0.090376
0.079548
0.037407
0.002873
0.073959
0.000028
0.000127
0.000880
0.000002
0.000825
0.000786
0.073708
0.086100
0.000037
0.000032
0.000555
0.023520
0.080342
0.004014
0.073793
0.079422
0.074645
0.000096
0.002965
0.002813
0.023430
0.002906
0.004147
0.000039
0.000061
0.000074
0.023397
0.000034
0.002897
0.000076
0.002838
0.003926
0.083384
0.077561
0.085835
0.000390
0.002904
0.004013
0.002835
0.002914
0.040362
0.000044
0.000673
0.001460
0.000126
0.000386
0.000776
0.000801
0.084983
0.083950
0.004885
0.078045
0.002928
0.080457
0.000032
0.000002
0.073957
0.081212
0.000426
0.000050
0.077747
0.002004
0.002921
0.082451
0.038599
0.081414
0.000753
0.000037
0.002992
0.022632
0.002853
0.000512
0.000494
0.083709
0.037741
0.000438
0.000462
0.037612
0.000018
0.040118
0.000028
0.040225
0.000129
0.076454
0.000051
0.000031
0.080204
0.002934
0.000035
0.002926
0.002925
0.000808
0.000495
0.039319
0.000496
0.078728
0.000887
0.002892
0.037684
0.083526
0.000934
0.037622
0.004150
0.004124
0.081873
0.022625
0.000469
0.022906
0.000879
0.001016
0.000830
0.079501
0.078092
0.080917
0.078064
0.075874
0.000459
0.000022
0.000032
0.000832
0.002850
0.000897
0.003066
0.002832
0.078668
0.003350
0.003789
0.078460
0.084433
0.000860
0.002944
0.000910
0.022959
0.022652
0.000060
0.023379
0.006342
0.037542
0.002927
0.079266
0.022598
0.002776
0.000450
0.003457
0.000421
0.000035
0.000020
0.000519
0.000520
0.000033
0.000123
0.022807
0.000439
0.081902
0.000028
0.000439
0.000038
0.000393
0.085949
0.000101
0.078166
0.000049
0.083662
0.002894
0.001872
0.002912
0.090979
0.074865
0.075831
0.002926
0.000063
0.000723
0.002921
0.003023
0.004617
0.022942
0.000114
0.000119
0.022300
0.037423
0.000029
0.077794
0.000522
0.000036
0.038810
0.022830
0.000173
0.004013
0.000812
0.000843
0.000881
0.000846
0.000829
0.000001
0.000004
0.000002
0.000033
0.037563
0.000010
0.000060
0.000047
0.139746
0.002903
0.024545
0.084433
0.001922
0.002844
0.022772
0.080620
0.000799
0.000444
0.039943
0.004280
0.001931
0.000725
0.004002
0.479319
0.000002
0.000043
0.000403
0.083460
0.000027
0.000134
0.002938
0.000986
0.038312
0.083000
0.003945
0.040660
0.076546
0.000387
0.000860
0.000361
0.000042
0.079270
0.074384
0.000051
0.037704
0.002811
0.000927
0.004066
0.037559
0.000852
0.022918
0.000477
0.080151
0.003569
0.002846
0.003970
0.038412
0.003015
0.000029
0.000036
0.000030
0.075825
0.000611
0.278917
0.000526
0.037747
0.000394
0.000026
0.000473
0.002887
0.241257
0.078757
0.000919
0.004843
0.088374
0.038395
0.081370
0.081920
0.037406
0.080720
0.000134
0.076562
0.000033
0.002910
0.002867
0.079720
0.037449
0.001006
0.000079
0.038167
0.000977
0.076680
0.023078
0.083056
0.000032
0.002879
0.002956
0.002861
0.003974
0.073869
0.040612
0.000976
0.000893
0.023039
0.000003
0.038360
0.000096
0.000742
0.004046
0.001839
0.000053
0.024217
0.082873
0.000441
0.000931
0.000456
0.000395
0.037575
0.037472
0.002916
0.000002
0.000124
0.000674
0.000081
0.079734
0.000029
0.000069
0.005744
0.000021
0.081036
0.022849
0.000369
0.073511
0.000813
0.024291
0.080209
0.076115
0.000431
0.000453
0.001282
0.000080
0.004113
0.004958
0.002938
0.002944
0.004330
0.000065
0.000725
0.000002
0.000019
0.000055
0.004077
0.084163
0.000038
0.081797
0.022490
0.000826
0.000126
0.077655
0.000736
0.022772
0.087575
0.004912
0.000059
0.079276
0.079277
0.040703
0.040442
0.000461
0.000501
0.000767
0.000044
0.004962
0.000032
0.070662
0.000897
0.000022
0.077622
0.002958
0.000774
0.002918
0.000085
0.000026
0.000182
0.037679
0.040338
0.000816
0.078287
0.073789
0.040642
0.000458
0.000486
0.000006
0.082147
0.002969
0.000742
0.000529
0.000825
0.000004
0.000758
0.000379
0.082784
0.000090
0.000777
0.002875
0.023074
0.000071
0.000918
0.000459
0.312970
0.000099
0.000033
0.002805
0.000029
0.000108
0.000031
0.000028
0.000060
0.000502
0.000001
0.040101
0.003976
0.000026
0.000043
0.000121
0.037893
0.081045
0.079210
0.075573
0.000068
0.038500
0.000021
0.027238
0.000003
0.000034
0.082969
0.000874
0.023409
0.000016
0.000473
0.000407
0.002826
0.078425
0.002923
0.002796
0.000034
0.040395
0.000020
0.002841
0.080504
0.038420
0.000822
0.024739
0.037243
0.037554
0.037484
0.078697
0.000043
0.019812
0.000843
0.002889
0.002972
1.249265
0.004684
0.080380
0.080760
0.000160
0.040710
0.040956
0.023471
0.000527
0.078930
0.002916
0.000061
0.000002
0.071500
0.084690
0.082538
0.000048
0.000033
0.079501
0.000036
0.000459
0.000064
0.000020
0.000028
0.005399
0.023052
0.037544
0.000816
0.078355
0.003897
0.000888
0.000035
0.000850
0.000001
0.000514
0.000095
0.000877
0.020442
0.000935
0.037572
0.002845
0.072178
0.000470
0.000040
0.001074
0.000042
0.040275
0.078270
0.232458
0.004161
0.000068
0.000542
0.038753
0.000403
0.079710
0.000030
0.000039
0.000357
0.084340
0.078489
0.026816
0.002891
0.078086
0.000436
0.000002
0.038718
0.000417
0.000434
0.000741
0.002957
0.005022
0.000002
0.037741
0.000002
0.000544
0.000876
0.000070
0.000125
0.023089
0.000143
0.000468
0.075133
0.000052
0.000864
0.001016
0.000476
0.000055
0.000064
0.002969
0.000037
0.000002
0.023351
0.004063
0.000864
0.081192
0.085188
0.004249
0.000162
0.004015
0.022916
0.002883
0.084282
0.022905
0.000812
0.000026
0.000394
0.002937
0.002850
0.037630
0.000914
0.000805
0.000983
0.001089
0.001006
0.002855
0.004954
0.002829
0.000099
0.004093
0.040761
0.000030
0.000064
0.088126
0.000036
0.040161
0.082613
0.000002
0.082772
0.000027
0.000541
0.078690
0.000075
0.000041
0.073828
0.037587
0.000105
0.000563
0.086445
0.037524
0.076995
0.000935
0.000041
0.002918
0.000413
0.000892
0.000931
0.000956
0.000694
0.080782
0.000867
0.079587
0.000032
0.000000
0.000316
0.039227
0.077199
0.004095
0.023019
0.040311
0.000511
0.000054
0.038536
0.076169
0.002895
0.000037
0.083707
0.085875
0.027773
0.081134
0.022207
0.000103
0.040340
0.080735
0.004031
0.003942
0.000864
0.002857
0.024448
0.089793
0.080458
0.001117
0.040988
0.000061
0.000012
0.023376
0.003925
0.080947
0.002902
0.002893
0.002812
0.079419
0.003271
0.000025
0.000026
0.039357
0.000491
0.000101
0.002963
0.084663
0.002878
0.000092
0.004125
0.000065
0.000974
0.083406
0.072693
0.000932
0.005087
0.038334
0.002841
0.000075
0.002996
0.004793
0.025044
0.004193
0.000379
0.000695
0.080482
0.000003
0.002993
0.086582
0.023277
0.072073
0.002838
0.000055
0.000443
0.000420
0.000032
0.000426
0.022907
0.000426
0.084304
0.000042
0.078132
0.023003
0.001255
0.085454
0.002819
0.000379
0.024259
0.000326
0.002868
0.022766
0.080444
0.023320
0.000925
0.073088
0.000030
0.086044
0.078803
0.005676
0.078090
0.107325
0.000628
0.000372
0.000830
0.000033
0.082687
0.000085
0.000469
0.000111
0.040076
0.084855
0.022943
0.004205
0.038343
0.000078
0.000001
0.000002
0.000030
0.000069
0.037628
0.020834
0.002910
0.000039
0.002940
0.002853
0.024940
0.073022
0.079278
0.022889
0.037813
0.002843
0.040670
0.286383
0.000829
0.084749
0.001856
0.000002
0.000472
0.000565
0.000769
0.000412
0.002866
0.000094
0.004075
0.000506
0.000048
0.000089
0.002964
0.037392
0.079974
0.000010
0.083432
0.000425
0.000024
0.004348
0.000457
0.004605
0.039310
0.037763
0.000789
0.081209
0.079361
0.003983
0.002901
0.023217
0.000027
0.037590
0.000105
0.000390
0.000036
0.002840
0.076438
0.004959
0.000456
0.005250
0.000845
0.040848
0.000907
0.040818
0.000031
0.000031
0.000042
0.079017
0.000044
0.003027
0.000095
0.078060
0.000848
0.001829
0.000488
0.002844
0.082690
0.166075
0.004177
0.037393
0.002913
0.004043
0.077521
0.022989
0.000896
0.077516
0.023500
0.023237
0.002875
0.002867
0.222647
0.004942
0.000434
0.002918
0.024535
0.000434
0.002964
0.007652
0.004014
0.000062
0.000001
0.000034
0.240811
0.000418
0.000025
0.002813
0.004005
0.002884
0.002779
0.000430
0.000424
0.074557
0.000346
0.074869
0.085009
0.077724
0.083093
0.000002
0.080612
0.037955
0.082115
0.083729
0.000060
0.000065
0.082624
0.001018
0.001052
0.000781
0.000449
0.001027
0.001072
0.004367
0.000826
0.002883
0.234581
0.079391
0.074766
0.000864
0.000737
0.000125
0.000809
0.080169
0.000727
0.000110
0.000872
0.002886
0.002961
0.145155
0.002905
0.000391
0.000814
0.002906
0.000121
0.000711
0.000083
0.002822
0.000875
0.000054
0.002931
0.000103
0.002876
0.003991
0.000849
0.000740
0.094363
0.000072
0.023027
0.023306
0.000023
0.083826
0.000003
0.004913
0.000137
0.000002
0.000511
0.000066
0.040366
0.004048
0.039887
0.002864
0.078255
0.023237
0.000393
0.000026
0.004001
0.002932
0.080486
0.002012
0.005312
0.000990
0.082697
0.078561
0.002872
0.028528
0.000282
0.000840
0.000518
0.000920
0.001517
0.002975
0.023011
0.000908
0.002881
0.000068
0.000313
0.000890
0.020252
0.078594
0.022754
0.001182
0.079959
0.000774
0.002963
0.000008
0.000178
0.072205
0.003504
0.079562
0.222015
0.000502
0.000124
0.081431
0.000453
0.002983
0.039169
0.000507
0.075857
0.000685
0.000911
0.000804
0.002960
0.083265
0.036533
0.083044
0.000032
0.000906
0.000851
0.004077
0.000797
0.005122
0.000001
0.004236
0.000100
0.000021
0.083548
0.000075
0.002927
0.040888
0.000002
0.003062
0.082870
0.000753
0.000778
0.080787
0.000398
0.004016
0.002820
0.000376
0.084135
0.000168
0.073612
0.000099
0.000868
0.002911
0.002926
0.036630
0.000916
0.000587
0.001833
0.004696
0.079272
0.000847
0.000001
0.074503
0.000944
0.000001
0.000385
0.000375
0.000151
0.002993
0.002904
0.000931
0.023065
0.004050
0.000090
0.000452
0.000069
0.003825
0.037615
0.000782
0.000033
0.000832
0.078277
0.004825
0.000002
0.037548
0.000094
0.004070
0.000950
0.000002
0.079075
0.038980
0.002860
0.002937
0.000911
0.001050
0.000911
0.000480
0.000899
0.076329
0.000852
0.000915
0.000151
0.023252
0.000027
0.078994
0.002887
0.087768
0.076046
0.079196
0.000001
0.037610
0.000762
0.084474
0.072713
0.000937
0.003878
0.081605
0.002795
0.003018
0.002866
0.000425
0.080121
0.040032
0.039312
0.000036
0.024323
0.002864
0.000786
0.005009
0.000824
0.000425
0.000859
0.000782
0.000820
0.000345
0.023440
0.000439
0.072811
0.000140
0.076715
0.000198
0.000048
0.000262
0.000928
0.000794
0.000768
0.000053
0.004301
0.023023
0.079339
1.013743
0.071507
0.003815
0.004096
0.002845
0.000138
0.000922
0.000993
0.000762
0.000963
0.000908
0.000880
0.080099
0.073305
0.020309
0.082309
0.086046
0.000001
0.000817
0.079713
0.023366
0.022964
0.000935
0.000080
0.022665
0.000529
0.002938
0.000848
0.000002
0.081399
0.083508
0.000039
0.000512
0.000901
0.075595
0.004199
0.000035
0.082253
0.000490
0.000040
0.003774
0.000525
0.002920
0.000001
0.000388
0.082207
0.229054
0.000645
0.000552
0.000002
0.000002
0.003362
0.023258
0.004921
0.004178
0.000031
0.040665
0.080989
0.000512
0.000637
0.002777
0.002888
0.002877
0.022965
0.001059
0.040201
0.000439
0.004032
0.002787
0.000424
0.000498
0.077534
0.000064
0.080702
0.001057
0.075071
0.000069
0.029415
0.247609
0.000035
0.037877
0.000889
0.000070
0.000764
0.000046
0.080543
0.000008
0.000101
0.077368
0.000503
0.002914
0.024509
0.000033
0.085353
0.082027
0.079228
0.083208
0.022990
0.000027
0.000000
0.038322
0.084314
0.000498
0.267796
0.000664
0.078127
0.000462
0.022807
0.002929
0.000878
0.296015
0.000483
0.000002
0.000046
0.000510
0.091733
0.082843
0.082404
0.085547
0.078481
0.000358
0.000034
0.000002
0.076536
0.000918
0.002817
0.004169
0.000010
0.000002
0.037134
0.080178
0.000001
0.023835
0.079791
0.000523
0.000002
0.000808
0.037681
0.000884
0.004009
0.000455
0.000012
0.000529
0.000002
0.000001
0.000857
0.000576
0.076209
0.000099
0.037840
0.000007
0.002875
0.022928
0.039531
0.083893
0.023411
0.000131
0.020476
0.000468
0.000001
0.000449
0.000033
0.022421
0.000037
0.000042
0.000031
0.000868
0.000466
0.000038
0.241336
0.038029
0.073623
0.025356
0.029758
0.084797
0.000850
0.000034
0.002874
0.000006
0.002928
0.000467
0.081209
0.000029
0.000969
0.082493
0.000563
0.000100
0.022744
0.004135
0.079675
0.000056
0.000908
0.000442
0.000003
0.001004
0.000037
0.000840
0.000845
0.000495
0.002885
0.000031
0.000067
0.000022
0.004116
0.083623
0.000826
0.000056
0.076119
0.000792
0.000796
0.039942
0.000184
0.023408
0.000877
0.001145
0.085596
0.000965
0.224369
0.000896
0.040305
0.000110
0.081278
0.009528
0.002950
0.037779
0.000073
0.039568
0.000795
0.082586
0.000131
0.004115
0.000037
0.077960
0.000002
0.000391
0.002868
0.000037
0.000026
0.080303
0.038402
0.003914
0.023463
0.002922
0.000002
0.022748
0.000251
0.000447
0.000134
0.000030
0.038815
0.002872
0.003981
0.000086
0.000121
0.000447
0.000032
0.000427
0.000445
0.000507
0.077737
0.004133
0.000373
0.000769
0.000138
0.000111
0.079070
0.002915
0.000922
0.000748
0.001020
0.000039
0.000537
0.000869
0.000083
0.000390
0.000384
0.000477
0.022961
0.001183
0.003984
0.000447
0.002846
0.002952
0.000425
0.007908
0.000002
0.000818
0.000727
0.000008
0.000507
0.002946
0.023064
0.000062
0.002947
0.004101
0.002940
0.080156
0.000905
0.039349
0.000511
0.000030
0.002957
0.000003
0.037576
0.030933
0.000065
0.000890
0.000974
0.000021
0.039618
0.037298
0.000028
0.000372
0.000788
0.038445
0.038890
0.000132
0.002947
0.000081
0.000792
0.000102
0.081013
0.003973
0.085990
0.023005
0.039573
0.000088
0.002907
0.083286
0.040123
0.038934
0.000855
0.075996
0.002877
0.000850
0.040165
0.077440
0.077308
0.000785
0.000479
0.022727
0.002894
0.000336
0.000425
0.000505
0.000001
0.001064
0.000038
0.039329
0.079150
0.000038
0.000399
0.022902
0.082940
0.086964
0.000681
0.000065
0.000032
0.000030
0.000023
0.000025
0.000303
0.000419
0.022897
0.000025
0.023545
0.023134
0.004715
0.079072
0.002891
0.002831
0.000491
0.022293
0.000402
0.000027
0.000488
0.000507
0.000112
0.041098
0.077801
0.037603
0.077713
0.000131
0.000122
0.000032
0.086243
0.000001
0.037483
0.000432
0.023726
0.000020
0.000027
0.024234
0.077518
0.007858
0.000063
0.000033
0.002890
0.000873
0.022913
0.000002
0.000002
0.000449
0.022810
0.081166
0.000000
0.087849
0.004341
0.074948
0.002837
0.004218
0.004135
0.084010
0.077147
0.084740
0.040142
0.039383
0.075980
0.003963
0.000111
0.002923
0.000857
0.000749
0.000256
0.000035
0.081243
0.085850
0.004138
0.000028
0.078778
0.002838
0.081210
0.001094
0.000397
0.000500
0.000098
0.233333
0.037947
0.075666
0.000079
0.002933
0.002802
0.002803
0.002869
0.077766
0.079406
0.004007
0.002948
0.037552
0.000456
0.000001
0.152511
0.002280
0.022714
0.003951
0.004148
0.000432
0.000382
0.002733
0.023507
0.000335
0.000416
0.000440
0.002809
0.002880
0.000821
0.000214
0.002897
0.000792
0.000406
0.000502
0.000400
0.040307
0.000551
0.038593
0.238074
0.080676
0.000423
0.000501
0.082780
0.000473
0.040641
0.037600
0.040400
0.000514
0.087976
0.038749
0.000002
0.076111
0.091024
0.040534
0.037893
0.000015
0.000026
0.000053
0.037720
0.000873
0.000166
0.002942
0.037611
0.023033
0.002821
0.000003
0.023910
0.078457
0.000031
0.002884
0.218990
0.003191
0.023280
0.000499
0.000889
0.000485
0.030718
0.000489
0.023020
0.040044
0.081867
0.004134
0.000031
0.007044
0.000053
0.002968
0.000435
0.000412
0.000816
0.076070
0.078332
0.084502
0.004025
0.003597
0.072736
0.002900
0.040897
0.037570
0.040030
0.000061
0.000035
0.081196
0.004090
0.000057
0.082519
0.000538
0.000061
0.000031
0.000058
0.000116
0.080653
0.000002
0.000868
0.000043
0.004130
0.000016
0.000916
0.000798
0.000179
0.275704
0.083355
0.000460
0.000048
0.084056
0.022856
0.000026
0.000029
0.000032
0.040299
0.002878
0.077711
0.040699
0.023497
0.000794
0.000889
0.075666
0.077443
0.080019
0.000907
0.000862
0.039904
0.000137
0.080416
0.075974
0.000006
0.085165
0.081628
0.002947
0.000980
0.039568
0.080983
0.000082
0.000457
0.000034
0.000002
0.000041
0.086837
0.000325
0.002854
0.004462
0.000041
0.000030
0.000097
0.001840
0.004367
0.038278
0.000024
0.003746
0.000902
0.078125
0.000354
0.000825
0.002954
0.000031
0.004108
0.000940
0.000000
0.002870
0.000028
0.000824
0.000062
0.000348
0.000049
0.038324
0.000067
0.000058
0.000027
0.000048
0.002876
0.000032
0.000059
0.004338
0.002828
0.002819
0.081756
0.081614
0.079232
0.000874
0.000525
0.037758
0.000001
0.000026
0.000029
0.037741
0.000001
0.000000
0.022888
0.000477
0.037376
0.004062
0.000032
0.037425
0.000063
0.000039
0.002839
0.002884
0.084191
0.002895
0.071871
0.000979
0.000399
0.000838
0.001886
0.073612
0.080948
0.083100
0.000005
0.000421
0.074935
0.000500
0.003989
0.000057
0.000067
0.000070
0.022725
0.002888
0.002766
0.003963
0.085208
0.000497
0.037575
0.000031
0.075453
0.000577
0.000159
0.088090
0.000218
0.000049
0.000218
0.004005
0.002888
0.000923
0.000032
0.027497
0.000013
0.031215
0.087481
0.000764
0.000132
0.077582
0.086559
0.000030
0.004358
0.000072
0.000904
0.000023
0.022854
0.081339
0.000026
0.000004
0.000038
0.078751
0.037484
0.000035
0.001951
0.000538
0.002878
0.000730
0.087092
0.002910
0.000447
0.004095
0.001045
0.000339
0.000048
0.082096
0.000846
0.002891
0.087053
0.000809
0.002901
0.084168
0.000002
0.004086
0.040960
0.000037
0.000824
0.234195
0.000038
0.001851
0.002855
0.000374
0.079412
0.002957
0.000091
0.006983
0.002964
0.001219
0.000002
0.000003
0.038903
0.070903
0.000002
0.000377
0.000049
0.000753
0.000768
0.076319
0.082489
0.023272
0.000033
0.000032
0.002854
0.002795
0.000789
0.037681
0.079259
0.088930
0.003760
0.038005
0.037511
0.000052
0.004094
0.231717
0.000037
0.000060
0.000861
0.000147
0.020360
0.000095
0.000035
0.084300
0.000564
0.000243
0.306627
0.000829
0.004965
0.078689
0.081952
0.000867
0.023205
0.000069
0.000774
0.000544
0.000029
0.081242
0.000027
0.000548
0.000843
0.000886
0.000841
0.000043
0.000123
0.000485
0.022757
0.037301
0.038255
0.000050
0.022824
0.002987
0.002896
0.037562
0.080294
0.002912
0.002881
0.000002
0.000111
0.002903
0.000030
0.000003
0.000027
0.000959
0.073428
0.020516
0.083950
0.077852
0.000886
0.004082
0.000002
0.000090
0.000417
0.000033
0.081450
0.007202
0.000034
0.003995
0.000443
0.000002
0.000002
0.083379
0.000863
0.000890
0.000872
0.000848
0.000920
0.001073
0.000939
0.000829
0.001187
0.001092
0.000517
0.038944
0.002929
0.037428
0.078036
0.000034
0.003574
0.081103
0.023513
0.077496
0.037832
0.000839
0.004240
0.077025
1.484463
0.000112
0.037831
0.000002
0.000045
0.023282
0.002932
0.080385
0.085701
0.075258
0.037599
0.005167
0.083147
0.144474
0.000479
0.000098
0.000002
0.000029
0.039457
0.002830
0.000026
0.084953
0.000100
0.037606
0.023098
0.000001
0.002867
0.003058
0.000958
0.004107
0.085807
0.023240
0.000073
0.003916
0.004004
0.000779
0.038771
0.039395
0.002870
0.000375
0.000027
0.000534
0.000118
0.000826
0.004001
0.075901
0.002994
0.000026
0.078812
0.082462
0.080212
0.000027
0.004159
0.000514
0.004305
0.000033
0.038155
0.002858
0.082517
0.022955
0.001000
0.000461
0.000537
0.000722
0.000813
0.077118
0.023087
0.082288
0.000031
0.079530
0.077233
0.080987
0.004107
0.000525
0.023441
0.000053
0.243682
0.000002
0.000777
0.000026
0.000370
0.000469
0.000034
0.074771
0.077520
0.077010
0.000756
0.080494
0.002815
0.000873
0.000934
0.023357
0.022870
0.000750
0.000478
0.022814
0.002923
0.000018
0.000051
0.083478
0.002813
0.088994
0.078538
0.002877
0.002937
0.082873
0.024281
0.000073
0.039373
0.000454
0.077054
0.004080
0.000058
0.000041
0.000449
0.000024
0.000571
0.004068
0.078756
0.231727
0.028467
0.000791
0.002906
0.003676
0.072980
0.022736
0.040759
0.006243
0.000061
0.000860
0.000716
0.023442
0.002922
0.002976
0.040918
0.000112
0.000255
0.037376
0.002905
0.004176
0.000778
0.027544
0.002908
0.038763
0.023572
0.000577
0.002880
0.000095
0.000435
0.000002
0.000117
0.000002
0.000020
0.000478
0.082691
0.083959
0.000029
0.002804
0.000474
0.000361
0.002967
0.004193
0.000029
0.000294
0.000441
0.001941
0.073225
0.000002
0.000816
0.000418
0.002854
0.000081
0.004243
0.079517
0.000400
0.004157
0.086531
0.004871
0.089524
0.002880
0.000028
0.000831
0.000509
0.081604
0.000938
0.039908
0.000819
0.000105
0.000034
0.000048
0.000192
0.005729
0.000029
0.078867
0.037631
0.000104
0.037680
0.081311
0.000001
0.005548
0.000450
0.039526
0.079788
0.002900
0.000370
0.000511
0.000070
0.024474
0.037393
0.000163
0.002860
0.000405
0.000029
0.073120
0.004246
0.092405
0.000413
0.000050
0.231771
0.005003
0.000364
0.000036
0.000258
0.087014
0.023402
0.000730
0.002865
0.000792
0.000742
0.082947
0.000133
0.020161
0.000845
0.024310
0.000757
0.002859
0.002875
0.000034
0.025161
0.002907
0.000480
0.030739
0.001011
0.000060
0.000953
0.026713
0.000037
0.005086
0.048462
0.000136
0.079119
0.081109
0.022818
0.000060
0.000533
0.022750
0.000073
0.038319
0.000032
0.072624
0.040040
0.037513
0.074476
0.002837
0.000035
0.000097
0.040413
0.000023
0.000833
0.005711
0.073397
0.086150
0.000032
0.000540
0.085477
0.004201
0.000878
0.081588
0.000025
0.000508
0.000575
0.000025
0.000043
0.000883
0.000835
0.000030
0.000805
0.022650
0.002832
0.000941
0.077382
0.085151
0.000842
0.005028
0.022700
0.000470
0.004004
0.038975
0.000412
0.002911
0.000042
0.000822
0.002948
0.000360
0.000021
0.239709
0.005026
0.000837
0.000969
0.000535
0.000000
0.075716
0.024001
0.000002
0.000071
0.002885
0.038369
0.000086
0.038364
0.002931
0.000014
0.000050
0.000056
0.000118
0.025023
0.022752
0.002843
0.000921
0.000121
0.000002
0.002900
0.000793
0.000002
0.000032
0.000001
0.000065
0.076389
0.078267
0.079068
0.000041
0.004923
0.000130
0.000798
0.000810
0.000059
0.000003
0.000402
0.000455
0.000863
0.000002
0.002991
0.022901
0.000002
0.003001
0.084416
0.073771
0.000731
0.000507
0.000034
0.000511
0.000040
0.000042
0.000547
0.082979
0.000426
0.000322
0.000000
0.039051
0.000402
0.000532
0.249967
0.004229
0.040671
0.002867
0.076710
0.000150
0.000899
0.006741
0.000002
0.023378
0.000820
0.000104
0.083243
0.000025
0.000001
0.000055
0.000060
0.000024
0.000061
0.000878
0.002859
0.000105
0.000082
0.000040
0.076121
0.000520
0.000782
0.002940
0.000139
0.004296
0.082059
0.000326
0.077253
0.287655
0.000029
0.000772
0.003934
0.037632
0.000438
0.073269
0.000369
0.000367
0.083537
0.002931
0.000040
0.000002
0.000528
0.234399
0.000040
0.037951
0.000029
0.000651
0.000100
0.000105
0.040849
0.040681
0.000363
0.088910
0.000003
0.000168
0.002889
0.023092
0.075680
0.083211
0.000056
0.023421
0.239640
0.000001
0.000324
0.022733
0.000540
0.000230
0.000056
0.080374
0.077393
0.002817
0.000327
0.000790
0.004103
0.000471
0.000070
0.087139
0.000133
0.000097
0.000081
0.000092
0.020536
0.000035
0.000147
0.000040
0.003917
0.000022
0.008425
0.022844
0.000074
0.000675
0.040678
0.002920
0.000911
0.002888
0.000002
0.000122
0.000821
0.000989
0.002918
0.157698
0.001025
0.000094
0.037452
0.003695
0.000857
0.040210
0.228455
0.272801
0.037499
0.037655
0.000119
0.000038
0.022760
0.000824
0.023422
0.000140
0.000113
0.000497
0.000118
0.036212
0.002778
0.078424
0.023527
0.000427
0.001207
0.000442
0.000835
0.079750
0.000020
0.000037
0.000152
0.082457
0.002860
0.085130
0.080282
0.082670
0.003001
0.073417
0.022723
0.000038
0.004530
0.022849
0.037398
0.082396
0.000120
0.075209
0.000544
0.000027
0.080785
0.000006
0.000191
0.002898
0.000090
0.000002
0.000476
0.000416
0.000358
0.023165
0.000537
0.004017
0.037885
0.083533
0.023127
0.000466
0.075120
0.000900
0.000043
0.079944
0.079168
0.082638
0.000087
0.040807
0.086349
0.079890
0.000553
0.000034
0.002908
0.078669
0.000100
0.082412
0.000165
0.000442
0.090585
0.004186
0.002794
0.002970
0.000036
0.000051
0.002881
0.038576
0.000144
0.000815
0.000071
0.002893
0.000860
0.000850
0.226942
0.001932
0.002790
0.000028
0.000032
0.000066
0.003924
0.075195
0.079052
0.000026
0.002877
0.000007
0.000001
0.080888
0.079304
0.004009
0.002992
0.000075
0.002879
0.000950
0.002880
0.000042
0.000003
0.000884
0.000453
0.077583
0.000863
0.002893
0.000496
0.000975
0.077557
0.000787
0.000452
0.002831
0.000455
0.077723
0.079349
0.000798
0.000806
0.002906
0.000054
0.078731
0.081635
0.000077
0.000808
0.084721
0.004973
0.000456
0.002939
0.000955
0.003717
0.000002
0.000000
0.003969
0.002881
0.006481
0.000364
0.002897
0.230663
0.000657
0.004086
0.000866
0.037483
0.000001
0.022729
0.000109
0.000404
0.003938
0.023532
0.000033
0.023531
0.000943
0.000857
0.000065
0.002848
0.000003
0.000512
0.000060
0.000118
0.027125
0.000033
0.081412
0.002908
0.000851
0.000858
0.080333
0.002894
0.000032
0.004946
0.000489
0.002904
0.002794
0.080672
0.023005
0.078223
0.000385
0.000392
0.000168
0.000858
0.004240
0.000004
0.000037
0.002920
0.000789
0.000076
0.000836
0.037335
0.157011
0.085776
0.000864
0.022884
0.004037
0.022802
0.000997
0.000729
0.084521
0.000869
0.000157
0.000133
0.022846
0.082316
0.000399
0.000018
0.003423
0.000030
0.000049
0.038811
0.003708
0.004102
0.074497
0.083348
0.037776
0.000503
0.002939
0.005439
0.002914
0.080123
0.000001
0.000477
0.000002
0.077548
0.000023
0.081293
0.001077
2.015895
0.082078
0.000504
0.000036
0.000057
0.073417
0.038714
0.028080
0.000083
0.003601
0.004020
0.002860
0.000786
0.004095
0.004556
0.082009
0.000022
0.000552
0.077648
0.000807
0.073523
0.038820
0.002898
2.081850
0.085125
0.003980
0.002890
0.000037
0.000001
0.086434
0.000001
0.000008
0.000410
0.080731
0.000154
0.037478
0.080550
0.081280
0.002868
0.022783
0.002888
0.000811
0.089351
0.083603
0.000031
0.076404
0.000837
0.000826
0.000948
0.000097
0.037279
0.000849
0.074219
0.004135
0.000819
0.024274
0.000066
0.022982
0.000123
0.002872
0.083696
0.040813
0.000926
0.000127
0.000019
0.000034
0.000161
0.000001
0.000363
0.022923
0.000635
0.000736
0.003039
0.002947
0.000392
1.985224
0.000003
0.002893
0.075798
0.022525
0.000524
0.000444
0.079973
0.000510
0.076511
0.000018
0.000074
0.081982
0.000058
0.000147
0.082451
0.000838
0.040129
0.077575
0.073584
0.000106
0.000031
0.079369
0.004161
0.082212
0.000983
0.002905
0.004103
0.004306
0.076862
0.000046
0.002898
0.080288
0.000036
0.002843
0.078731
0.000027
0.000050
0.000874
0.000030
0.000064
0.000739
0.000039
0.000061
0.004905
0.075119
0.000033
0.000783
0.000039
0.002970
0.000835
0.000928
0.000879
0.000819
0.000033
0.002934
0.000072
0.004150
0.000476
0.000061
0.084082
0.003975
0.000049
0.000035
0.000867
0.000011
0.003740
0.005761
0.000001
0.004605
0.038756
0.000491
0.083873
0.040395
0.000480
0.000401
0.000430
0.004013
0.000024
0.000335
0.073843
0.002863
0.000002
0.000532
0.000089
0.023001
0.000392
0.081678
0.002894
0.039458
0.000040
0.002886
0.039635
0.003896
0.000783
0.024331
0.000166
0.000164
0.000495
0.000473
0.039905
0.000121
0.082960
0.000918
0.000031
0.000055
0.000122
0.024785
0.002905
0.000151
0.022842
0.000452
0.040710
0.000025
0.003026
0.000136
0.038479
0.080922
0.022332
0.079409
0.000313
0.000364
0.001842
0.078156
0.001596
0.000072
1.013457
0.000475
0.000072
0.000032
0.000026
0.000005
0.000853
0.004087
0.000447
0.000008
0.000069
0.000863
0.002994
0.000621
0.000056
0.000850
0.000066
0.000016
0.000706
0.000052
0.039900
0.000857
0.079165
0.000895
0.081666
0.000000
0.000430
0.037662
0.037679
0.003013
0.000067
0.000027
0.000851
0.019850
0.000008
0.003013
0.040954
0.000533
0.000074
0.000418
0.040344
0.004892
0.000777
0.000021
0.000133
0.000040
0.040121
0.000086
0.000033
0.000525
0.000064
0.077520
0.000026
0.038971
0.000762
0.037613
0.004120
0.023626
0.002876
0.027532
0.000131
0.000190
0.000011
0.076576
0.000442
0.003952
0.080973
0.000733
0.000351
0.002949
0.023607
0.002866
0.000881
0.077121
0.076561
0.000161
0.000534
0.000045
0.000085
0.081666
0.000056
0.002918
0.004701
0.000019
0.002869
0.040794
0.024399
0.000002
0.038798
0.000414
0.023462
0.004900
0.000070
0.004096
0.000385
0.000451
0.078187
0.000119
0.039549
0.000537
0.002904
0.019716
0.000778
0.000045
0.000126
0.008260
0.000118
0.002876
0.002895
0.002955
0.002841
0.005531
0.000001
0.002961
0.000515
0.000001
0.022755
0.000639
0.002889
0.022707
0.031098
0.000120
0.020313
0.022796
0.000086
0.002982
0.081050
0.000095
0.275859
0.077180
0.000030
0.086291
0.037171
0.082603
0.290419
0.000031
0.000023
0.040633
0.000048
0.000000
0.004099
0.040529
0.040133
0.000089
0.072238
0.002928
0.000030
0.000002
0.000005
0.082691
0.000078
0.000044
0.004077
0.000030
0.000061
0.041034
0.000076
0.000109
0.000903
0.000470
0.000396
0.001232
0.004108
0.038542
0.002898
0.000401
0.001196
0.001969
0.001003
0.081835
0.000001
0.083933
0.000037
0.081245
0.000837
0.072482
0.000904
0.000032
0.087444
0.001016
0.000003
0.079734
0.005210
0.037405
0.000441
0.039813
0.079665
0.000406
0.000039
0.038114
0.000067
0.001004
0.003715
0.037969
0.000860
0.000033
0.000528
0.000007
0.000084
0.023268
0.000525
0.084811
0.003009
0.000472
0.000001
0.000820
0.000000
0.000033
0.075176
0.000034
0.000862
0.000006
0.000041
0.002969
0.087013
0.000407
0.022730
0.002983
0.079338
0.004146
0.079259
0.038802
0.000430
0.002949
0.087169
0.000001
0.000072
0.000034
0.000617
0.023391
0.004109
0.002853
0.079585
0.000036
0.074212
0.022949
0.002938
0.024568
0.038339
0.040139
0.000769
0.000359
0.000454
0.003951
0.004288
0.000405
0.073795
0.000079
0.000983
0.002967
0.000481
0.000038
0.000979
0.000281
0.023012
0.023668
0.006756
0.037542
0.000995
0.022963
0.038231
0.039929
0.000878
0.187115
0.000519
0.000030
0.081405
0.083805
0.004205
0.000152
0.037691
0.084741
0.084575
0.000386
0.002952
0.000888
0.002786
0.002982
0.038765
0.033178
0.000496
0.000572
0.000481
0.079672
0.078837
0.000027
0.000677
0.077040
0.000901
0.002162
0.023718
0.038276
0.002886
0.000449
0.000096
0.002893
0.074726
0.000695
0.000000
0.000047
0.000880
0.000100
0.000742
0.000498
0.080919
0.000811
0.091127
0.000031
0.000873
0.000761
0.077313
0.000054
0.086058
0.000122
0.004746
0.000047
0.000889
0.000169
0.002978
0.000421
0.000464
0.000395
0.000784
0.004089
0.000470
0.002914
0.002861
0.003810
0.000791
0.000795
0.000475
0.001259
0.078635
0.000001
0.002998
0.040819
0.000774
0.000000
0.004002
0.000002
0.000936
0.000071
0.078359
0.040346
0.082448
0.004190
0.000036
0.000067
0.002917
0.004282
0.000067
0.000001
0.000026
0.002866
0.003900
0.073034
0.002897
0.004682
0.001002
0.027584
0.000503
0.004102
0.081622
0.000002
0.082556
0.023446
0.039515
0.038829
0.000041
0.000338
0.000146
0.000002
0.000002
0.000032
0.000404
0.080535
0.000408
0.000511
0.023457
0.000004
0.000002
0.000104
0.000494
0.002981
0.004114
0.086306
0.000040
0.076431
0.000848
0.000026
0.081392
0.038216
0.077424
0.000833
0.022727
0.000450
0.086972
0.000040
0.000466
0.078684
0.040591
0.000907
0.000036
0.000330
0.000433
0.004525
0.000047
0.039794
0.039928
0.040525
0.077537
0.004753
0.000915
0.002861
0.000506
0.003449
0.092230
0.022963
0.077472
0.000918
0.023496
0.000028
0.000059
0.000091
0.000811
0.002950
0.000003
0.000002
0.082019
0.078331
0.040972
0.083258
0.081033
0.025437
0.079853
0.037590
0.023437
0.072640
0.001069
0.004916
0.080369
0.085838
0.002763
0.000036
0.039574
0.000064
0.000075
0.000481
0.000001
0.075648
0.000042
0.078937
0.000026
0.000036
0.039978
0.022751
0.000946
0.000002
0.000116
0.000065
0.037905
0.082030
0.082925
0.084935
0.002901
0.024236
0.037710
0.002908
0.000055
0.000888
0.082369
0.002983
0.000002
0.000073
0.003961
0.002757
0.081199
0.084396
0.074218
0.000512
0.020298
0.077016
0.000434
0.082917
0.000425
0.000007
0.002866
0.000454
0.000796
0.002906
0.022872
0.000003
0.023160
0.083931
0.000731
0.147385
0.022913
0.027389
0.004277
0.037780
0.002840
0.086002
0.083233
0.002922
0.000503
0.003977
0.023079
0.000446
0.000028
0.000022
0.002900
0.000844
0.022963
0.004127
0.000774
0.000412
0.074931
0.000471
0.084925
0.001956
0.085807
0.001084
0.000030
0.000735
0.080466
0.023308
0.003948
0.079924
0.037893
0.000955
0.040144
0.004050
0.002924
0.002928
0.000821
0.081876
0.000845
0.003949
0.004046
0.080246
0.000401
0.082094
0.080866
0.080888
0.084382
0.026603
0.073828
0.081731
0.000030
0.023400
0.000039
0.000509
0.000454
0.002884
0.000724
0.000102
0.000779
0.000113
0.000430
0.237212
0.003020
0.000028
0.000074
0.081043
0.000726
0.002818
0.038814
0.000108
0.037436
0.000043
0.022811
0.181672
0.000040
0.003048
0.000990
0.037934
0.000002
0.080368
0.024309
0.000002
0.000027
0.026325
0.002900
0.085570
0.000001
0.038053
0.000459
0.022685
0.003002
0.037453
0.037370
0.078284
0.000773
0.000450
0.000484
0.000512
0.000359
0.027989
0.000414
0.000829
0.000025
0.000033
0.000884
0.000689
0.079557
0.003293
0.000132
0.000440
0.078990
0.082484
0.002920
0.023248
0.075700
0.150743
0.085160
0.040532
0.022975
0.002996
0.000317
0.000002
0.002917
0.292155
0.078558
0.000028
0.004936
0.000458
0.000044
0.000002
0.072594
0.084458
0.080481
0.000026
0.000102
0.000122
0.002885
0.078432
0.002978
0.000056
0.022760
0.003165
0.000931
0.000866
0.087063
0.235422
0.038431
0.084397
0.000333
0.004262
0.000031
0.040745
0.082853
0.000935
0.003541
0.077911
0.000034
0.000046
0.000934
0.038713
1.966338
0.040613
0.004021
0.000432
0.000039
0.000817
0.000044
0.004004
1.976251
0.074721
0.022931
0.002941
0.078158
0.084926
0.000475
0.003976
0.080608
0.000023
0.040081
0.038608
0.079050
0.004952
0.038904
0.083540
0.000048
0.000002
0.038358
0.002779
0.000031
0.004336
0.004599
0.081147
0.000007
0.080468
0.296589
0.083919
0.000056
0.076520
0.004089
0.079405
0.004961
0.000022
0.000027
0.002859
0.000985
0.026203
0.038351
0.090260
0.002895
0.002956
0.002905
0.000044
0.037627
0.090514
0.040513
0.000482
0.000093
0.037733
0.002836
0.002889
0.002832
0.027413
0.000067
0.004054
0.039306
0.000163
0.002790
0.000683
0.000135
1.960218
0.000904
0.000111
0.075427
0.000038
0.000538
0.081021
0.023418
0.003305
0.004118
0.000073
0.000027
0.002919
0.038794
0.002934
0.023283
0.000102
0.078824
0.075736
0.081032
0.003040
0.025943
1.965365
0.000124
0.088156
0.000440
0.000098
0.040798
0.022829
0.083135
0.000015
0.004027
0.000067
0.000892
0.002915
0.002026
0.003894
0.077770
0.002952
0.000484
0.000052
0.078697
0.004930
0.002890
0.084150
0.022748
0.080831
0.001876
0.000104
0.000056
0.000812
0.000851
0.000353
0.000462
0.000441
0.000496
0.068492
0.000029
0.037344
0.000632
0.084036
0.002963
0.002971
0.002914
0.000366
0.000061
0.000001
0.000034
0.000814
0.002926
0.000547
0.022949
0.002908
0.000847
0.037657
0.000038
0.004023
0.000039
0.000033
0.022772
0.000448
0.003428
0.076208
0.084554
0.000122
0.040183
0.004003
0.002957
0.078720
0.026374
0.040153
0.000440
0.074589
0.081455
0.039914
0.004772
0.003048
0.004089
0.004644
0.000052
0.000743
0.023379
0.088092
0.000002
0.078423
0.000382
0.022831
0.000017
0.079450
0.000041
0.000818
0.038852
0.071235
0.019739
0.077665
0.000035
0.002949
0.083164
0.037127
0.040745
0.000839
0.002940
0.004142
0.000416
0.000038
0.004041
0.037288
0.000096
0.075413
0.000439
0.000061
0.000772
0.000001
0.004655
0.265676
0.023508
0.004414
0.004637
0.080141
0.003059
0.080444
0.003042
0.004072
0.000383
0.000384
0.092551
0.078777
0.077660
0.239102
0.078387
0.000380
0.022736
0.004064
0.002914
0.000058
0.000105
0.000430
0.088315
0.022841
0.000061
0.000703
0.000498
0.028589
0.038431
0.040077
0.024373
0.000068
0.004918
0.002833
0.079771
0.000034
0.000422
0.003038
0.000425
0.000002
0.005085
0.000822
0.075287
0.004169
0.000002
0.082910
0.077725
0.002999
0.039402
0.002870
0.000029
0.002858
0.000001
0.000107
0.086207
0.075441
0.002932
0.000029
0.000454
0.000002
0.000881
0.040568
0.002843
0.000097
0.074383
0.000028
0.038646
0.082571
0.000037
0.000845
0.002942
0.078153
0.084704
0.023029
0.037776
0.000926
0.079626
0.232588
0.078332
0.000434
0.029527
0.023010
0.037898
0.000121
0.022962
0.077850
0.079777
0.000899
0.000915
0.003984
0.081246
0.000022
0.000028
0.000546
0.000001
0.002899
0.000427
0.000719
0.000694
0.076476
0.000706
0.081597
0.082874
0.089182
0.074662
0.003411
0.001047
0.001093
0.001054
0.001001
0.001008
0.079928
0.000001
0.000934
0.081332
0.022696
0.002910
0.000063
0.080648
0.000357
0.000026
0.000776
0.002984
0.000045
0.023436
0.002980
0.006021
0.077838
0.000042
0.037888
0.001058
0.004966
0.022843
0.023126
0.090896
0.023482
0.002835
0.079931
0.004022
0.000710
0.080897
0.000065
0.000067
0.000436
0.000554
0.000969
0.000760
0.024492
0.000076
0.003960
0.022940
0.000382
0.000795
0.000045
0.000775
0.000755
0.000603
0.000083
0.000831
0.000803
0.000112
0.000100
0.079564
0.086376
0.000623
0.000031
0.026772
0.000282
0.086255
0.000813
0.076659
0.000952
0.038273
0.079081
0.000502
0.037904
0.081960
0.002905
0.000023
0.080780
0.037893
0.003860
0.000474
0.000033
0.077564
0.000887
0.290933
0.000773
0.000041
0.028088
0.000781
0.000742
0.037714
0.001863
0.002927
0.080137
0.019939
0.022698
0.038261
0.085658
0.022840
0.000065
0.000100
0.000432
0.000165
0.079943
0.006798
0.000350
0.000866
0.079933
0.074873
0.000691
0.084401
0.000402
0.000398
0.004751
0.002915
0.000337
0.000027
0.000027
0.000142
0.023400
0.030420
0.081085
0.000020
0.000429
0.037154
0.000740
0.072713
0.000770
0.022854
0.078557
0.000055
0.000064
0.000752
0.000735
0.002838
0.000721
0.024415
0.039155
0.000016
0.093083
0.000302
0.000927
0.000464
0.025022
0.000002
0.000792
0.000784
0.000969
0.000055
0.076096
0.000817
0.000780
0.000068
0.079500
0.000437
0.000145
0.004065
0.024322
0.082929
0.000002
0.000874
0.037807
0.000050
0.000416
0.000505
0.004744
0.000706
0.000024
0.022582
0.000020
0.000183
0.000037
0.081617
0.076734
0.000927
0.000056
0.037349
0.004128
0.000783
0.222558
0.000001
0.004160
0.004517
0.000439
0.022814
0.074408
0.003010
0.000065
0.079605
0.078012
0.000957
0.002971
0.000789
0.003020
0.002926
0.000063
0.003010
0.082002
0.000493
0.002960
0.000894
0.004059
0.022634
0.000011
0.038078
0.082210
0.001005
0.074760
0.000750
0.078007
0.040671
0.000141
0.000074
0.000678
0.002937
0.025138
0.000418
0.004077
0.000355
0.038212
0.089074
0.005400
0.279758
0.000524
0.002961
0.080438
0.080471
0.074290
0.004641
0.000479
0.002843
0.080733
0.084699
0.002922
0.000365
0.076585
0.003041
0.000066
0.080098
0.004934
0.079362
0.264350
0.086807
0.000491
0.040089
0.000383
0.003033
0.002855
0.028139
0.023010
0.000424
0.000001
0.000534
0.072377
0.000001
0.000025
0.000022
0.037973
0.003021
0.023947
0.000028
0.075293
0.115856
0.000520
0.000127
0.000056
0.000001
0.000487
0.074941
0.079903
0.080674
0.000033
0.000585
0.080072
0.003983
0.001890
0.000561
0.082082
0.004100
0.000098
0.000432
0.073033
0.000044
0.002946
0.083739
0.026871
0.004098
0.081425
0.000037
0.000438
0.000832
0.074587
0.002901
0.030215
0.078646
0.028209
0.086594
0.005610
0.000539
0.004029
0.022544
0.024224
0.000474
0.000089
0.000835
0.002870
0.075855
0.084396
0.080106
0.000039
0.000001
0.000029
0.000020
0.000099
0.000046
0.000493
0.000435
0.000025
0.000030
0.002918
0.002984
0.002811
0.004027
0.000839
0.000021
0.000061
0.003023
0.000065
0.022493
0.002963
0.002849
0.080321
0.000924
0.000122
0.000934
0.000127
0.079276
0.000001
0.000022
0.000943
0.004135
0.005296
0.000851
0.082806
0.078772
0.002905
0.073440
0.000413
0.000787
0.000173
0.079083
0.000106
0.023358
0.000805
0.029755
0.004052
0.000042
0.000853
0.003005
0.004027
0.000813
0.004035
0.000133
0.000653
0.002918
0.000848
0.004937
0.000532
0.004016
0.000826
0.000756
0.000134
0.000487
0.000707
0.038140
0.039471
0.000101
0.000505
0.001236
0.000985
0.040437
0.323197
0.002927
0.000076
0.022803
0.000830
0.000002
0.080467
0.005072
0.076226
0.082579
0.000706
0.040131
0.024589
0.000024
0.000016
0.000031
0.040866
0.000027
0.008662
0.037953
0.000524
0.028388
0.000102
0.081603
0.026887
0.000384
0.077395
0.082229
0.083938
0.000029
0.000429
0.000121
0.000065
0.000843
0.079194
0.000831
0.004146
0.000344
0.073975
0.074275
0.002879
0.004117
0.083184
0.000034
0.032868
0.078914
0.001661
0.000444
0.037394
0.000001
0.000027
0.000067
0.000028
0.038215
0.000511
0.000164
0.000557
2.213112
0.004029
0.002998
0.000389
0.002880
0.025056
0.002933
0.000046
0.002832
0.151866
0.002877
0.004175
0.086348
0.039323
0.000114
0.000877
0.000776
0.000030
0.000773
0.000625
0.000444
0.087714
0.002915
0.000099
0.028232
0.037814
0.000038
0.037622
0.073470
0.025107
0.003243
0.000030
0.085702
0.000070
0.000043
0.003323
0.083105
0.000042
0.038907
0.000070
0.002928
0.022394
0.007058
0.082220
0.085428
0.024701
0.000027
0.000445
0.000425
0.037873
0.004730
0.000169
0.000453
0.000038
0.000841
0.000169
0.000050
0.000452
0.000410
0.038293
0.002953
0.023630
0.004888
0.000074
0.003543
0.002911
0.000028
0.000501
0.002982
0.080045
0.000128
0.000001
0.000459
0.000108
0.003993
0.002904
0.037532
0.000897
0.037923
0.027379
0.081383
0.085323
0.023330
0.075660
0.074255
0.002927
0.000495
0.078399
0.000478
0.074450
0.000023
0.000025
0.001138
0.031066
0.000598
0.004120
0.078479
0.022600
0.074597
0.000066
0.000501
0.000818
0.083107
0.026783
0.000935
0.000145
0.002846
0.075462
0.084211
0.003408
0.080891
0.029548
0.037605
0.000003
0.000000
0.000036
0.002934
0.000002
0.002912
0.000839
0.000416
0.087477
0.003630
0.000030
0.037340
0.043222
0.039418
0.000030
0.000000
0.073697
0.000068
0.024660
0.080729
0.081716
0.002816
0.000453
0.002872
0.000126
0.085437
0.000020
0.000965
0.022545
0.002804
0.000331
0.000892
0.022836
0.000727
0.000062
0.000809
0.000552
0.002895
0.000038
0.000000
0.000360
0.002967
0.085284
0.083923
0.000096
0.000414
0.000027
0.022965
0.000061
0.000071
0.000021
0.000000
0.002940
0.000075
0.000077
0.002844
0.000020
0.073900
0.075631
0.004034
0.000849
0.000510
0.002888
0.081423
0.038950
0.004003
0.080699
0.075960
0.000002
0.000034
0.003015
0.000463
0.037611
0.002948
0.000514
0.004730
0.000440
0.000538
0.039618
0.000055
0.000484
0.022805
0.037375
0.000006
0.001026
0.000091
0.000861
0.000034
0.000035
0.002924
0.002861
0.023057
0.002904
0.004103
0.080842
0.000882
0.038382
0.037689
0.000018
0.000827
0.000952
0.000003
0.022709
0.000725
0.000065
0.000799
0.222254
0.000482
0.000850
0.000880
0.022966
0.000432
0.000015
0.037559
0.086703
0.000620
0.000115
0.078334
0.000033
0.038838
0.022737
0.001045
0.000500
0.074270
0.000456
0.000067
0.000037
0.022701
0.000781
0.083050
0.000050
0.089722
0.004123
0.076236
0.000411
0.000903
0.000464
0.000023
0.004091
0.040230
0.081739
0.000015
0.039394
0.087022
0.000041
0.022698
0.037351
0.000118
0.000027
0.000062
0.000058
0.000034
0.004989
0.002963
0.000026
0.038540
0.081556
0.082316
0.033141
0.000001
0.077394
0.000845
0.094124
0.002058
0.077002
0.000411
0.006067
0.000760
0.005356
0.004022
0.000030
0.027681
0.084302
0.000034
0.000437
0.000099
0.030193
0.000053
0.078840
0.000043
0.000489
0.084796
0.002804
0.000977
0.000162
0.022777
0.000030
0.003026
0.000148
0.001161
0.000038
0.000757
0.000754
0.000074
0.000829
0.000897
0.000839
0.079487
0.000402
0.000391
0.000789
0.000788
0.000415
0.003356
0.004655
0.004038
0.000032
0.077054
0.084249
0.005088
0.000057
0.000079
0.000026
0.002946
0.002906
0.000451
0.002895
0.000888
0.000848
0.000557
0.000029
0.002871
0.000779
0.040240
0.000806
0.000053
0.075865
0.000996
0.000002
0.000060
0.002910
0.080344
0.040000
0.027934
0.002937
0.037625
0.000513
0.000424
0.000426
0.000002
0.023438
0.020162
0.002844
0.040133
0.000164
0.000775
0.084874
0.090091
0.000043
0.003720
0.000776
0.032189
0.088581
0.021865
0.000004
0.000038
0.000027
0.023341
0.002794
0.000033
0.004119
0.000057
0.000101
0.002887
0.000330
0.040599
0.002896
0.040392
0.000051
0.000022
0.004532
0.000825
0.022939
0.000028
0.082777
0.000832
0.023190
0.004039
0.000036
0.000001
0.000951
0.002929
0.002890
0.002764
0.004243
0.000099
0.000483
0.000740
0.076805
0.000036
0.002931
0.000018
0.000438
0.000358
0.000869
0.080135
0.000376
0.000540
0.000971
0.000437
0.001402
0.001791
0.003009
0.002945
0.003362
0.082172
0.000103
0.000036
0.000891
0.037640
0.000069
0.000002
0.000079
0.002858
0.037887
0.023267
0.077476
0.003963
0.002981
0.080180
0.093667
0.000116
0.079431
0.084047
0.003605
0.002964
0.086307
0.000003
0.000522
0.079426
0.002809
0.000041
0.003927
0.002923
0.000034
0.080174
0.037224
0.040824
0.004014
0.000001
0.000120
0.002965
0.000966
0.000470
0.073189
0.078263
0.004078
0.000908
0.000834
0.003951
0.020065
0.083035
0.000496
0.000051
0.022805
0.000552
0.000023
0.000131
0.000039
0.000001
0.000099
0.022973
0.000787
0.000851
0.000826
0.005076
0.000025
0.075367
0.000002
0.038381
0.000507
0.000486
0.000058
0.000419
0.000329
0.000380
0.000404
0.000060
0.000104
0.003903
0.003586
0.040818
0.000007
0.081055
0.038792
0.022554
0.038847
0.002803
0.078704
0.000449
0.002866
0.003009
0.000024
0.000062
0.000793
0.032331
0.000806
0.078271
0.000031
0.083556
0.000497
0.002908
0.000744
0.000348
0.002960
0.000861
0.000786
0.000062
0.040708
0.000846
0.087598
0.000016
0.040599
0.000331
0.004065
0.000107
0.000034
0.076264
0.000026
0.000795
0.037852
0.004713
0.004256
0.000037
0.005474
0.000361
0.000446
0.004070
0.002994
0.037687
0.002996
0.000430
0.000127
0.037601
0.000005
0.002976
0.004736
0.037618
0.071923
0.000395
0.002962
0.000169
0.023328
0.000844
0.000003
0.000941
0.004091
0.000493
0.000959
0.038206
0.000507
0.000419
0.040192
0.000017
0.000869
0.000131
0.000949
0.000484
0.022869
0.000411
0.023153
0.000441
0.079356
0.003931
0.083675
0.037571
0.078458
0.083841
0.002854
0.082607
0.000042
0.079355
0.088334
0.000043
0.023304
0.075712
0.236792
0.002817
0.022921
0.076524
0.000024
0.038796
0.000451
0.000092
0.004683
0.002880
0.023325
0.000675
0.000895
0.022732
0.081971
0.000383
0.082488
0.001390
0.074024
0.000382
0.000901
0.002931
0.073722
0.022850
0.037225
0.000029
0.002915
0.023413
0.004023
0.000067
0.000040
0.089030
0.022896
0.000334
0.004125
0.002936
0.000567
0.083971
0.039479
0.004777
1.069758
0.000434
0.002891
0.000206
0.037594
0.000657
0.039685
0.000565
0.000570
0.080666
0.000758
0.077439
0.004402
0.002895
0.000163
0.007295
0.000872
0.078395
0.000787
0.000072
0.000027
0.002916
0.083292
0.000060
0.000059
0.078827
0.004182
0.004223
0.000041
0.000775
0.074283
0.234217
0.083356
0.000629
0.083603
0.079277
0.003441
0.002864
0.000100
0.301198
0.071611
0.000802
0.000011
0.083772
0.079315
0.039344
0.000124
0.017776
0.002915
0.002836
0.002912
0.001836
0.079153
0.000855
0.002921
0.081363
0.024754
0.078080
0.000723
0.000864
0.000808
0.000813
0.005089
0.000001
0.000549
0.002979
0.000028
0.040953
0.000392
0.022703
0.000418
0.077870
0.038702
0.000096
0.037111
0.003025
0.081690
0.004008
0.000020
0.081077
0.002854
0.040155
0.000032
0.004500
0.000755
0.002853
0.077618
0.000028
0.000805
0.000058
0.000797
0.076248
0.030626
0.003067
0.003993
0.002872
0.000029
0.005654
0.078633
0.078599
0.040703
0.002876
0.079543
0.000039
0.000024
0.000065
0.000030
0.000002
0.002907
0.000780
0.000102
0.004113
0.000098
0.000008
0.000034
0.000420
0.000912
0.022938
0.004015
0.000809
0.002921
0.000023
0.002908
0.000618
0.000023
0.086881
0.000096
0.002973
0.000916
0.002858
0.000002
0.040103
0.000064
0.000004
0.000084
0.038163
0.000031
0.000427
0.000514
0.002990
0.000028
0.000485
0.003669
0.000075
0.076126
0.022883
0.002898
0.000034
0.082000
0.002915
0.000004
0.000067
0.000008
0.000038
0.079573
0.076543
0.003030
0.083259
0.079795
0.023383
0.000008
0.000778
0.002992
0.022829
0.071977
0.022900
0.037569
0.037494
0.004555
0.041139
0.075863
0.000002
0.002967
0.078390
0.003021
0.032844
0.002851
0.006426
0.023344
0.000559
0.023182
0.000034
0.000035
0.162827
0.003743
0.000389
0.000648
0.000436
0.000817
0.000454
0.022807
0.002876
0.080688
0.000790
0.085370
0.077023
0.078558
0.022504
0.000191
0.078407
0.000129
0.000022
0.084776
0.000044
0.038493
0.237163
0.000523
0.000426
0.000093
0.000002
0.000482
0.075584
0.000001
0.002879
0.000094
0.021900
0.080305
0.000055
0.084005
0.000070
0.250489
0.022995
0.005040
0.245418
0.000756
0.040741
0.022860
0.000022
0.005601
0.040012
0.037293
0.000398
0.004847
0.023262
0.000067
0.000035
0.000005
0.079943
0.000131
0.022802
0.000039
0.000096
0.000097
0.000002
0.084864
0.080704
0.038820
0.000811
0.000072
0.083138
0.082427
0.002846
0.000039
0.004063
0.000421
0.039375
0.003138
0.000032
0.000038
0.002944
0.003027
0.002807
0.027062
0.000393
0.083491
0.037505
0.002908
0.037516
0.000918
0.000467
0.004204
0.000034
0.000055
0.020264
0.000191
0.000335
0.004125
0.000034
0.022806
0.002952
0.024324
0.000035
0.000064
0.003961
0.077697
0.075688
0.002853
0.000821
0.022819
0.077410
0.083575
0.087167
0.078383
0.002948
0.000443
0.000759
0.081936
0.037728
0.000038
0.084929
0.000062
0.150452
0.150727
0.037403
0.040850
0.002883
0.000025
0.000915
0.004886
0.077455
0.037763
0.080829
0.000039
0.000878
0.073877
0.002788
0.000008
0.004127
0.037082
0.004165
0.081084
0.079617
0.000020
0.082723
0.037659
0.000062
0.002910
0.000376
0.004367
0.000037
0.022769
0.000386
0.000109
0.037341
0.000482
0.000027
0.000030
0.000009
0.000762
0.002859
0.000809
0.002945
0.002922
0.000382
0.001109
0.000264
0.000034
0.000026
0.000982
0.000815
0.000017
0.079941
0.000383
0.000791
0.000037
0.000043
0.040349
0.076189
0.080941
0.000447
0.000124
0.079289
0.000072
0.000987
0.000146
0.074583
0.038058
0.000025
0.000003
0.000434
0.002883
0.076624
0.000087
0.002838
0.000067
0.000523
0.000415
0.000839
0.000002
0.004199
0.000002
0.004381
0.000362
0.000027
0.004157
0.080158
0.000748
0.000997
0.000141
0.038960
0.000813
0.000083
0.031093
0.083894
0.000428
0.002914
0.000028
0.081683
0.000151
0.000002
0.000057
0.002871
0.040055
0.000070
0.004057
0.000156
0.000809
0.000038
0.000534
0.081204
0.278078
0.000025
0.279557
0.000030
0.003738
0.023415
0.000441
0.000423
0.037502
0.000847
0.002983
0.000065
0.000096
0.038413
0.002913
0.000949
0.000094
0.000462
0.000041
0.000032
0.089059
0.000024
0.002876
0.000727
0.000065
0.023878
0.000772
0.038914
0.004054
0.000506
0.000820
0.000669
0.000131
0.022784
0.002986
0.023574
0.000927
0.003651
0.000066
0.000068
0.002898
0.075668
0.001024
0.000692
0.000389
0.000887
0.040069
0.000002
0.000456
0.000748
0.000785
0.000448
0.000421
0.000451
0.000482
0.000429
0.073891
0.000001
0.086288
0.086751
0.037537
0.243532
0.000027
0.081891
0.000032
0.002843
0.000036
0.004141
0.004455
0.000010
0.000053
0.000109
0.040003
0.000930
0.001026
0.000905
0.000933
0.001610
0.000920
0.229844
0.000414
0.022953
0.000193
0.083013
0.081799
0.080466
0.003984
0.092017
0.023382
0.002905
0.003126
0.003990
0.000906
0.022929
0.000083
0.000001
0.081176
0.000059
0.000025
0.000893
0.079572
0.000894
0.000484
0.001174
0.000054
0.000896
0.023549
0.000910
0.000948
0.037812
0.002941
0.000121
0.088392
0.000428
0.072633
0.002936
0.050089
0.083520
0.002907
0.000001
0.083416
0.000879
0.024433
0.000801
0.005040
0.000125
0.000878
0.002789
0.000117
0.000911
0.000838
0.000676
0.078965
0.082932
0.000867
0.000001
0.000036
0.004125
0.078300
0.000034
0.000033
0.088175
0.083923
0.000018
0.002915
0.000501
0.044719
0.074617
0.000766
0.000034
0.003031
0.000371
0.002860
0.000700
0.000070
0.004151
0.000900
0.000066
0.000026
0.000078
0.000472
0.001717
0.002912
0.000803
0.081331
0.000503
0.078298
0.081527
0.000948
0.003837
0.081597
0.000546
0.000491
0.000834
0.003949
0.082725
0.000827
0.003953
0.022733
0.000019
0.020519
0.000066
0.040606
0.000032
0.077705
0.023770
0.004240
0.000067
0.000041
0.023462
0.075285
0.002920
0.000048
0.000434
0.001974
0.000876
0.000607
0.000002
0.004104
0.005113
0.002921
0.093520
0.082167
0.022750
0.000062
0.078584
0.000540
0.000004
0.000003
0.000210
0.000031
0.004040
0.000038
0.000046
0.076304
0.000043
0.000531
0.000457
0.000002
0.000036
0.000084
0.022851
0.000034
0.000406
0.081813
0.000088
0.000814
0.080912
0.000574
0.000029
0.023048
0.001064
0.000337
0.000024
0.000022
0.024260
0.000034
0.023068
0.000001
0.000019
0.004135
0.002870
0.037893
0.001056
0.023028
0.024483
0.000109
0.003428
0.000845
0.000058
0.084294
0.000944
0.000479
0.000312
0.000481
0.000065
0.000001
0.022709
0.000842
0.000522
0.023759
0.000002
0.000001
0.000778
0.077418
0.000030
0.081769
0.002866
0.080439
0.003999
0.000759
0.022944
0.080441
0.074066
0.000058
0.000475
0.000074
0.000067
0.000136
0.000923
0.000020
0.000098
0.000028
0.000917
0.003029
0.000073
0.000123
0.037619
0.000037
0.002809
0.000133
0.000912
0.080557
0.028301
0.077178
0.022663
0.000124
0.000763
0.002836
0.001536
0.002892
0.000520
0.000102
0.003821
0.000759
0.074518
0.003029
0.000002
0.037624
0.000001
0.081200
0.000133
0.078051
0.040115
0.022917
0.038379
0.079652
0.000089
0.000475
0.001063
0.000917
0.024513
0.000001
0.004713
0.004074
0.000032
0.039927
0.004698
0.022841
0.020392
0.000100
0.077585
0.000050
0.037656
0.003688
0.000857
0.022752
0.000824
0.000460
0.002971
0.000444
0.000927
0.078438
0.080694
0.000124
0.000798
0.000937
0.000946
0.073308
0.003691
0.000002
0.037654
0.002895
0.000857
0.000001
0.003942
0.000443
0.000217
0.078898
0.004139
0.077993
0.040844
0.000877
0.003985
0.000056
0.000043
0.150931
0.002980
0.000058
0.004031
0.000431
0.094397
0.081661
0.081609
0.000600
0.000003
0.079184
0.022796
0.076868
0.000028
0.073004
0.080328
0.040097
0.000025
0.023195
0.000037
0.000152
0.000027
0.000365
0.002852
0.000039
0.079874
0.080060
0.000061
0.084969
0.038959
0.038756
0.000036
0.000005
0.000109
0.037295
0.002879
0.000043
0.000077
0.070765
0.000032
0.000889
0.085559
0.081341
0.089108
0.000004
0.000087
0.000048
0.000056
0.000883
0.082126
0.002833
0.000785
0.000833
0.080787
0.000117
0.000035
0.296194
0.022517
0.000806
0.000526
0.000097
0.004156
0.000669
0.001392
0.074920
0.000777
0.022994
0.078344
0.002822
0.080505
0.004098
0.000014
0.006447
0.077125
0.000020
0.002949
0.000082
0.077808
0.007555
0.000516
0.000475
0.002949
0.077146
0.077702
0.040218
0.000150
0.003533
0.000519
0.080899
0.000060
0.000021
0.000016
0.000369
0.083012
0.000651
0.003990
0.000036
0.000023
0.000000
0.040824
0.000862
0.000026
0.084415
0.004484
0.000062
0.000058
0.000002
0.004117
0.000077
0.000036
0.038686
0.000100
0.040359
0.004158
0.000002
0.000405
0.079082
0.000533
0.079695
0.000006
0.079468
0.080465
0.076488
0.002948
0.085185
0.076000
0.002832
0.004776
0.038650
0.003044
0.083886
0.002928
0.000102
0.002956
0.002908
0.000848
0.000402
0.079447
0.000052
0.000037
0.080709
0.003682
0.037590
0.000025
0.000027
0.071405
0.002978
0.000787
0.000068
0.084351
0.000445
0.000061
0.000024
0.080746
0.000982
0.002873
0.000111
0.000002
0.000030
0.004133
0.076603
0.000022
0.002885
0.003933
0.080509
0.081870
0.000005
0.000458
0.081436
0.003912
0.000429
0.023174
0.000041
0.000069
0.000520
0.000002
0.000459
0.000742
0.022906
0.000027
0.002957
0.000831
0.081038
0.000783
0.002085
0.004035
0.083260
0.000561
0.082347
0.002841
0.075325
0.000551
0.000879
0.000086
0.000096
0.000478
0.002928
0.000864
0.000034
0.000067
0.164297
0.000967
0.000050
0.002904
0.000910
0.000050
0.268427
0.039625
0.001917
0.009423
0.004024
0.000489
0.006128
0.000048
0.039860
0.000037
0.000499
0.004975
0.023519
0.000474
0.005963
0.000047
0.000912
0.000890
0.000043
0.002938
0.038268
0.000520
0.002907
0.041014
0.000031
0.000090
0.003909
0.000871
0.000095
0.081041
0.087361
0.004048
0.004040
0.000002
0.037509
0.002849
0.000429
0.026935
0.000742
0.023106
0.000455
0.022759
0.000002
0.002865
0.000866
0.003099
0.039373
0.002903
0.000066
0.007736
0.000041
0.000430
0.078322
0.000788
0.000027
0.000893
0.002915
0.000002
0.003034
0.000954
0.077617
0.000985
0.000497
0.078190
0.000538
0.040794
0.000861
0.000317
0.000472
0.000981
0.000950
0.001014
0.037488
0.000897
0.000987
0.000472
0.000522
0.000904
0.000856
0.000813
0.002900
0.083989
0.002861
0.077656
0.000464
0.000760
0.000030
0.000481
0.000029
0.000634
0.000125
0.004285
0.002884
0.000922
0.000026
0.002882
0.004714
0.000769
0.020269
0.000008
0.000730
0.000877
0.002880
0.000027
0.003878
0.000105
0.002862
0.000109
0.002922
0.000130
0.088095
0.022781
0.002910
0.027410
0.002899
0.000001
0.082978
0.000029
0.001014
0.004896
0.001026
0.002927
0.002876
0.080167
0.000457
0.039570
0.004578
0.004179
0.077076
0.002915
0.000206
0.000497
0.000036
0.023074
0.039399
0.022826
0.080083
0.000468
0.000450
0.000886
0.000386
0.022736
0.000040
0.081692
0.000910
0.000034
0.002893
0.000112
0.002975
0.072472
0.000472
0.000781
0.000782
0.002943
0.080214
0.005054
0.000829
0.078771
0.000761
0.078457
0.000074
0.000068
0.077916
0.074282
0.000502
0.078282
0.000346
0.002929
0.037619
0.022377
0.077924
0.000814
0.081475
0.000036
0.000034
0.000057
0.020539
0.002981
0.002885
0.002929
0.074763
0.038577
0.038445
0.000119
0.076598
0.000043
0.039313
0.003535
0.000332
0.000559
0.077800
0.075914
0.000023
0.000052
0.022956
0.002880
0.002985
0.000031
0.000906
0.000002
0.000002
0.000738
0.000452
0.000122
0.081205
0.037621
0.027957
0.027082
0.000863
0.002975
0.040787
0.000025
0.000073
0.078221
0.000740
0.037562
0.240228
0.002964
0.072683
0.081317
0.039929
0.037357
0.000047
0.000926
0.023050
0.000059
0.000111
0.080589
0.081176
0.000026
0.000488
0.000779
0.000395
0.002779
0.000520
0.000071
0.002878
0.002976
0.040765
0.000069
0.000422
0.000377
0.077571
0.081006
0.004166
0.000104
0.002918
0.023325
0.000685
0.073660
0.002907
0.002824
0.080759
0.085192
0.002936
0.088092
0.000004
0.002895
0.000002
0.000012
0.000004
0.000855
0.076773
0.000032
0.087370
0.000484
0.000006
0.000385
0.000286
0.038365
0.000070
0.080065
0.002821
0.083055
0.000840
0.000891
0.004151
0.074906
0.024422
0.000970
0.040179
0.002827
0.000035
0.038687
0.000485
0.004068
0.216246
0.000002
0.000061
0.000046
0.004110
0.000504
0.040512
0.000945
0.000032
0.003847
0.004038
0.002859
0.000841
0.084399
0.000029
0.000060
0.000123
0.040443
0.000410
0.000881
0.004516
0.000028
0.001024
0.082656
0.004387
0.000427
0.075321
0.022857
0.001016
0.039935
0.000008
0.000096
0.080042
0.000033
0.000044
0.000901
0.000927
0.002879
0.004061
0.000578
0.081359
0.000029
0.000936
0.002986
0.000100
0.000951
0.078972
0.002980
0.000869
0.091176
0.004094
0.102049
0.000513
0.000458
0.082300
0.022850
0.000532
0.077320
0.000525
0.000559
0.000479
0.004014
0.000404
0.000111
0.000035
0.288462
0.000002
0.001020
0.000409
0.000038
0.000106
0.000002
0.000876
0.000027
0.000476
0.000002
0.003020
0.082939
0.082819
0.002916
0.088104
0.000916
0.081365
0.000066
0.003243
0.000831
0.022956
0.000973
0.000831
0.077486
0.000427
0.080800
0.001080
0.022872
0.000075
0.000060
0.022977
0.000032
0.076047
0.000028
0.004510
0.078099
0.000403
0.022313
0.000313
0.074806
0.078282
0.076665
0.000616
0.000829
0.002944
0.000036
0.000437
0.000561
0.000046
0.000384
0.041200
0.000032
0.004049
0.002994
0.022930
0.081519
0.040361
0.002877
0.002785
0.002855
0.000757
0.079945
0.000876
0.000102
0.020319
0.002919
0.000001
0.000046
0.000876
0.022927
0.000040
0.000037
0.078425
0.082055
0.082427
0.000061
0.000751
0.085235
0.000106
0.000874
0.002856
0.000442
0.000032
0.000024
0.000048
0.002899
0.001029
0.000010
0.079850
0.000534
0.002879
0.000389
0.000488
0.022908
0.024877
0.000684
0.000002
0.077372
0.000057
0.000067
0.023173
0.079566
0.000869
0.000029
0.004579
0.079860
0.083685
0.000392
0.002873
0.000042
0.000043
0.000134
0.000357
0.000721
0.000408
0.002946
0.000424
0.002898
0.000073
0.000003
0.000020
0.000152
0.000037
0.000148
0.000151
0.000171
0.000056
0.000706
0.086107
0.037811
0.023125
0.002933
0.022790
0.005319
0.000125
0.038505
0.002887
0.002833
0.081886
0.077745
0.079977
0.000445
0.000424
0.038465
0.083918
0.004058
0.000034
0.000134
0.000399
0.000476
0.004157
0.000958
0.081781
0.004211
0.000845
0.026947
0.037646
0.004579
0.082598
0.005429
0.087184
0.000040
0.000032
0.002989
0.285023
0.000074
0.000977
0.002866
0.000436
0.004994
0.002716
0.000860
0.000789
0.004019
0.023241
0.074166
0.078868
0.000385
0.000068
0.000095
0.039877
0.085669
0.081845
0.002828
0.000884
0.090996
0.000784
0.000872
0.000029
0.000842
0.000030
0.040071
0.000844
0.091166
0.076595
0.000126
0.077467
0.000507
0.000124
0.084115
0.289151
0.082346
0.002900
0.000065
0.000519
0.233263
0.002923
0.000536
0.079761
0.003596
0.081281
0.000028
0.000136
0.020286
0.020661
0.077049
0.000471
0.000920
0.004839
0.002918
0.002847
0.000028
0.002888
0.002979
0.000002
0.000386
0.000409
0.000435
0.079452
0.000377
0.000064
0.000443
0.000129
0.000474
0.020210
0.000056
0.000016
0.000931
0.000836
0.000089
0.004004
0.073244
0.150219
0.000030
0.000879
0.002903
0.000035
0.002889
0.002916
0.002919
0.000039
0.002849
0.000125
0.000869
0.002884
0.000082
0.022870
0.000070
0.023393
0.079525
0.038275
0.022669
0.003467
0.000043
0.000523
0.000003
0.002979
0.000493
0.002932
0.004036
0.037799
0.003361
0.023380
0.023925
0.000357
0.000035
0.077406
0.000004
0.002861
0.079885
0.000414
0.236736
0.000696
0.002969
0.083425
0.000126
0.040830
0.089540
0.000504
0.002918
0.000036
0.003007
0.002922
0.000003
0.022740
0.076365
0.074897
0.000059
0.004091
0.000347
0.084105
0.000533
0.077531
0.024507
0.038776
0.001203
0.000446
0.040112
0.004775
0.072430
0.000026
0.236137
0.078347
0.002856
0.000114
0.000036
0.000034
0.002945
0.000037
0.000039
0.000035
0.000487
0.078996
0.004049
0.000034
0.000005
0.081614
0.000743
0.039426
0.024945
0.000028
0.000032
0.002929
0.000045
0.000551
0.001339
0.000910
0.003252
0.000076
0.002956
0.000230
0.000039
0.002977
0.084385
0.038764
0.000477
0.073759
0.002875
0.002830
0.038893
0.037542
0.083533
0.022692
0.000132
0.022880
0.037285
0.000002
0.000075
0.000062
0.000001
0.023477
0.000497
0.000897
0.022884
0.022884
0.000032
0.000139
0.032828
0.076055
0.078561
0.002873
0.000034
0.022750
0.004787
0.004713
0.000022
0.000113
0.019821
0.000070
0.000993
0.039029
0.078741
0.040425
0.238003
0.076715
0.038137
0.001023
0.023373
0.037332
0.037451
0.000425
0.080779
0.075738
0.004758
0.000769
0.002866
0.083519
0.000028
0.000040
0.000421
0.002892
0.080469
0.038189
0.000041
0.082571
0.080399
0.075120
0.000024
0.002972
0.079592
0.022863
0.000004
0.040976
0.089050
0.086751
0.000788
0.000450
0.038941
0.000180
3.007571
0.075480
0.080747
0.000867
0.000142
0.000031
0.000796
0.000767
0.082009
0.000836
0.004601
0.000413
0.000975
0.002938
0.000927
0.023100
0.000495
0.000844
0.022740
0.000923
0.071237
0.000045
0.000030
0.000980
0.000041
0.082481
0.000407
0.083456
0.022657
0.001003
0.022625
0.022708
0.000461
0.003982
0.000881
0.000001
0.000513
0.083695
0.000855
0.081476
0.000941
0.002971
0.079012
0.000441
0.078574
0.000942
0.037153
0.000436
0.000028
0.000884
0.000155
0.234169
0.000001
0.000833
0.072154
0.002946
0.000508
0.000869
0.000058
0.037609
0.000107
0.000742
0.080942
0.082155
0.040079
0.085541
0.000096
0.000099
0.002944
0.000525
0.000495
0.000434
0.000418
0.000895
0.000237
0.004145
0.022580
0.001979
0.000821
0.002889
0.000512
0.000038
0.001987
0.000900
0.002913
0.000021
0.038895
0.000860
0.023109
0.076347
0.079049
0.004736
0.004053
0.000052
0.075647
0.000491
0.000512
0.000467
0.000034
0.080900
0.037785
0.002870
0.000035
0.002898
0.077932
0.023043
0.000835
0.004123
0.078993
0.000474
0.000297
0.000524
0.027171
0.000672
0.000065
0.004824
0.000085
0.000853
0.000062
0.000045
0.000046
0.000051
0.000911
0.081874
0.000001
0.023685
0.082717
0.083856
0.000867
0.000023
0.000431
0.002889
0.004084
0.000008
0.023429
0.075170
0.000122
0.000824
0.001880
0.000432
0.005001
0.003914
0.000026
0.040628
0.000716
0.001367
0.000814
0.083252
0.084184
0.000001
0.029698
0.002871
0.037627
0.002906
0.002865
0.004097
0.084264
0.004006
0.027062
0.078701
0.005838
0.002973
0.000468
0.082555
0.003990
0.000130
0.000529
0.000025
0.000019
0.004851
0.004663
0.000100
0.000086
0.075796
0.000432
0.000578
0.000459
0.002948
0.002784
0.000443
0.079994
0.000001
0.004891
0.082782
0.073854
0.000094
0.000066
0.004886
0.004304
0.003809
0.081720
0.000062
0.000154
0.000018
0.000001
0.000346
0.000479
0.000399
0.037667
0.000498
0.000021
0.004210
0.000502
0.084093
0.000034
0.000066
0.000036
0.000141
0.000217
0.000002
0.002881
0.083991
0.000768
0.000028
0.028211
0.002908
0.038582
0.000503
0.000001
0.002888
0.000119
0.080162
0.000897
0.003043
0.000403
0.000037
0.000037
0.083014
0.037439
0.000787
0.002915
0.000097
0.002905
0.000376
0.000002
0.081632
0.024314
0.087133
0.001378
0.000469
0.078010
0.037633
0.000016
0.000084
0.000341
0.000750
0.040413
0.000161
0.000900
0.000002
0.000530
0.000914
0.077797
0.000001
0.000029
0.074402
0.000024
0.040524
0.004023
0.004394
0.024492
0.001909
0.005732
0.000037
0.093862
0.077422
0.000118
0.000040
0.080717
0.004005
0.077998
0.000012
0.000061
0.000033
0.000128
0.000525
0.000789
0.000030
0.000117
0.074270
0.000503
0.000826
0.000029
0.084220
0.000991
0.002945
0.002919
0.002755
0.001010
0.002886
0.077003
0.001356
0.001158
0.001928
0.028236
0.002903
0.002933
0.233900
0.027042
0.000097
0.022925
0.000391
0.000882
0.000105
0.000060
0.000058
0.000034
0.038870
0.037575
0.000032
0.000513
0.000914
0.004203
0.000131
0.005140
0.000033
0.004157
0.074363
0.002801
0.000434
0.000027
0.023323
0.004981
0.001530
0.002153
0.002109
0.076588
0.000024
0.000352
0.078102
0.000084
0.000067
0.004091
0.000022
0.022984
0.000002
0.004043
0.081730
0.000023
0.000115
0.083102
0.000494
0.000004
0.077647
0.000057
0.083427
0.000020
1.026186
0.000096
0.000007
0.000241
0.000416
0.000015
0.000003
0.028413
0.024172
0.053139
0.000003
0.002784
0.000361
0.000096
0.000003
0.023377
0.000025
0.000047
0.000002
0.000537
0.000003
0.079988
0.004193
0.079533
0.080747
0.000879
0.000780
0.000060
0.001045
0.000727
0.000746
0.027495
0.037637
0.004973
0.000002
0.000788
0.000102
0.073081
0.080708
0.000441
0.004114
0.002820
0.000401
0.000032
0.000018
0.000057
0.002849
0.004031
0.292099
0.080367
0.005654
0.073532
0.002898
0.000569
0.002912
0.000435
0.000037
0.023308
0.000001
0.000075
0.000422
0.000421
0.002807
0.000101
0.000056
0.000033
0.000070
0.000877
0.082859
0.000040
0.080307
0.000790
0.000166
0.037118
0.002938
0.004000
0.037393
0.000473
0.078069
0.000867
0.000044
0.000160
0.000030
0.000068
0.079208
0.000029
0.002929
0.002853
0.000778
0.000022
0.000420
0.030869
0.040667
0.000748
0.039752
0.080772
0.000867
0.000053
0.000511
0.040117
0.022748
0.000822
0.002861
0.022979
0.000148
0.083986
0.000059
0.000001
0.023131
0.000002
0.023316
0.001370
0.002981
0.082724
0.000036
0.005027
0.000497
0.083212
0.000050
0.002962
0.000033
0.000029
0.000226
0.079463
0.000023
0.000892
0.000483
0.000067
0.000002
0.037515
0.077350
0.002896
0.000436
0.000798
0.023182
0.083768
0.000595
0.000095
0.000818
0.000882
0.000828
0.000968
0.000823
0.038966
0.075002
0.000093
0.000033
0.000002
0.022678
0.078276
0.074222
0.000397
0.000882
0.022988
0.004671
0.005158
0.000064
0.000002
0.000892
0.000829
0.236194
0.022309
0.085052
0.000148
0.058534
0.000472
0.002931
0.000823
0.038469
0.001013
0.002856
0.023503
0.000421
0.000088
0.079364
0.000060
0.037677
0.298285
0.022742
0.040748
0.022904
0.086226
0.000153
0.000879
0.022998
0.000849
0.002856
0.075687
0.000003
0.000033
0.038397
0.002868
0.037789
0.083799
0.002924
0.078037
0.038020
0.081910
0.002893
0.076482
0.000004
0.037664
0.000045
0.000880
0.081310
0.000031
0.000521
0.080596
0.000041
0.002862
0.080584
0.085970
0.000126
0.003091
0.004963
0.000038
0.080852
0.004166
0.083812
0.237854
0.000812
0.028309
0.000971
0.001065
0.000846
0.000856
0.081320
0.000935
0.000969
0.000899
0.004133
0.000133
0.000038
0.020394
0.007589
0.000758
0.037739
0.081720
0.024323
0.000945
0.000871
0.000045
0.000735
0.000791
0.023259
0.080974
0.002856
0.000064
0.081406
0.006891
0.000747
0.000819
0.062582
0.002905
0.039459
0.002816
0.000875
0.000799
0.002986
0.000478
0.037633
0.000065
0.079215
0.002919
0.084522
0.076807
0.004187
0.000876
0.002815
0.000032
0.000015
0.000410
0.023720
0.002854
0.000891
0.000037
0.084186
0.005425
0.040261
0.000002
0.000591
0.086833
0.000866
0.000705
0.000034
0.000754
0.075588
0.000001
0.000454
0.072235
0.000950
0.000095
0.000065
0.000462
0.000061
0.022700
0.000144
0.022836
0.000002
0.093821
0.004964
0.004175
0.000025
0.078715
0.076667
0.000056
0.084575
0.000025
0.000034
0.000454
0.000487
0.000038
0.079095
0.001074
0.000031
0.000499
0.084084
0.000048
0.000951
0.072023
0.037906
0.073935
0.000030
0.083326
0.004951
0.000449
0.001868
0.000989
0.085824
0.080468
0.037734
0.002908
0.000064
0.000842
0.000342
0.000011
0.000501
0.000794
0.084533
0.000897
0.002836
0.003973
0.002897
0.000035
0.000084
0.004913
0.000021
0.000076
0.000001
0.000414
0.002930
0.000397
0.000482
0.020112
0.004132
0.000381
0.080117
0.002872
0.000502
0.000026
0.002869
0.000064
0.000733
0.022928
0.000746
0.000363
0.000507
0.000034
0.000849
0.000949
0.002894
0.000002
0.040116
0.000024
0.000783
0.000367
0.000124
0.031911
0.023339
0.000957
0.004046
0.000029
0.000035
0.000406
0.000368
0.001117
0.001052
0.083152
0.000457
0.037851
0.000397
0.000504
0.000905
0.000760
0.080648
0.004106
0.000883
0.000863
0.000055
0.000935
0.000872
0.000940
0.082790
0.290318
0.005238
0.040994
0.000065
0.000072
0.000389
0.078567
0.000004
0.000867
0.000450
0.002932
0.001122
0.000804
0.000044
0.037648
0.037347
0.000027
0.000365
0.000109
0.073285
0.000441
0.000546
0.026041
0.077565
0.000073
0.002809
0.000011
0.000711
0.000039
0.004187
0.085479
0.000016
0.000734
0.000425
0.002897
0.000061
0.038004
0.000119
0.000040
0.000075
0.079915
0.000548
0.000839
0.020375
0.002806
0.000000
0.000123
0.000372
0.000393
0.000430
0.040251
0.022616
0.000414
0.002921
0.078293
0.078945
0.000468
0.000814
0.002992
0.078581
0.000033
0.000388
0.000398
0.000034
0.085752
0.000086
0.000040
0.078425
0.000800
0.000033
0.002913
0.085720
0.000002
0.084159
0.000491
0.000856
0.000033
0.004184
0.000768
0.005052
0.000002
0.002957
0.037745
0.001105
0.077534
0.030914
0.004091
0.084296
0.000025
0.000030
0.000078
0.000060
0.000048
0.003461
0.000399
0.000330
0.000469
0.000036
0.087119
0.080622
0.000030
0.000885
0.088751
0.002937
0.004044
0.000024
0.000035
0.000429
0.002898
0.000063
0.000449
0.023360
0.003999
0.005856
0.000033
0.038322
0.022781
0.022727
0.039406
0.000540
0.040570
0.077919
0.000090
0.023410
0.000031
0.000032
0.087240
0.000002
0.000968
0.000090
0.002937
0.090258
0.000022
0.000072
0.000306
0.076644
0.003946
0.086711
0.000029
0.002867
0.006260
0.000002
0.000597
0.000585
0.083038
0.003772
0.000791
0.002853
0.002932
0.000726
0.028404
0.002835
0.000004
0.040306
0.002892
0.002948
0.079523
0.000061
0.003991
0.004300
0.000095
0.040123
0.000536
0.082787
0.024438
0.022811
0.000558
0.003063
0.081113
0.000479
0.076821
0.000003
0.089345
0.000021
0.000843
0.000374
0.083317
0.000991
0.002846
0.000813
0.040671
0.004095
0.040058
0.037687
0.000426
0.087528
0.023353
0.000035
0.000057
0.003938
0.078959
0.000328
0.076826
0.000030
0.000334
0.000441
0.040938
0.000426
0.000421
0.001039
0.002189
0.000777
0.000453
0.022859
0.000142
0.000523
0.002938
0.000054
0.037835
0.038645
0.079221
0.000070
0.000085
0.000548
0.002917
0.002854
0.026870
0.000458
0.000412
0.000155
0.002951
0.000329
0.000194
0.000461
0.004364
0.000759
0.000585
0.038457
0.077091
0.000006
0.000519
0.003941
0.075331
0.083656
0.000171
0.037664
0.037606
0.000056
0.000037
0.078734
0.002860
0.000449
0.005050
0.000706
0.000001
0.000803
0.000861
0.000937
0.000552
0.000290
0.002847
0.000758
0.000435
0.000120
0.000019
0.000565
0.000005
0.084573
0.000045
0.000845
0.000846
0.000002
0.000033
0.078747
0.000985
0.000058
0.030968
0.088286
0.082524
0.002904
0.077653
0.000001
0.084590
0.076083
0.000411
0.000112
0.000028
0.023170
0.037957
0.000554
0.000888
0.083052
0.001132
0.000462
0.038791
0.037449
0.000836
0.000828
0.000029
0.000053
0.000181
0.074413
0.007155
0.000393
0.000103
0.000563
0.000976
0.000001
0.022996
0.080606
0.002900
0.039592
0.038689
0.003247
0.000135
0.000361
0.002989
0.000410
0.000529
0.082121
0.076595
0.040060
0.000467
0.084563
0.000460
0.000326
0.002961
0.000452
0.002942
0.000486
0.000443
0.084497
0.004137
0.000162
0.078713
0.040814
0.000770
0.000994
0.032102
0.037598
0.002940
0.002842
0.000034
0.002907
0.000436
0.000001
0.020165
0.002875
0.078301
0.000029
0.000098
0.002854
0.037638
0.000330
0.002916
0.023653
0.081488
0.038007
0.000497
0.000066
0.000032
0.000058
0.236158
0.078216
0.000022
0.002921
0.277237
0.000510
0.000479
0.000465
0.000447
0.000509
0.000002
0.000101
0.000065
0.080349
0.003406
0.000032
0.077250
0.000031
0.000558
0.000033
0.000533
0.079726
0.085883
0.000515
0.078112
0.000456
0.000127
0.077480
0.000508
0.078768
0.081102
0.090455
0.000740
0.000455
0.002896
0.183404
0.000076
0.003016
0.000388
0.004060
0.086021
0.000045
0.037257
0.000001
0.079249
1.086010
0.000001
0.022909
0.235942
0.002894
0.000900
0.002979
0.000367
0.000871
0.077431
0.037606
0.080939
0.082464
0.000460
0.083316
0.000420
0.000026
0.031489
0.000051
0.022773
0.002835
0.023120
0.040692
0.090919
0.079601
0.234478
0.003957
0.000078
0.000329
0.000802
0.000035
0.085113
0.023098
0.000174
0.074597
0.040997
0.023627
0.000063
0.000397
0.004165
0.038828
0.002910
0.002986
0.000003
0.000492
0.000004
0.085109
0.000925
0.000457
0.001417
0.000130
0.000021
0.000031
0.004911
0.000745
0.080820
0.002805
0.085309
0.078147
0.081907
0.000623
0.000355
0.080514
0.002935
0.000492
0.040087
0.000811
0.000124
0.005881
0.002911
0.073734
0.078190
0.000037
0.000254
0.040573
0.079298
0.000425
0.002817
0.000002
0.000854
0.023082
0.000046
0.004031
0.000002
0.007179
0.004046
0.037651
0.000276
0.079899
0.079571
0.000404
0.000113
0.000429
0.002926
0.084270
0.000119
0.002751
0.002889
0.028127
0.000097
0.076128
0.000876
0.000023
0.004696
0.040140
0.000012
0.027262
0.000087
0.076438
0.000062
0.002877
0.000922
0.000857
0.002831
0.079539
0.000881
0.000037
0.000064
0.040190
0.001282
0.000533
0.002823
0.083254
0.000021
0.000502
0.026915
0.024412
0.000051
0.000039
0.024995
0.000052
0.000443
0.002847
0.000807
0.000099
0.000044
0.000141
0.038780
0.082151
0.000510
0.000365
0.079288
0.004068
0.080845
0.000885
0.000975
0.000053
0.000095
0.000305
0.000038
0.002924
0.000096
0.000575
0.000070
0.000105
0.024363
0.000470
0.023672
0.003138
0.077325
0.000815
0.000002
0.022832
0.038870
0.000003
0.002879
0.000058
0.000065
0.079298
0.040305
0.083920
0.037306
0.085317
0.000401
0.000873
0.000000
0.000125
0.037911
0.081905
0.000956
0.022824
0.002939
0.000002
0.080429
0.231681
0.075727
0.000065
0.002927
0.023464
0.002929
0.023295
0.004013
0.000478
0.000139
0.079645
0.004789
0.000374
0.000541
0.000064
0.002907
0.000001
0.002902
0.000065
0.000074
0.000000
0.000028
0.023132
0.085218
0.002909
0.088473
0.000871
0.000936
0.000789
0.004105
0.123671
0.000002
0.037538
0.038884
0.090102
0.001062
0.001065
0.000843
0.039666
0.037892
0.037878
0.081596
0.081836
0.002975
0.000060
0.080846
0.023208
0.037468
0.004110
0.086630
0.079000
0.089429
0.029546
0.002959
0.000838
0.234787
0.023348
0.000100
0.000094
0.000150
0.004033
0.084987
0.023382
0.027094
0.038005
0.000031
0.074302
0.000101
0.037467
0.082607
0.000555
0.002933
0.000106
0.000032
0.085364
0.000062
0.085614
0.000444
0.080208
0.000629
0.037709
0.000014
0.039937
0.000037
0.037448
0.004023
0.002920
0.000333
0.002932
0.080403
0.039129
0.020385
0.000035
0.237955
0.000022
0.000070
0.082877
0.076324
0.002897
0.000772
0.000494
0.002826
0.002937
0.002784
0.000107
0.000379
0.000371
0.000380
1.080647
0.038815
0.000361
0.000875
0.000002
0.001998
0.000032
0.037649
0.038934
0.002847
0.000931
0.039701
0.004159
0.002913
0.037492
0.000510
0.084123
0.000009
0.000356
0.000864
0.000018
0.002881
0.000003
0.003820
0.000393
0.077026
0.081934
0.002955
0.004136
0.000000
0.087468
0.000061
0.000007
0.003887
0.004062
0.000332
0.000033
0.000037
0.000557
0.040882
0.000101
0.079978
0.037956
0.003980
0.000004
0.000101
0.040189
0.000009
0.000766
0.000875
0.001002
0.001219
0.000844
0.000428
0.000890
0.001027
0.000848
0.000643
0.073586
0.000902
0.000388
0.000797
0.000905
0.037510
0.003904
0.082483
0.079534
0.002928
0.024730
0.000163
0.077595
0.003029
0.000493
0.081445
0.000109
0.000117
0.000025
0.002899
0.023413
0.000520
0.022778
0.004175
0.022933
0.002803
0.078866
0.000000
0.002898
0.002783
0.024373
0.039089
0.038902
0.000340
0.002791
0.000763
0.000504
0.000603
0.000456
0.023391
0.074825
0.081396
0.000039
0.227752
0.000036
0.040130
0.040002
0.000558
0.002852
0.000024
0.023487
0.000352
0.080736
0.037456
0.000072
0.000868
0.074064
0.000030
0.292537
0.078431
0.079785
0.080700
0.000046
0.037779
0.000059
0.082021
0.000049
0.033094
0.000067
0.084069
0.000976
0.077460
0.000939
0.038689
0.077841
0.079097
0.000841
0.082308
0.002824
0.001858
0.000510
0.000479
0.168044
0.000873
0.083025
0.000029
0.000890
0.037555
0.000938
0.026950
0.077486
0.000033
0.079883
0.040833
0.022871
0.000069
0.002860
0.002918
0.000121
0.000509
0.000846
0.000000
0.000464
0.080441
0.002937
0.000469
0.002900
0.073732
0.079255
0.079669
0.000029
0.024649
0.084201
0.000002
0.000027
0.001163
0.022855
0.000417
0.000117
0.004044
0.000588
0.000142
0.037422
0.000045
0.037403
0.000030
0.080130
0.000433
0.000396
0.001029
0.000290
0.000033
0.004104
0.000923
0.024143
0.002741
0.038316
0.081393
0.037475
0.000032
0.086797
0.000379
0.037412
0.000856
0.000408
0.003283
0.080849
0.000019
0.037503
0.000749
0.000926
0.000453
0.000494
0.037338
0.000981
0.000038
0.000009
0.000341
0.002922
0.038316
0.085295
0.000334
0.070968
0.000923
0.000839
0.000026
0.037506
0.000546
0.073894
0.000484
0.082713
0.000037
0.000413
0.080209
0.002914
0.023232
0.022919
0.000026
0.000075
0.000478
0.000971
0.000065
0.000627
0.000002
0.000513
0.073286
0.083996
0.038279
0.000030
0.000518
0.000061
0.005000
0.000126
0.000028
0.000035
0.037616
0.001164
0.000026
0.037469
0.039881
0.003033
0.037361
0.000001
0.002901
0.000023
0.074380
0.081673
0.000479
0.002874
0.000515
0.000901
0.002985
0.082297
0.000096
0.000003
0.082065
0.000026
0.000030
0.003072
0.084410
0.071840
0.039973
0.000045
0.040112
0.000036
0.079260
0.240885
0.000004
0.000068
0.004088
0.024641
0.077704
0.004062
0.040616
0.000625
0.008321
0.000030
0.000026
0.004168
0.039976
0.002901
0.038781
0.000037
0.074820
0.000051
0.082583
0.004089
0.079838
0.000000
0.002838
0.002961
0.000067
0.000309
0.000025
0.000002
0.000766
0.000060
0.002877
0.005096
0.037251
0.000108
0.000012
0.000081
0.039536
0.023006
0.002886
0.000001
0.000375
0.003025
0.023153
0.000422
0.004003
0.080172
0.000065
0.002010
0.002878
0.040564
0.094052
0.040323
0.000442
0.073952
0.080468
0.000816
0.039533
0.020475
0.039524
0.000060
0.002932
0.076436
0.229671
0.000469
0.078837
0.081192
0.000276
0.077276
0.000126
0.003973
0.000791
0.000721
0.000095
0.000377
0.000833
0.000110
0.003065
0.087121
0.000398
0.000031
0.000967
0.000982
0.000026
0.002918
0.000028
0.000022
0.238968
0.000050
0.000749
0.000578
0.039385
0.083823
0.000002
0.040005
0.002831
0.075167
0.000139
0.000030
0.000002
0.038315
0.000747
0.000063
0.079167
0.081906
0.000435
0.004089
0.019777
0.000167
0.004701
0.072913
0.037907
0.000116
0.022988
0.023379
0.084876
0.000526
0.000813
0.002926
0.073978
0.004013
0.000110
0.153669
0.082047
0.038439
0.000054
0.000439
0.008307
0.023126
0.001022
0.000066
0.000546
0.072091
0.004091
0.000156
0.000037
0.000109
0.000205
0.000036
0.000152
0.000002
0.000087
0.039309
0.003050
0.000002
0.000881
0.000001
0.000149
0.000036
0.000420
0.083451
0.002906
0.000462
0.002865
0.000067
0.004165
0.002845
0.085078
0.002940
0.038380
0.092361
0.002867
0.076105
0.002864
0.004023
0.076839
0.005008
0.003484
0.000058
0.000002
0.002878
0.077415
0.080984
0.002790
0.000030
0.000069
0.080345
0.076340
0.000004
0.000069
0.000130
0.038787
0.022618
0.082907
0.000850
0.000037
0.000122
0.003989
0.086697
0.037461
0.000026
0.038452
0.000074
0.000080
0.022570
0.004120
0.004068
0.000032
0.000030
0.006279
0.005916
0.000131
0.000032
0.000417
0.000353
0.000048
0.000406
0.000481
0.000790
0.000839
0.084661
0.000110
0.079620
0.000019
0.004031
0.040326
0.003972
0.039316
0.000089
0.022794
0.000890
0.002932
0.000002
0.000105
0.261374
0.023358
0.071184
0.000543
0.086788
0.090386
0.000879
0.078712
0.039440
0.000499
0.000097
0.038730
0.000796
0.040121
0.000912
0.023337
0.081685
0.002950
0.000037
0.000165
0.000069
0.000035
0.002860
0.000858
0.076317
0.000028
0.085626
0.000003
0.000819
0.081716
0.004941
0.004048
0.002837
0.000030
0.000110
0.083389
0.002902
0.000161
0.077810
0.022786
0.002910
0.040819
0.083809
0.000464
0.037779
0.000837
0.000062
0.000003
0.000065
0.080731
0.000037
0.000794
0.022984
0.000029
0.003654
0.000665
0.000847
0.079398
0.214700
0.000018
0.038460
0.000764
0.000003
0.002956
0.089606
0.004108
0.084636
0.039378
0.038491
0.026909
0.079945
0.002882
0.000126
0.080719
0.037402
0.094012
0.078156
0.077985
0.000054
0.040683
0.024409
1.102670
0.003992
0.038371
0.002879
0.024201
0.231977
0.037332
0.040712
0.000061
0.022519
0.000749
0.000001
0.076736
0.023504
0.079169
0.000857
0.084372
0.000029
0.000002
0.078208
0.092493
0.000945
0.000523
0.004974
0.000397
0.000029
0.233823
0.000024
0.000085
0.000009
0.006531
0.001009
0.022781
0.000057
0.000025
0.078112
0.000002
0.037510
0.002846
0.000003
0.004250
0.000064
0.000029
0.075662
0.000815
0.000006
0.000499
0.000856
0.000386
0.000937
0.040688
0.000906
0.001478
0.000087
0.000772
0.081836
0.000841
0.000844
0.000000
0.002866
0.004704
0.080815
0.000403
0.000141
0.075293
0.000780
0.038370
0.002978
0.079907
0.000034
0.000082
0.000924
0.004191
0.002893
0.002888
0.038872
0.002859
0.002913
0.000881
0.078190
0.000044
0.002910
0.000032
0.022729
0.000866
0.023020
0.003088
0.085505
0.003003
0.037895
0.079028
0.003888
0.000508
0.002904
0.000068
1.053427
0.000668
0.023040
0.000034
0.037706
0.000028
0.002981
0.001834
0.000382
0.232046
0.002839
0.000094
0.000847
0.023340
0.000023
0.023394
0.000129
0.000332
0.040993
0.002916
0.000067
0.000938
0.234680
0.073956
0.083008
0.000778
0.000024
0.081289
0.076949
0.000479
0.000501
0.000087
0.078286
0.074682
0.002887
0.087348
0.080915
0.078628
0.000852
0.000007
0.024800
0.080559
0.002779
0.077044
0.000093
0.002870
0.000001
0.000696
0.000840
0.039517
0.000888
0.000034
0.000002
0.000427
0.002972
0.000941
0.000068
0.000393
0.000118
0.037796
0.092147
0.037654
0.000002
0.000914
0.000038
0.000031
0.000092
0.000035
0.078376
0.000141
0.092308
0.000480
0.004176
0.000902
0.072837
0.083376
0.000871
0.000382
0.000095
0.003991
0.000882
0.086738
0.076235
0.000057
0.000451
0.000501
0.000459
0.000341
0.000489
0.003038
0.001880
0.000417
0.000034
0.078649
0.084825
0.002892
0.000834
0.084130
0.077642
0.000002
0.000002
0.000048
0.077537
0.081184
0.000113
0.000454
0.079344
0.072862
0.000002
0.004152
0.002918
0.000071
0.078897
0.000038
0.000008
0.088842
0.079224
0.076467
0.000812
0.083783
0.002875
0.000702
0.004042
0.037861
0.004011
0.000825
0.000030
0.000122
0.000056
0.002932
0.079001
0.086423
0.038575
0.079873
0.000379
0.038980
0.087357
0.002904
0.000007
0.022814
0.000038
0.000028
0.083464
0.000061
0.002848
0.038284
0.000002
0.000036
0.000002
0.000165
0.000019
0.000029
0.039664
0.000021
0.002849
0.004662
0.004102
0.005479
0.000943
0.004125
0.000519
0.000402
0.000001
0.000544
0.002862
0.000031
0.022816
0.001706
0.000917
0.000036
0.002958
0.000414
0.000793
0.000859
0.000486
0.079939
0.004852
0.004091
0.000068
0.040490
0.000797
0.000437
0.000440
0.081305
0.000666
0.002883
0.027769
0.000002
0.000761
0.085616
0.000390
0.000790
0.004500
0.002903
0.003031
0.000784
0.076738
0.000441
0.000901
0.000471
0.000955
0.000963
0.000016
0.000021
0.039548
0.000357
0.000859
0.000390
0.000454
0.002911
0.076162
0.003046
0.000946
0.001034
0.000043
0.000486
0.000813
0.000002
0.000040
0.000805
0.000042
0.003285
0.000005
0.000036
0.000890
0.000054
0.000175
0.002942
0.003973
0.001974
0.000535
0.003931
0.002939
0.000037
0.002888
0.000030
0.000494
0.000070
0.000043
0.000001
0.000007
0.000036
0.079524
0.000422
0.085436
0.000862
0.000114
0.000020
0.084015
0.023028
0.079322
0.005179
0.022772
0.000455
0.077627
0.000112
0.080421
0.081145
0.081791
0.000065
0.040098
0.004996
0.004286
0.000597
0.080963
0.000002
0.000065
0.020285
0.039238
0.000439
0.000853
0.002839
0.074239
0.003096
0.075321
0.000101
0.002841
0.023444
0.071358
0.089521
0.084411
0.073443
0.004174
0.002897
0.085013
0.085391
0.079276
0.004009
0.000025
0.000456
0.000002
0.000211
0.004897
0.000040
0.000034
0.000025
0.000039
0.000350
0.000380
0.000005
0.000111
0.080110
0.000057
0.231729
0.000477
0.000238
0.000060
0.075799
0.000056
0.000040
0.000115
0.002949
0.000926
0.002905
0.000037
0.000036
0.000094
0.082110
0.000077
0.000186
0.000881
0.078118
0.037372
0.000030
0.040402
0.032454
0.000834
0.000063
0.000374
0.000074
0.024617
0.000054
0.037884
0.087795
0.000769
0.000109
0.000811
0.080550
0.002926
0.000934
0.078015
0.000065
0.078804
0.037498
0.075031
0.003563
0.084664
0.000068
0.000507
0.000845
0.000074
0.079488
0.000001
0.000018
0.000051
0.004117
0.000118
0.079515
0.292206
0.081112
0.002793
0.072212
0.000055
0.000046
0.037639
0.000790
0.004148
0.002950
0.000717
0.085516
0.000057
0.078833
0.000032
0.000502
0.080419
0.003373
0.079216
0.002839
0.073114
0.002885
0.074791
0.040637
0.079587
0.000120
0.000137
0.000060
0.000002
0.000535
0.000088
0.000899
0.000131
0.040073
0.000121
0.002891
0.000096
0.000001
0.037276
0.000020
0.074945
0.000127
0.000001
0.040786
0.000552
0.038156
0.000921
0.000831
0.038055
0.022563
0.000872
0.000845
0.000122
0.004981
0.000519
0.000039
0.085602
0.004078
0.083204
0.000045
0.000868
0.082722
0.000005
0.000464
0.000134
0.000001
0.000897
0.085582
0.000001
0.004130
0.080126
0.002864
0.074957
0.000623
0.002798
0.002967
0.004092
0.002838
0.000040
0.038546
0.005358
0.081284
0.000431
0.077802
0.009165
0.000586
0.000498
0.000028
0.000985
0.073713
0.040726
0.000045
0.000690
0.020399
0.004032
0.000707
0.000773
0.000868
0.000766
0.000714
0.004191
0.000026
0.000123
0.080958
0.000173
0.000037
0.000018
0.023474
0.000745
0.024983
0.000068
0.000493
0.040028
0.000002
0.040224
0.000387
0.000517
0.083124
0.080475
0.037503
0.000026
0.000800
0.004071
0.080824
0.000681
0.000392
0.000519
0.241929
0.083981
0.000048
0.000485
0.007467
0.000537
0.000699
0.073835
0.020264
0.000618
0.000090
0.005010
0.242751
0.079742
0.037175
0.081572
0.022990
0.081556
0.027194
0.000823
0.004065
0.083122
0.074261
0.000782
0.002854
0.000203
0.022952
0.000046
0.000515
0.005354
0.083421
0.000048
0.000020
0.000488
0.000877
0.081035
0.000873
0.084218
0.000907
0.000003
0.000931
0.000018
0.000824
0.000091
0.000038
0.004935
0.000627
0.002723
0.077744
0.000029
0.000058
0.003542
0.005388
0.040945
0.000383
0.039373
0.000062
0.002809
0.000062
0.000125
0.000033
0.002867
0.000462
0.000130
0.002906
0.037713
0.000889
0.002810
0.000451
0.000127
0.002049
0.082813
0.002895
0.002900
0.000851
0.002815
0.002944
0.022523
0.000034
0.074038
0.002906
0.075197
0.085498
0.037979
0.000516
0.002890
0.040621
0.000040
0.004052
0.084539
0.038360
0.038699
0.002828
0.001026
0.000096
0.001124
0.000926
0.000043
0.082777
0.004975
0.000742
0.000495
0.000972
0.000343
0.000871
0.000924
0.022797
0.092866
0.000904
0.022719
0.000074
0.005081
0.000073
0.076442
0.000031
0.023432
0.000074
0.000389
0.001030
0.076797
0.000107
0.000062
0.041016
0.039741
0.081962
0.000024
0.000894
0.076095
0.000550
0.000055
0.000800
0.079548
0.000840
0.022877
0.000036
0.004179
0.077596
0.080884
0.000033
0.000561
0.004007
0.000123
0.004364
0.000781
0.037301
0.079714
0.003009
0.000002
0.080922
0.002789
0.000446
0.002864
0.074995
0.000080
0.004780
0.002970
0.093099
0.038687
0.004073
0.000086
0.000486
0.000001
0.023372
0.002876
0.000045
0.002940
0.000002
0.002442
0.000888
0.003904
0.004059
0.000002
0.073450
0.000326
0.000839
0.040991
0.000510
0.000058
0.000046
0.002937
0.081756
0.000203
0.000065
0.084786
0.002908
0.001776
0.000014
0.000423
0.002819
0.000028
0.079474
0.023234
0.022739
0.000103
0.000060
0.022923
0.002887
0.040587
0.073196
0.000743
0.000644
0.000865
0.000432
0.003918
0.040100
0.000372
0.000033
0.000471
0.079776
0.000014
0.001299
0.004346
0.074212
0.000837
0.082268
0.004208
0.002969
0.000094
0.002909
0.000473
0.004020
0.000778
0.000073
0.003342
0.000748
0.088392
0.000065
0.000039
0.000768
0.000796
0.000061
0.000012
0.080687
0.054103
0.000396
0.003351
0.078110
0.000105
0.000759
0.022865
0.002874
0.004966
0.023317
0.038824
0.000460
0.002827
0.002850
0.003040
0.002968
0.000781
0.000054
0.000008
0.000390
0.000551
0.000533
0.004000
0.000860
0.082822
0.002938
0.004631
0.000733
0.023014
0.002881
0.000497
0.081348
0.000404
0.001055
0.037485
0.038406
0.040584
0.000873
0.038911
0.080762
0.022972
0.000535
0.077081
0.038417
0.000757
0.000061
0.000403
0.002116
0.000460
0.002829
0.079947
0.085098
0.000920
0.023790
0.000965
0.000098
0.000076
0.002894
0.000002
0.072506
0.000496
0.000039
0.002957
0.080074
0.000532
0.000002
0.000004
0.004119
0.000057
0.000900
0.000026
0.000079
0.004669
0.038693
0.000963
0.084068
0.072373
0.000026
0.000604
0.083093
0.004106
0.023020
0.093685
0.038523
0.076719
0.079455
0.004068
0.042746
0.000020
0.000037
0.003208
0.081878
0.023062
0.000479
0.037698
0.038016
0.000001
0.002886
0.080080
0.000028
0.000002
0.000072
0.000063
0.000576
0.037884
0.000036
0.080121
0.003986
0.004048
0.000053
0.002908
0.000791
2.109268
0.003032
0.023384
0.000063
0.002863
0.000542
0.000076
0.000003
0.085867
0.082756
0.071386
0.000037
0.000101
0.079608
0.000887
0.000478
0.037856
0.000843
0.080789
0.000718
0.073305
0.003974
0.000413
0.079144
0.000073
0.078554
0.002855
0.001777
0.084030
0.079186
0.000509
0.082784
0.222294
0.022863
0.022809
0.000060
0.038242
0.003867
0.000862
0.070717
0.000465
0.000051
0.000770
0.002792
0.000089
0.000962
0.000057
0.000469
0.000411
0.000027
0.002865
0.040037
0.000024
0.000364
0.000057
0.085751
0.076043
0.000544
0.037701
0.002845
0.000122
0.039542
0.077620
0.072350
0.000859
0.002931
0.077832
0.000905
0.000444
0.000553
0.000556
0.039598
0.000411
0.000742
0.000325
0.000920
0.000287
0.000282
0.000070
0.000820
0.000040
0.000057
0.000542
0.000483
0.000746
0.079119
0.000147
0.040774
0.003592
0.000552
0.083589
0.000466
0.079737
0.037141
0.075543
0.000427
0.077772
0.000493
0.002766
0.075462
0.002831
0.000002
0.040309
0.004038
0.004101
0.002837
0.000161
0.122167
0.000333
0.084496
0.040276
0.000653
0.000620
0.006831
0.000089
0.002992
0.002828
0.002865
0.037840
0.000021
0.002915
0.004929
0.022928
0.000450
0.000462
0.083764
0.000887
0.000072
0.000099
0.023958
0.000062
0.000032
0.037346
0.037933
0.083620
0.000884
0.000035
0.000899
0.000045
0.039455
0.081554
0.004164
0.082004
0.000079
0.000912
0.000925
0.001025
0.002791
0.000133
0.081628
0.002883
0.000002
0.000042
0.005315
0.000001
0.080703
0.000878
0.000510
0.000105
0.004135
0.000033
0.000065
0.002837
0.000031
0.002874
0.000022
0.000016
0.000037
0.002987
0.002937
0.024499
0.000875
0.000013
0.081901
0.000054
0.000960
0.084546
0.079117
0.000438
0.000106
0.000505
0.078304
0.000070
0.004011
0.004688
0.000431
0.000946
0.000445
0.000731
0.002877
0.000030
0.081440
0.000912
0.000545
0.000305
0.002869
0.002855
0.000946
0.028169
0.000085
0.000448
0.000028
0.000042
0.000173
0.000002
0.072656
0.000038
0.000002
0.023092
0.000031
0.000002
0.000085
0.232005
0.023763
0.004427
0.077476
0.000035
0.003000
0.000509
0.022924
0.084577
0.000002
0.000082
0.000509
0.003741
0.276559
0.039003
0.002830
0.079747
0.023534
0.000895
0.000062
0.000780
0.000066
0.000022
0.022139
0.000511
0.000095
0.023432
0.023565
0.037780
0.004007
0.000002
0.000032
0.084270
0.082966
0.037665
0.000040
0.078930
0.000441
0.000841
0.000349
0.004912
0.032124
0.083259
0.078069
0.080245
0.000491
0.000033
0.037609
0.000037
0.000435
0.002837
0.000075
0.002901
0.022909
0.022444
0.000003
0.000044
0.026974
0.003068
0.024120
0.038332
0.000105
0.073384
0.000065
0.000002
0.000001
0.000001
0.023358
0.038231
0.076421
0.078025
0.000030
0.024888
0.078986
0.040214
0.083311
0.087102
0.004087
0.002898
0.000462
0.000057
0.003211
0.024265
0.002800
0.000754
0.003114
0.000059
0.000006
0.006169
0.002967
0.000092
0.000100
0.003953
0.000070
0.077649
0.022765
0.003996
0.000001
0.023398
0.037934
0.000001
0.000037
0.003465
0.022805
0.037876
0.000002
0.000114
0.090315
0.000002
0.002865
0.000935
0.001470
0.000508
0.077115
0.000391
0.000116
0.000944
0.002920
0.000038
0.000880
0.000494
0.000583
0.000403
0.000889
0.000396
0.000890
0.000353
0.000065
0.080973
0.037864
0.000551
0.080274
0.000395
0.000496
0.000768
0.002852
0.000512
0.000763
0.002969
0.004047
0.004003
0.000063
0.000404
0.000376
0.076883
0.077151
0.000481
0.002868
0.000462
0.000337
0.083094
0.002892
0.087355
0.080309
0.000432
0.000105
0.037775
0.020646
0.000815
0.000480
0.000030
0.077540
0.000820
0.000780
0.000121
0.002953
0.000066
0.000804
0.000321
0.084542
0.022924
0.002937
0.027276
0.000407
0.002997
0.000467
0.002842
0.000001
0.076957
0.002943
0.004125
0.000396
0.002897
0.259212
0.000342
0.073333
0.000885
0.082289
0.000979
0.038246
0.000629
0.000735
0.002933
0.000582
0.084899
0.000426
0.000811
0.000115
0.000418
0.038787
0.000796
0.002856
0.086056
0.002890
0.000036
0.037538
0.074617
0.022986
0.022954
0.002981
0.022681
0.078189
0.000417
0.283235
0.040681
0.000878
0.072985
0.000131
0.004130
0.000470
0.002900
0.000831
0.200144
0.000422
0.000033
0.002874
0.023222
0.080812
0.028463
0.000458
0.000457
0.000443
0.000033
0.004257
0.023329
0.022885
0.102190
0.000019
0.000361
0.000104
0.002835
0.000002
0.077435
0.002843
0.000419
0.080323
0.000495
0.000032
0.037641
0.075100
0.037485
0.002871
0.000786
0.079836
0.292774
0.000731
0.004855
0.000336
0.000053
0.000434
0.082144
0.002919
0.082006
0.003178
0.000002
0.002899
0.000001
0.000002
0.000002
0.032997
0.056397
0.037287
0.075138
0.084889
0.023707
0.000002
0.276068
0.023065
0.037691
0.000391
0.000032
0.000109
0.000035
0.000001
0.002911
0.000039
0.000778
0.000410
0.002914
0.004152
0.000366
0.076832
0.000040
0.037521
0.003211
0.002904
0.002901
0.000695
0.040195
0.003491
0.022969
0.000542
0.000496
0.040299
0.000063
0.000048
0.000030
0.023116
0.004226
0.004062
0.003276
0.000107
0.075024
0.002897
0.002859
0.088741
0.000098
0.000791
0.004062
0.000235
0.077338
0.000097
0.000423
0.000878
0.081716
0.078261
0.002879
0.000089
0.000001
0.000000
0.246309
0.002891
0.024974
0.002921
0.004060
0.000001
0.000878
0.000317
0.001238
0.001051
0.000901
0.029777
0.000003
1.063010
0.025020
0.002989
0.002793
0.022696
0.022398
0.000423
0.076646
0.031011
0.000081
0.083006
0.000026
0.081545
0.079714
0.000044
0.000031
0.000108
0.004060
0.002795
0.007466
0.080754
0.022835
0.000039
0.037283
0.022675
0.022936
0.023064
0.023413
0.002956
0.006305
0.002911
0.072590
0.040102
0.080097
0.000031
0.002912
0.000774
0.000002
0.000418
0.000475
0.000031
0.000154
0.000038
0.000008
0.080520
0.082474
0.080110
0.000493
0.000026
0.000567
0.002868
0.003864
0.000039
0.083665
0.037466
0.077529
0.000065
0.000451
0.000136
0.000456
0.038836
0.088833
0.002839
0.003868
0.000129
0.002933
0.000203
0.038602
0.003980
0.004169
0.040253
0.002875
0.040671
0.000828
0.001870
0.000114
0.000920
0.000037
0.000358
0.000975
0.000422
0.000904
0.000358
0.000147
0.000024
0.092537
0.002961
0.002973
0.004149
0.003041
0.003925
0.002908
0.022810
0.000468
0.085442
0.000100
0.000008
0.004018
0.002973
0.023614
0.022711
0.000046
0.000024
0.000113
0.002711
0.084574
0.000036
0.000054
0.000023
0.000346
0.000624
0.002836
0.000027
0.002967
0.076951
0.000023
0.000911
0.000071
0.003944
0.087993
0.079694
0.076112
0.234050
0.002918
0.004118
0.000726
0.024487
0.000446
0.083089
0.022752
0.080065
0.000535
0.023661
0.000778
0.000436
0.084438
0.031776
0.000072
0.076101
0.000876
0.000760
0.000421
0.038693
0.000066
0.000847
0.028161
0.000063
0.020997
0.000332
0.000509
0.072639
0.080438
0.022975
0.000147
0.000100
0.000001
0.079728
0.000855
0.002888
0.214013
0.001888
0.000860
0.000092
0.039363
0.002858
0.038414
0.000108
0.000024
0.040465
0.000129
0.093523
0.037855
0.002984
0.083628
0.070928
0.000002
0.000104
0.004049
0.000760
0.000704
0.000038
0.003690
0.000001
0.000115
0.002902
0.002851
0.000032
0.038293
0.000123
0.090764
0.002965
0.078740
0.002883
0.000600
0.000448
0.037383
0.082489
0.000003
0.004191
0.003996
0.000027
0.094151
0.002898
0.000496
0.004022
0.000037
0.000020
0.000180
0.000058
0.078546
0.000783
0.023059
0.000448
0.079066
0.080672
0.000097
0.020433
0.003922
0.085438
0.002877
0.079086
0.004304
0.003917
0.003925
0.097329
0.002904
0.000401
0.000001
0.022866
0.000862
0.000485
0.000008
0.000026
0.000016
0.004108
0.077209
0.000487
0.000071
0.002880
0.000556
0.001844
0.000003
0.079359
0.080091
0.080456
0.000001
0.000078
0.004684
0.000026
0.000147
0.000058
0.023342
0.000003
0.037287
0.005837
0.002860
0.000016
0.000536
0.002994
0.075968
0.000921
0.004154
0.002885
0.000871
0.023150
0.000860
0.030690
0.000035
0.000001
0.002943
0.078282
0.004068
0.000396
0.022616
0.039950
0.005461
0.023622
0.001045
0.000494
0.000001
0.000455
0.000040
0.000056
0.000034
0.024407
0.002850
0.081236
0.078036
0.000370
0.000400
0.000481
0.000408
0.002930
0.007312
0.000399
0.000889
0.000027
0.000031
0.074766
0.074343
0.083401
0.037460
0.240273
0.038729
0.038347
0.000078
0.000093
0.000040
0.083813
0.000049
0.079931
0.000838
0.081164
0.000494
0.040310
0.022901
0.000057
0.000892
0.000992
0.003953
0.002919
0.076419
0.076339
0.000100
0.086151
0.029721
0.000480
0.000583
0.000038
0.003987
0.000867
0.004910
0.040400
0.038906
0.000448
0.023006
0.084094
0.000466
0.000126
0.038507
0.022961
0.078024
0.000447
0.081935
0.002893
0.077141
0.037678
0.000103
0.000044
0.000840
0.004189
0.002810
0.000024
0.039700
0.000089
0.002907
0.027492
0.000452
0.000792
0.000051
0.002910
0.001024
0.043508
0.002871
0.000025
0.000034
0.004855
0.084324
0.000839
0.084993
0.002999
0.000399
0.002874
0.000002
0.000032
0.002791
0.000069
0.000123
0.004863
0.004078
0.023601
0.000040
0.002907
0.004802
0.004285
0.040619
0.000797
0.085658
0.000070
0.000022
0.000085
0.076877
0.000767
0.023065
0.000013
0.000958
0.075240
0.079024
0.000002
0.000021
0.000859
0.000369
0.000786
0.079329
0.000830
0.075862
0.083333
0.002919
0.085813
0.000443
0.000066
0.000752
0.000514
0.001057
0.000486
0.000035
0.039883
0.000849
0.000882
0.000038
0.082856
0.000434
0.079109
0.000070
0.000898
0.000042
0.072299
0.004327
0.088480
0.040700
0.080374
0.080974
0.038450
0.079202
0.001291
0.000035
0.000067
0.002900
0.004967
0.002963
0.040872
0.037309
0.037129
0.000098
0.002946
0.002973
0.000963
0.041009
0.000506
0.040032
0.021962
0.004109
0.001016
0.002908
0.080954
0.000148
0.000037
0.000037
0.002886
0.002771
0.000905
0.000031
0.000533
0.000878
0.000092
0.000326
0.000160
0.022781
0.037705
0.000808
0.000846
0.002847
0.002885
0.000438
0.000390
0.002897
0.002872
0.003994
0.024781
0.004047
0.000040
0.000003
0.000903
0.000064
0.004283
0.023202
0.040636
0.037338
0.002734
0.000047
0.033715
0.002872
0.004017
0.000026
0.000104
0.079224
0.081904
0.000822
0.081518
0.000033
0.000003
0.000027
0.005457
0.000032
0.000092
0.000465
0.000427
0.002900
0.000497
0.004321
0.000378
0.000032
0.000039
0.000045
0.023521
0.079060
0.004837
0.000890
0.000482
0.002821
0.000030
0.000975
0.000001
0.079199
0.022638
0.038003
0.002952
0.040172
0.000101
0.000960
0.078197
0.004147
0.000067
0.000059
0.000030
0.000158
0.000904
0.000888
0.000838
0.002849
0.086643
0.002889
0.000817
0.037630
0.000069
0.003983
0.003937
0.033783
0.000063
0.002855
0.000030
0.002902
0.000853
0.002902
0.000915
0.000770
0.000368
0.000119
0.002939
0.002971
0.077578
0.037927
0.083111
0.000039
0.000056
0.000511
0.002848
0.004051
0.003982
0.079543
0.000002
0.000098
0.000459
0.072306
0.037172
0.000021
0.077522
0.038800
0.232361
0.000001
0.079689
0.079292
0.000512
0.000121
0.091061
0.002942
0.000816
0.077679
0.000376
0.002917
0.000790
0.023384
0.000790
0.000497
0.000741
0.000794
0.004151
0.000057
0.004122
0.075042
0.000406
0.083654
0.077166
0.004383
0.000205
0.000039
0.000506
0.081276
0.000002
0.000318
0.001822
0.038165
0.003032
0.073453
0.083452
0.000416
0.004258
0.000511
0.022938
0.002923
0.082239
0.079842
0.040324
0.000068
0.000002
0.000034
0.002931
0.004617
0.002840
0.000909
0.000385
0.000866
0.237420
0.004644
0.000102
0.002859
0.023650
0.003702
0.004932
0.003140
0.000433
0.000345
0.000492
0.000445
0.000384
0.038132
0.004128
0.037715
0.000448
0.030847
0.000108
0.084066
0.003988
0.022100
0.004742
0.000464
0.005283
0.023031
0.000519
0.000032
0.082218
0.037871
0.000031
0.077293
0.039774
0.000057
0.000027
0.000101
0.000064
0.086075
0.004209
0.006650
0.004748
0.082248
0.079670
0.000478
0.000415
0.000095
0.081596
0.079847
0.000064
0.088249
0.000854
0.004023
0.000007
0.001072
0.000032
0.000191
0.003692
0.000062
0.000064
0.000816
0.000399
0.000002
0.000001
0.000032
0.000065
0.000327
0.000020
0.002854
0.040267
0.080469
0.000465
0.020507
0.000527
0.000030
0.000031
0.081146
0.025184
0.000002
0.076916
0.000744
0.000099
0.000778
0.000423
0.038697
0.000053
0.002098
1.005223
0.037640
0.077539
0.002925
0.000806
0.078845
0.020044
0.000389
0.000024
0.023300
0.079114
0.024335
0.000833
0.000036
0.000030
0.000652
0.002909
0.006614
0.004907
0.000161
0.000085
0.000005
0.000022
0.022756
0.000075
0.076629
0.004039
0.001839
0.000095
0.000053
0.000749
0.081955
0.037584
0.003974
0.000387
0.000030
0.000023
0.002962
0.000071
0.000041
0.082581
0.000153
0.037425
0.000162
0.081961
0.004598
0.028099
0.000007
0.074062
0.078528
0.078521
0.000154
0.000001
0.088417
0.000958
0.075484
0.000055
0.000073
0.037600
0.000004
0.000902
0.000798
0.004012
0.092211
0.031132
0.000062
0.000069
0.002852
0.003022
0.022802
0.000951
0.000916
0.000490
0.002897
0.000040
0.000028
0.000988
0.080483
0.023055
0.037407
0.074534
0.000108
0.038622
0.000027
0.000435
0.000001
0.003408
0.040052
0.077573
0.032295
0.079912
0.000032
0.000048
0.005028
0.002951
0.005609
0.000908
0.001089
0.081849
0.000455
0.000036
0.000397
0.001223
0.037946
0.000771
0.000040
0.004046
0.000005
0.081274
0.080579
0.082929
0.000041
0.041028
0.031584
0.000027
0.000054
0.080744
0.000038
0.078156
0.000095
0.003957
0.000427
0.023052
0.081750
0.004128
0.040812
0.002932
0.023323
0.002878
0.000899
0.000489
0.004100
0.022833
0.022926
0.004054
0.038205
0.082123
0.039977
0.000718
0.083034
0.000037
0.084412
0.000889
0.074807
0.037834
0.004895
0.080092
0.074438
0.000420
0.002821
0.004222
0.000286
0.002818
0.086408
0.000466
0.038134
0.243790
0.000512
0.076262
0.076419
0.079116
0.000064
0.037624
0.000031
0.002932
0.004045
0.000002
0.000004
0.002927
0.005050
0.023343
0.023292
0.004010
0.000068
0.091618
0.226253
0.080893
0.000539
0.000030
0.022896
0.072262
0.000351
0.079020
0.000940
0.000756
0.003628
0.000567
0.000766
0.002896
0.038349
0.084997
0.000031
0.000421
0.039390
0.004031
0.000506
0.038008
0.037393
0.000039
0.000325
0.000002
0.000010
0.077605
0.084590
0.000027
0.000877
0.000937
0.002876
0.000883
0.002851
0.000034
0.002877
0.000088
0.040783
0.023407
0.000484
0.000040
0.697761
0.002975
0.022640
0.081637
0.000091
0.078489
0.036954
0.023048
0.000025
0.024780
0.001906
0.022842
0.003627
0.037461
0.000558
0.080516
0.000022
0.074194
0.084074
0.001990
0.318483
0.000659
0.002857
0.000039
0.000067
0.037585
0.000093
0.000033
0.000020
0.000029
0.079476
0.077014
0.000140
0.000127
0.000821
0.082135
0.000760
0.000879
0.000437
0.000468
0.081607
0.000466
0.000861
0.000532
0.000457
0.079212
0.000001
0.000136
0.083403
0.000028
0.002854
0.000428
0.037647
0.039893
0.038716
0.076435
0.002911
0.027181
0.000915
0.001913
0.000356
0.000002
0.000067
0.078966
0.000035
0.000066
0.002867
0.082172
0.003920
0.002832
0.000002
0.078189
0.000061
0.000983
0.022828
0.000045
0.000032
0.023119
0.000090
0.000003
0.038751
0.038091
0.022791
0.024272
0.038251
0.002826
0.003007
0.087303
0.004084
0.000144
0.022854
0.000024
0.000042
0.000009
0.000044
0.000115
0.000788
0.000129
0.000469
0.004001
0.000033
0.000065
0.088720
0.000064
0.000018
0.000066
0.000003
0.000146
0.240033
0.000151
0.000600
0.023988
0.000032
0.082389
0.002980
0.037818
0.000446
0.004120
0.079147
0.002886
0.074188
0.000510
0.004582
0.077008
0.075888
0.000092
0.022750
0.087340
0.000068
0.000052
0.002806
0.000038
0.000428
0.080869
0.083293
0.000485
0.000838
0.000523
0.002972
0.000744
0.075453
0.000002
0.079825
0.039989
0.000693
0.079633
0.041453
0.083202
0.002823
0.000030
0.000073
0.005289
0.078491
0.000044
0.003976
0.000052
0.000003
0.004063
0.078018
0.000034
0.022983
0.000784
0.031520
0.038881
0.000117
0.002953
0.040130
0.000063
0.037633
0.078375
0.037681
0.076889
0.000057
0.087271
0.003482
0.000030
0.000087
0.000033
0.022983
0.002897
0.002875
0.081836
0.000767
0.000002
0.004023
0.081045
0.000818
0.022010
0.000072
0.000730
0.079478
0.081825
0.083436
0.079572
0.000099
0.000004
0.002865
0.003008
0.000754
0.000754
0.078428
0.022824
0.001060
0.083260
0.000026
0.023045
0.023061
0.037704
0.000794
0.000032
0.094586
0.000064
0.079381
0.074376
0.000070
0.023291
0.004503
0.037912
0.038568
0.004078
0.000811
0.000946
0.024864
0.000038
0.002903
0.085566
0.000403
0.000001
0.000034
0.000063
0.002867
0.000926
0.024366
0.000344
0.002947
0.000356
0.000037
0.002836
0.000123
0.037385
0.081946
0.082404
0.000733
0.000854
0.000002
0.000080
0.002852
0.001010
0.001110
0.001228
0.081320
0.002951
0.000052
0.000753
0.002960
0.000635
0.004120
0.000059
0.000882
0.000460
0.000380
0.022790
0.040008
0.086380
0.000465
0.000086
0.000479
0.000127
0.000628
0.000955
0.000874
0.000041
0.000451
0.001016
0.001107
0.000941
0.001014
0.000973
0.000816
0.000860
0.000037
0.000108
0.000018
0.000062
0.004163
0.000452
0.000105
0.002917
0.081796
0.003979
0.000831
0.002895
0.000356
0.000004
0.081084
0.020315
0.002865
0.082292
0.002808
0.023373
0.000004
0.022691
0.000098
0.000112
0.073118
0.000062
0.003413
0.000030
0.002906
0.000001
0.084301
0.000812
0.072116
0.040205
0.000406
0.000860
0.000019
0.002871
0.004164
0.000055
0.000036
0.029548
0.037506
0.002891
0.001033
0.038610
0.000870
0.080707
0.000025
0.086625
0.003844
0.000072
0.000399
0.004138
0.000077
0.000377
0.007048
0.002877
0.002935
0.000039
0.000142
0.004199
0.083750
0.000720
0.080302
0.000024
0.024684
0.002920
0.000506
0.004083
0.000437
0.000466
0.080801
0.000526
0.000064
0.024477
0.000381
0.038713
0.000482
0.000849
0.000503
0.000059
0.079483
0.000011
0.000067
0.000644
0.000495
0.080171
0.085034
0.024486
0.004015
0.002847
0.000967
0.082793
0.000015
0.085101
0.022653
0.000063
0.000797
0.024477
0.038656
0.040895
0.040662
0.000034
0.000025
0.000898
0.039576
0.000037
0.078357
0.000943
0.083414
0.000361
0.022703
0.000005
0.000830
0.002901
0.000477
0.023002
0.000025
0.000053
0.000487
0.000002
0.000053
0.000027
0.075727
0.001017
0.081866
0.006932
0.037187
0.039945
0.000161
0.000029
0.040966
0.000025
0.000459
0.000512
0.000785
0.002846
0.002853
0.004026
0.000092
0.000437
0.022379
0.002883
0.000359
0.000004
0.037574
0.000029
0.004170
0.000481
0.073228
0.003987
0.081056
0.000817
0.040349
0.037494
0.037956
0.002962
0.002896
0.000062
0.002964
0.000097
0.000089
0.000445
0.000441
0.002919
0.084744
0.000124
0.000036
0.000146
0.000034
0.000564
0.022950
0.000573
0.002963
0.000865
0.026822
0.000118
0.040109
0.087834
0.002910
0.000440
0.004858
0.000382
0.081695
0.073789
0.076093
0.000080
0.000752
0.022549
0.083827
0.004157
0.037284
0.000431
0.004973
0.088722
0.038810
0.000441
0.023387
0.000035
0.084607
0.000935
0.004093
0.000431
0.001229
0.078490
0.002953
0.023417
0.000862
0.295666
0.037913
0.022677
0.023046
0.080394
0.075158
0.000613
0.004016
0.022864
0.000398
0.080369
0.000010
0.002971
0.079733
0.000429
0.000452
0.026970
0.004101
0.078660
0.040854
0.040356
0.000306
0.000887
0.000026
0.091599
0.000535
0.002936
0.038181
0.002971
0.000474
0.073323
0.000535
0.077039
0.000447
0.000066
0.026232
0.000034
0.002829
0.084020
0.237789
0.000437
0.002999
0.079558
0.000136
0.003046
0.000366
0.000027
0.002931
0.000104
0.002882
0.001293
0.000002
0.000122
0.000079
0.000028
0.000031
0.000164
0.003981
0.000001
0.002915
0.000128
0.004312
0.000028
0.000450
0.000404
0.000329
0.040328
0.000774
0.022739
0.000780
0.083693
0.000040
0.078557
0.000408
0.038467
0.000511
0.000744
0.000034
0.000430
0.002992
0.000437
0.000047
0.000087
0.037819
0.000798
0.232504
0.000427
0.000711
0.087669
0.000844
0.038294
0.000442
0.000033
0.000423
0.000028
0.000028
0.083541
0.000158
0.002934
0.000896
0.038285
0.000002
0.028363
0.043564
0.000453
0.002972
0.002823
0.000002
0.002910
0.037788
0.000796
0.004089
0.000033
0.000030
0.000441
0.023273
0.000888
0.085570
0.000764
0.078470
0.040132
0.024826
0.000689
0.002858
0.000046
0.004852
0.000861
0.000023
0.000812
0.000892
0.000313
0.085696
0.077567
0.078963
0.000694
0.083505
0.000777
0.000088
0.078502
0.002891
0.000025
0.000828
0.000097
0.002904
0.023080
0.039968
0.004177
0.000108
0.282641
0.000780
0.000032
0.000024
0.003949
0.002840
0.026939
0.038670
0.089486
0.000117
0.002714
0.078127
0.003024
0.076503
0.004050
0.085382
0.000849
0.000002
0.000425
0.000066
0.001275
0.000026
0.002891
0.079962
0.000294
0.037866
0.000034
0.000530
0.027330
0.000006
0.000453
0.314174
0.000462
0.000062
0.075843
0.075710
0.000395
0.000123
0.000919
0.002882
0.000487
0.003942
0.000138
0.000852
0.004082
0.000885
0.037444
0.077683
0.037344
0.020198
0.037498
0.003012
0.084334
0.027133
0.000039
0.026379
0.002969
0.000001
0.000834
0.083890
0.002989
0.000029
0.023229
0.003505
0.023074
0.000834
0.000809
0.077776
0.027729
0.000052
0.040048
0.003436
0.039331
0.000006
0.000416
0.002896
0.002928
0.072888
0.089277
0.084139
0.000381
0.038328
0.028255
0.078907
0.000125
0.002939
0.002884
0.004220
0.004525
0.000037
0.004939
0.002908
0.001048
0.002973
0.000007
0.075165
0.000463
0.002826
0.000029
0.038592
0.080588
0.002815
0.000469
0.039384
0.000002
0.004873
0.040723
0.000041
0.002917
0.000533
0.004086
0.083302
0.004544
0.000435
0.004946
0.002917
0.000409
0.079326
0.081261
0.078745
0.023761
0.027015
0.000037
0.000410
0.000002
0.000002
0.000118
0.000294
0.000108
0.001018
0.000960
0.022895
0.000961
0.000156
0.002898
0.040421
0.000030
0.000757
0.079130
0.082360
0.004934
0.002877
0.000114
0.087503
0.000036
0.000473
0.075128
0.002817
0.000037
0.022835
0.002911
0.000035
0.004772
0.077943
0.079952
0.001730
0.020153
0.074574
0.004682
0.000429
0.000566
0.000031
0.000799
0.004196
0.000851
0.002881
0.038436
0.000809
0.022841
0.000804
0.000763
0.000440
0.000002
0.073352
0.002872
0.000434
0.037744
0.083869
0.004018
0.000908
0.000005
0.083534
0.026758
0.022000
0.000686
0.086652
0.002907
0.003039
0.000433
0.038749
0.000285
0.000028
0.000059
0.082770
0.000829
0.004043
0.002872
0.000108
0.002793
0.080256
0.000341
0.023577
0.000911
0.038657
0.002926
0.000466
0.000037
0.000074
0.003954
0.000983
0.077339
0.002920
0.000881
0.023023
0.000789
0.000441
0.002988
0.000849
0.001379
0.000869
0.003955
0.000851
0.000061
0.000461
0.000796
0.000887
0.037830
0.000103
0.000031
0.002821
0.000509
0.080547
0.000092
0.002881
0.002990
0.033343
0.004119
0.000002
0.000006
0.080845
0.002840
0.000104
0.002726
0.037590
0.003570
0.040070
0.000002
0.000823
0.030847
0.000996
0.000382
0.039735
0.000018
0.000902
0.078661
0.079115
0.099508
0.038618
0.008582
0.000001
0.072739
0.004044
0.000812
0.079603
0.040138
0.000099
0.023032
0.023076
0.000063
0.000008
0.002950
0.086969
0.000915
0.002889
0.303585
0.000097
0.000114
0.080519
0.004152
0.000088
0.037628
0.000291
0.075834
0.022760
0.000028
0.000004
0.004164
0.002864
0.085941
0.000002
0.000029
0.000930
0.000792
0.003537
0.000548
0.000049
0.002912
0.000001
0.073510
0.079162
0.023243
0.002900
0.089206
0.000115
0.000038
0.080495
0.000770
0.000032
0.004727
0.083898
0.002923
0.080779
1.077776
0.022867
0.002880
0.002928
0.000530
0.002909
0.000851
0.002906
0.000795
0.004872
0.000013
0.000002
0.000000
0.000034
0.000064
0.004958
0.000542
0.002970
0.002766
0.001827
0.024466
0.080982
0.077791
0.080707
0.002931
0.002907
0.037542
0.083028
0.003930
0.000899
0.077292
0.000800
0.000433
0.000909
0.080768
0.000058
0.000036
0.000057
0.000784
0.000519
0.000766
0.000732
0.002784
0.022638
0.080810
0.027017
0.000017
0.002902
0.040810
0.027056
0.000030
0.003974
0.000581
0.000088
0.076843
0.037714
0.000448
0.079483
0.000135
0.000037
0.004744
0.040285
0.000451
0.000187
0.077477
0.000038
0.079354
0.005080
0.004158
0.024627
0.002907
0.039898
0.000103
0.022830
0.000243
0.073351
0.038908
0.079667
0.079147
0.002917
0.000763
0.000775
0.004151
0.005058
0.000002
0.004064
0.002856
0.000029
0.000022
0.004061
0.000744
0.004695
0.000818
0.000023
0.002926
0.038899
0.000104
0.000003
0.003015
0.005602
0.000037
0.000775
0.000542
0.038361
0.002918
0.078104
0.087620
0.002918
0.000034
0.000081
0.024448
0.000570
0.024394
0.000002
0.078144
0.000836
0.024463
0.000042
0.000132
0.003029
0.002950
0.000549
0.000098
0.002965
0.023857
0.000002
0.000037
0.000023
0.000033
0.022823
0.004488
0.003011
0.000922
0.080746
0.000008
0.073290
0.000007
0.081636
0.037397
0.000830
0.039503
0.004106
0.000520
0.023302
0.000003
0.000541
0.002946
0.023374
0.000002
0.077973
0.000413
0.004164
0.000497
0.002901
0.079788
0.078579
0.084135
0.023290
0.003027
0.003963
0.086241
0.002863
0.005108
0.000569
0.000815
0.004028
0.000045
0.003029
0.079426
0.000048
0.001000
0.040317
0.077063
0.004096
0.000421
0.000518
0.002835
0.000029
0.000002
0.002889
0.037500
0.000205
0.000782
0.000463
0.001030
0.022800
0.000002
0.000468
0.037837
0.000083
0.002887
0.037526
0.002854
0.004963
0.000139
0.000002
0.002942
0.000359
0.001842
0.000532
0.000123
0.000005
0.002896
0.037622
0.000003
0.082982
0.000107
0.000932
0.000126
0.000707
0.040900
0.000976
0.000892
0.000925
0.024313
0.077543
0.000084
0.080520
0.040752
0.000968
0.001034
0.000038
0.002859
0.002880
0.000504
0.002888
0.023641
0.000022
0.080977
0.000883
0.000402
0.000891
0.002889
0.000119
0.040067
0.037628
0.000032
0.084306
0.024872
0.002868
0.000769
0.000022
0.003714
0.038634
0.004010
0.000034
0.087345
0.007110
0.000031
0.004045
0.000030
0.000824
0.000819
0.086641
0.000056
0.079203
0.002894
0.002925
0.000031
0.000455
0.000389
0.022721
0.000028
0.004542
0.000087
0.078550
0.000099
0.002951
0.037296
0.076155
0.041010
0.000073
0.078166
0.000002
0.000063
0.077556
0.000103
0.082180
0.002879
0.002973
0.081507
0.022651
0.281987
0.000149
0.084392
0.000056
0.004512
0.038452
0.084388
0.004103
0.081744
0.000766
0.000839
0.000919
0.000999
0.000953
0.000040
0.000034
0.022743
0.000117
0.023016
0.000038
0.081358
0.002927
0.000039
0.000818
0.000860
0.000061
0.024463
0.082034
0.002835
0.000061
0.000002
0.022726
0.004939
0.004692
0.000066
0.000987
0.000419
0.000851
0.000024
0.000919
0.000943
0.000985
0.000063
0.000002
0.000991
0.005163
0.023503
0.000811
0.000100
0.000060
0.000017
0.000472
0.000087
0.078271
0.000101
0.001030
0.000079
0.277068
0.081040
0.000855
0.078377
0.000002
0.078345
0.004151
0.081416
0.105661
0.000096
0.000033
0.000001
0.000002
0.037401
0.078111
0.080778
0.000858
0.077112
0.003999
0.000364
0.000071
0.215758
0.040788
0.000759
0.000829
0.038853
0.002870
0.000043
0.078972
0.000077
0.000538
0.024574
0.082455
0.000492
0.000474
0.000389
0.001004
0.000053
0.002871
0.000865
0.000593
0.000377
0.073067
0.005074
0.082460
0.000881
0.002899
0.080848
0.080782
0.009394
0.000489
0.000026
0.083012
0.077206
0.000220
0.082898
0.076600
0.000862
0.001169
0.000091
0.080685
0.081068
0.002899
0.002870
0.000035
0.002836
0.000911
0.000883
0.080060
0.000007
0.078049
0.023464
0.073360
0.001354
0.084171
0.000025
0.000067
0.024389
0.088502
0.000025
0.038785
0.000371
0.084043
0.077307
0.000005
0.000034
0.079339
0.004086
0.000036
0.000039
0.000488
0.000655
0.025030
0.085609
0.083770
0.040302
0.000036
0.026445
0.004061
0.000065
0.000408
0.000060
0.002851
0.000542
0.037612
0.000002
0.000059
0.000889
0.000058
0.080762
0.002936
0.000937
0.037928
0.001829
0.001932
0.077318
0.000404
0.003978
0.004993
0.001039
0.002891
0.000350
0.000456
0.079624
0.022984
0.037549
0.000418
0.004427
0.000388
0.000132
0.082087
0.085930
0.004086
0.000831
0.002859
0.000002
0.002897
0.002962
0.901493
0.000126
0.074263
0.000067
0.073988
0.002948
0.004010
0.081619
0.022728
0.079953
0.000026
0.000056
0.081812
0.000127
0.000036
0.076255
0.002892
0.000874
0.002815
0.000906
0.083281
0.000913
0.002837
0.080865
0.037535
0.001226
0.019864
0.000506
0.037525
0.078204
0.076723
0.002962
0.000037
0.000132
0.075121
0.000105
0.000119
0.000942
0.003981
0.000894
0.000775
0.000749
0.000040
0.000520
0.000085
0.024300
0.000885
0.000037
0.000005
0.000956
0.000408
0.004067
0.083182
0.004221
0.000039
0.074892
0.002956
0.024659
0.146971
0.000846
0.024543
0.081376
0.000042
0.084263
0.000127
0.000409
0.084024
0.004023
0.002901
0.004214
0.088462
0.001896
0.000531
0.040032
0.001118
0.000086
0.000823
0.000163
0.039399
0.000070
0.074721
0.000060
0.000761
0.002952
0.000763
0.004063
0.022674
0.079684
0.041489
0.000779
0.087152
0.041133
0.000716
0.000829
0.024134
0.000092
0.000324
0.078342
0.023109
0.000007
0.086567
0.000525
0.002931
0.000002
0.000071
0.002907
0.000352
0.005060
0.084186
0.000925
0.000883
0.001202
0.001450
0.000875
0.000158
0.000959
0.000859
0.000808
0.000157
0.000937
0.000826
0.000796
0.000723
0.000719
0.000843
0.000418
0.000531
0.000889
0.000796
0.000958
0.000385
0.037334
0.000833
0.090541
0.031230
0.039601
0.022960
0.000026
0.001044
0.004056
0.000437
0.000880
0.002943
0.000836
0.002880
0.022712
0.004594
0.002892
0.074585
0.000837
0.000884
0.000902
0.002861
0.000773
1.089682
0.000858
0.000076
0.002951
0.005195
0.000030
0.000485
0.000784
0.002978
0.000778
0.000916
0.000510
0.002910
0.000024
0.000845
0.000844
0.000028
0.000053
0.000001
0.075584
0.004552
0.084982
0.000019
0.004870
0.002929
0.002958
0.000041
0.000099
0.089829
0.003342
0.000834
0.000510
0.004142
0.000859
0.081797
0.081396
0.000041
0.040430
0.001005
0.001029
0.000901
0.000450
0.002856
0.037663
0.000068
0.000061
0.078333
0.026986
0.084932
0.000059
0.077955
0.000760
0.000973
0.000427
0.000059
0.024579
0.000539
0.003618
0.040040
0.000003
0.003311
0.000817
0.000031
0.040162
0.000832
0.000833
0.086752
0.002948
0.003011
0.000853
0.020559
0.000758
0.037345
0.002894
0.000031
0.000039
0.000073
0.002824
0.000454
0.000033
0.000071
0.040710
0.039544
0.076691
0.083419
0.000023
0.003601
0.077276
0.236904
0.000482
0.000105
0.022749
0.000006
0.079102
0.022761
0.000790
0.002846
0.000023
0.000892
0.081698
0.086319
0.000808
0.078943
0.000468
0.000139
0.000497
0.000068
0.004045
0.000495
0.088487
0.074163
0.004674
0.040279
0.000425
0.000497
0.000383
0.000101
0.037491
0.000072
0.000090
0.000432
0.083202
0.081802
0.004038
0.076431
0.022630
0.000088
0.077697
0.000058
0.085831
0.079592
0.000030
0.004068
0.000059
0.000070
0.000026
0.000023
0.000058
0.000114
0.078871
0.000468
0.002965
0.079937
0.022678
0.077702
0.000114
0.002874
0.002921
0.002833
0.076202
0.000410
0.002903
0.000024
0.002983
0.000467
0.000071
0.004827
0.000033
0.001028
0.000029
0.073520
1.999245
0.077738
0.000122
0.002888
0.040359
0.000857
0.081650
0.004069
0.078994
0.082824
0.037373
0.039876
0.002858
0.000059
0.074338
0.039433
0.006782
0.002842
0.000170
0.002833
0.080988
0.081330
0.038814
0.000061
0.022853
0.029767
0.000012
0.000865
0.000025
0.002978
0.004143
0.022863
0.005737
0.000769
0.000045
0.041076
0.080248
0.000509
0.003050
0.002833
0.000060
0.000797
0.002943
0.078042
0.005424
0.000032
0.081551
0.000027
0.082078
0.004021
0.000903
0.000664
0.003914
0.000410
0.000160
0.000067
0.000080
0.000000
0.000061
0.000127
0.000460
0.000026
0.000057
0.078742
0.004910
0.004804
0.002848
0.000574
0.000771
0.000823
0.000726
0.004096
0.004062
0.003859
0.000054
0.003903
0.006523
0.084363
0.000756
0.000506
0.000347
0.000456
0.000415
0.000042
0.002959
0.000951
0.078501
0.000060
0.078033
0.000848
0.000989
0.000739
0.000878
0.000981
0.002932
0.000002
0.000459
0.001349
0.000061
0.000476
0.004164
0.002935
0.000395
0.001897
0.079934
0.000002
0.024406
0.019866
0.000025
0.000029
0.000038
0.000450
0.002950
0.022906
0.078228
0.022907
0.000023
0.002861
0.073462
0.000508
0.002939
0.000416
0.000164
0.038884
0.001319
0.000088
0.000130
0.000058
0.000524
0.081340
0.000100
0.084434
0.000414
0.000033
0.000034
0.000001
0.080682
0.082115
0.000022
0.079767
0.075297
0.000085
0.004188
0.037713
0.000001
0.078028
0.000003
0.086691
0.092749
0.000166
0.006053
0.004166
0.000512
0.022858
0.000029
0.000032
0.094432
0.000479
0.000917
0.082436
0.000976
0.002815
0.085145
0.000382
0.000504
0.000029
0.000449
0.000793
0.003356
0.000019
0.000002
0.079007
0.002994
0.002840
0.020737
0.076289
0.082077
0.002866
0.000001
0.079136
0.000612
0.037551
0.022818
0.002960
0.002871
0.000957
0.037574
0.076614
0.000030
0.000634
0.004878
0.003941
0.082563
0.003716
0.026893
0.001040
0.006789
0.084144
0.004765
0.000796
0.072065
0.002906
0.000002
0.028224
0.037325
0.000492
0.006127
0.022784
0.000027
0.000125
0.083198
0.000119
0.000843
0.078509
0.000032
0.000476
0.003139
0.000367
0.000784
0.002938
0.000519
0.002797
0.000045
0.000492
0.079981
0.000074
0.000064
0.001114
0.077332
0.020440
0.022856
0.073382
0.091395
0.000400
0.000032
0.002919
0.000031
0.000055
0.262922
0.002884
0.000002
0.000104
0.027266
0.000068
0.002883
0.000129
0.000035
0.038664
0.000112
0.002996
0.000810
0.004178
0.000038
0.000868
0.002831
0.004051
0.118535
0.000360
0.082285
0.040089
0.000769
0.000777
0.037250
0.000759
0.000066
0.000030
0.023399
0.002862
0.000926
0.000368
0.000040
0.000800
0.082756
0.039547
0.000004
0.000450
0.000686
0.000042
0.000104
0.000810
0.000461
0.074617
0.027396
0.000517
0.000517
0.022724
0.000026
0.000027
0.000123
0.000066
0.000867
0.000797
0.074862
0.037501
0.000000
0.000771
0.000042
0.074947
0.000073
0.000450
0.000768
0.000419
0.091063
0.000118
0.000064
0.000426
0.004743
0.037468
0.000088
0.000077
0.000132
0.000498
0.000366
0.004205
0.000127
0.000124
0.000064
0.002798
0.022950
0.032182
0.235303
0.079103
0.000026
0.000405
0.000002
0.000091
0.002967
0.000423
0.000410
0.000926
0.080405
0.000003
0.085479
0.000335
0.074179
0.001609
0.002949
0.000464
0.002826
0.001112
0.019721
0.000869
0.002967
0.080432
0.003973
0.078759
0.022823
0.000002
0.083339
0.037449
0.002947
0.000763
0.000036
0.002965
0.000026
0.001076
0.001005
0.000797
0.217780
0.023350
0.000896
0.000776
0.000106
0.023458
0.000026
0.000140
0.000033
0.000460
0.247224
0.000794
0.000032
0.000242
0.023008
0.000047
0.000066
0.000864
0.000900
0.000463
0.000533
0.000028
0.000129
0.000480
0.000414
0.000496
0.000488
0.000447
0.000477
0.000384
0.037937
0.000415
0.002863
0.075288
0.000760
0.029608
0.037577
0.025035
0.000445
0.000890
0.000311
0.000358
0.000911
0.000484
0.000441
0.000001
0.000517
0.004138
0.000470
0.000890
0.000825
0.000862
0.000021
0.000430
0.039628
0.002975
0.083888
0.000461
0.000046
0.007467
0.000059
0.000043
0.000197
0.000002
0.000031
0.000181
0.000054
0.000041
0.000789
0.038345
0.003120
0.000448
0.000791
0.002980
0.000312
0.000362
0.000061
0.000001
0.088074
0.000385
0.002885
0.000407
0.000901
0.041032
0.000812
0.002897
0.003012
0.000031
0.087899
0.000843
0.000902
0.073219
0.085936
0.000845
0.081907
0.000018
0.037706
0.081208
0.004673
0.023343
0.000371
0.076303
0.000132
0.004008
0.000385
0.000788
0.022886
0.000161
0.004215
0.000432
0.081806
0.002965
0.000115
0.000002
0.034047
0.000040
0.037701
0.078657
0.000029
0.004014
0.000003
0.002951
0.000045
0.000035
0.077933
0.076848
0.082588
0.000027
0.083183
0.000022
0.000875
0.002936
0.040149
0.000040
0.003345
0.039332
0.002839
0.000817
0.001901
0.028353
0.037637
0.000450
0.004963
0.004986
0.076744
0.038892
0.079288
0.080203
0.002937
0.083010
0.001036
0.000947
0.000491
0.076571
0.002928
0.002888
0.004141
0.000098
0.089751
0.078440
0.001952
0.087107
0.040152
0.000946
0.076540
0.088168
0.000066
0.000030
0.000000
0.000444
0.000039
0.022773
0.002896
0.023585
0.000122
0.000104
0.002844
0.000851
0.001074
0.001077
0.001129
0.001134
0.000527
0.003165
0.004051
0.000600
0.000844
0.000323
0.000482
0.000064
0.004962
0.000424
0.089906
0.002014
0.000009
0.023432
0.000882
0.000868
0.086614
0.000061
0.037966
0.002850
0.000707
0.000403
0.003022
0.087541
0.000388
0.000929
0.000406
0.002862
0.003986
0.002881
0.000026
0.000002
0.039457
0.004659
0.000035
0.002906
0.000092
0.082817
0.000864
0.000029
0.003102
0.005002
0.000849
0.000016
0.079520
0.023081
0.000027
0.002908
0.000002
0.081753
0.087435
0.037435
0.079151
0.000003
0.000855
0.000886
0.000921
0.000479
0.079761
0.000065
0.000065
0.080476
0.000313
0.000164
0.040353
0.000836
0.000035
0.004055
0.000771
0.024573
0.000041
0.037327
0.000002
0.000068
0.000061
0.001004
0.000488
0.000479
0.000343
0.001128
0.000547
0.000009
0.000079
0.002886
0.002951
0.076889
0.000030
0.000053
0.004976
0.000038
0.000030
0.040347
0.076570
0.081692
0.037909
0.080258
0.006103
0.000874
0.001071
0.000413
0.000001
0.000821
0.002894
0.005868
0.000836
0.000038
0.000846
0.004103
0.000104
0.000003
0.002874
0.002883
0.000001
0.000459
0.086612
0.000382
0.086046
0.000097
0.081702
0.022578
0.040242
0.038752
0.023417
0.022880
0.000040
0.037901
0.078858
0.002859
0.000079
0.083248
0.001095
0.022640
0.004134
0.000040
0.000466
0.000037
0.000779
0.000699
0.000900
0.037336
0.002812
0.000841
0.000931
0.000031
0.004134
0.000850
0.000415
0.000030
0.000006
0.000040
0.000921
0.000367
0.000439
0.000001
0.000497
0.000943
0.000859
0.000853
0.000800
0.232178
0.003998
0.000066
0.075694
0.004118
0.000002
0.087066
0.074293
0.038742
0.001106
0.076148
0.000074
0.022855
0.000531
0.040146
0.002757
0.080959
0.002935
0.000002
0.000820
0.000040
0.039497
0.085647
0.000039
0.000031
0.040029
0.000001
0.000786
0.002925
0.072467
0.077444
0.074774
0.002936
0.000082
0.087021
0.000680
0.000904
0.000030
0.000123
0.080821
0.000067
0.072373
0.000027
0.039843
0.000796
0.092686
0.000090
0.000901
0.000094
0.000032
0.083916
0.000778
0.002871
0.002894
0.000120
0.000939
0.000404
0.000874
0.000410
0.000881
0.000061
0.005465
0.000029
0.084775
0.038427
0.004642
0.000042
0.022046
0.078967
0.000010
0.001054
0.000085
0.000443
0.004801
0.023579
0.000035
0.000035
0.000894
0.000384
0.022864
0.000402
0.000964
0.000028
0.039919
0.037332
0.000102
0.076623
0.003013
0.000842
0.000416
0.000581
0.000036
0.025072
0.000855
0.084422
0.000808
0.000780
0.000390
0.000032
0.000106
0.000447
0.003260
0.002873
0.003950
0.082099
0.000411
0.037685
0.002861
0.000025
0.084008
0.000103
0.000588
0.037797
0.000897
0.093849
0.003849
0.000491
0.003986
0.004989
0.000022
0.000025
0.000031
0.000164
0.040046
0.002897
0.022900
0.037595
0.078308
0.079276
0.000056
0.004011
0.002911
0.004098
0.071568
0.000477
0.082574
0.005803
0.000455
0.076756
0.077312
0.000160
0.003054
0.000840
0.023470
0.081785
0.000617
0.000478
0.000456
0.000916
0.002807
0.003469
0.007187
0.002797
0.072970
0.274373
0.081197
0.083675
0.003008
0.002994
0.076927
0.081181
0.004085
0.001879
0.000463
0.001652
0.038742
0.023349
0.024301
0.003010
0.000002
0.000063
0.003216
0.002980
0.000064
0.003992
0.000041
0.000033
0.002893
0.023356
0.088429
0.000416
0.000022
0.000571
0.000396
0.000504
0.000326
0.091403
0.038952
0.002895
0.000038
0.000128
0.073252
0.002858
0.080514
0.000441
0.000052
0.001021
0.002844
0.000446
0.002902
0.000559
0.000610
0.000101
0.000691
0.000026
0.002815
0.007743
0.022582
0.022733
0.000023
0.023630
0.000037
0.000019
0.040555
0.000131
0.002907
0.000054
0.000098
0.078101
0.002816
0.083504
0.002818
0.087900
0.000097
0.080696
0.038408
0.030802
0.002862
0.000021
0.082685
0.022724
0.073712
0.087294
0.000032
0.000532
0.076993
0.000033
0.000063
0.022753
0.084871
0.077853
0.037625
0.000512
0.037577
0.022864
0.004040
0.040122
0.000127
0.000064
0.000881
0.002982
0.039943
0.000799
0.000065
0.000150
0.002912
0.088755
0.000787
0.037334
0.000881
0.000887
0.075387
0.073083
0.000026
0.004125
0.038858
0.003914
0.079073
0.079804
0.081277
0.037492
0.000107
0.004870
0.002983
0.000395
0.000314
0.081364
0.081290
0.082734
0.000057
0.000069
0.003815
0.000071
0.002892
0.022750
0.002845
0.000111
0.004126
0.023379
0.038866
0.000804
0.037492
0.290181
0.228279
0.000530
0.091609
0.000038
0.000550
0.235596
0.080824
0.079428
0.004134
0.002909
0.002925
0.002817
0.000030
0.077308
0.000027
0.080691
0.037774
0.000113
0.000008
0.000086
0.000037
0.022001
0.000375
0.003991
0.001826
0.000090
0.000421
0.000025
0.000827
0.000216
0.077926
0.022741
0.080983
0.037501
0.019829
0.000024
0.000002
0.000023
0.000129
0.000552
0.000040
0.081696
0.000098
0.004076
0.000570
0.086094
0.000896
0.002950
0.074570
0.002873
0.000130
0.037607
0.000566
0.040530
0.000002
0.022929
0.000047
0.085796
0.000030
0.023097
0.038872
0.002004
0.000055
0.000027
0.081316
0.040068
0.078407
0.004003
0.002967
0.000069
0.084078
0.000037
0.022720
0.004219
0.088351
0.000119
0.037813
0.000231
0.000585
0.079386
0.000568
0.000458
0.000077
0.000096
0.040045
0.083780
0.000509
0.000002
0.078016
0.037943
0.000004
0.000024
0.000041
0.000040
0.000965
0.039403
0.093346
0.000009
0.002757
0.000290
0.000493
0.037672
0.000436
0.000439
0.000724
0.000493
0.000358
0.078631
0.082563
0.000383
0.000445
0.000423
0.000748
0.000960
0.076443
0.077662
0.081852
0.000388
0.001901
0.000433
0.000869
0.002892
0.004052
0.002780
0.002966
0.085109
0.003225
0.000961
0.004910
0.000921
0.000898
0.024772
0.000032
0.000450
0.001918
0.000442
0.076198
0.040039
0.000846
0.000506
0.000184
0.030383
0.000345
0.000054
0.000030
0.022929
0.005830
0.079222
0.004923
0.022745
0.004128
0.000002
0.005049
0.040792
0.083678
0.003478
0.000031
0.000551
0.003015
0.000498
0.000092
0.000017
0.000823
0.000135
0.076899
0.000066
0.000032
0.081364
0.084097
0.004003
0.083559
0.087156
0.000003
0.000002
0.000536
0.076594
0.000757
0.000483
0.000632
0.000587
0.000029
0.082579
0.000963
0.074203
0.001944
0.083575
0.003025
0.002581
0.002883
0.000103
0.004922
0.038828
0.000037
0.000036
0.000107
0.002844
0.293080
0.002874
0.078643
0.000887
0.290169
0.003420
0.004040
0.000066
0.000095
0.000086
0.084112
0.023013
0.048606
0.000125
0.080499
0.000785
0.002963
0.002975
0.000031
0.002901
0.000038
0.002907
0.000004
0.002953
0.077734
0.002999
0.002899
0.000027
0.002900
0.000946
0.002832
0.004939
0.004208
0.004041
0.000541
0.003161
0.000102
0.003058
0.073658
0.004101
0.086152
0.000428
0.002933
0.000038
0.081955
0.000456
0.000029
0.002951
0.002904
0.078139
0.000019
0.000070
0.000606
0.002905
0.000076
0.000024
0.023215
0.000031
0.000002
0.077052
0.003019
0.079745
0.000495
0.072382
0.000058
0.000722
0.002934
0.002948
0.000161
0.002879
0.000793
0.022799
0.000073
0.002960
0.039843
0.000441
0.079282
0.030425
0.000027
0.000030
0.000026
0.022856
0.037739
0.023326
0.040340
0.019996
0.000130
0.000960
0.001126
0.002951
0.083183
0.000069
0.006948
0.084854
0.000034
0.000818
0.039994
0.079258
0.000905
0.074305
0.002889
0.000168
0.085665
0.230284
0.000052
0.082511
0.000195
0.002874
0.001052
0.000472
0.000463
0.083908
0.000032
0.003568
0.000031
0.002986
0.019726
0.009772
0.002903
0.079817
0.001252
0.000964
0.000023
0.074480
0.039735
0.000037
0.004809
0.000953
0.000068
0.082113
0.000028
0.024152
0.000030
0.000781
0.080081
0.078647
0.004169
0.003035
0.037864
0.000403
0.037509
0.000025
0.000129
0.000033
0.000064
0.000060
0.000056
0.000027
0.000503
0.080797
0.000447
0.000321
0.026170
0.004361
0.083763
0.000057
0.000068
0.090947
0.003932
0.077803
0.000039
0.000060
0.000032
0.000128
0.000027
0.023040
0.000067
0.004312
0.023720
0.023742
0.000073
0.023311
0.003064
0.000003
0.000724
0.006936
0.037573
0.083614
0.078018
0.000126
0.000037
0.000036
0.004058
0.001196
0.000438
0.002857
0.037620
0.000001
0.000065
0.000746
0.000393
0.000427
0.084084
0.078691
0.000099
0.038530
0.000022
0.000080
0.072201
0.083852
0.000401
0.091391
0.001043
0.001030
0.000918
0.001582
0.000889
0.078905
0.022841
0.086289
0.001035
0.037777
0.038934
0.082857
0.000765
0.000035
0.002887
0.080338
0.000038
0.001130
0.022969
0.000458
0.038546
0.000002
0.004200
0.002905
0.081663
0.002982
0.076048
0.000556
0.079909
0.001032
0.078002
0.000399
0.000979
0.000537
0.076823
0.000811
0.000424
0.000396
0.003252
0.081196
0.005174
0.000391
0.000034
0.000820
0.000005
0.000283
0.040101
0.000004
0.075509
0.000007
0.037838
0.037696
0.000788
0.000098
0.087205
0.002877
0.002809
0.000034
0.000053
0.000817
0.003871
0.002915
0.167284
0.025045
0.000079
2.000004
0.037852
0.000035
0.000003
0.000885
0.073484
0.088029
0.000931
0.004018
0.000773
0.000790
0.022394
0.080603
0.004105
0.004050
0.000573
0.000478
0.006595
0.076267
0.000765
0.000406
0.000911
0.000465
0.000034
0.000711
0.002872
0.004047
0.022666
0.084470
0.000020
0.000002
0.002918
0.002938
0.022743
0.000469
0.082165
0.000047
0.022964
0.084220
0.002848
0.001001
0.077914
0.000118
0.000020
0.000101
0.000480
0.002834
0.037654
0.000112
0.000069
0.000073
0.000030
0.000027
0.000063
0.000552
0.040115
0.082439
0.000391
0.000439
0.000522
0.000033
0.000586
0.000998
0.003035
0.000026
0.002808
0.000065
0.002919
0.002878
0.038239
0.000448
0.004148
0.000017
0.002971
0.022811
0.080881
0.083580
0.000027
0.000102
0.081777
0.000933
0.000492
0.000106
0.074107
0.000013
0.002905
0.000152
0.082061
0.002859
0.000001
0.091007
0.082973
0.039936
0.081976
0.003017
0.002958
0.082058
0.003994
0.085782
0.004797
0.082631
0.000184
0.000006
0.078380
0.079348
0.039515
0.025023
0.002919
0.000063
0.000002
0.002890
0.002912
0.086090
0.037767
0.000099
0.071745
0.003002
0.000810
0.000068
0.004814
0.002952
0.000122
0.000001
0.002868
0.022673
0.000448
0.004127
0.000025
0.000447
0.084326
0.024327
0.000117
0.039179
0.031561
0.000412
0.083678
0.081099
0.000954
0.002966
0.000030
0.000094
0.000850
0.002980
0.000043
0.002925
0.002951
0.080718
0.000410
0.000030
0.000285
0.086974
0.000075
0.074359
0.100591
0.023078
0.022694
0.000879
0.022727
0.000118
0.083508
0.074822
0.002837
0.081970
0.000077
0.002908
0.000034
0.040878
0.000800
0.000029
0.074939
0.037511
0.081503
0.002910
0.002863
0.024213
0.040171
0.075593
0.000050
0.000485
0.005018
0.004239
0.000002
0.000035
0.075177
0.000439
0.235610
0.000475
0.000137
0.000765
0.002908
0.000055
0.082991
0.000022
0.004769
0.000524
0.000057
0.074394
0.074210
0.039408
0.000502
0.000922
0.001000
0.000918
0.083691
0.000428
0.000414
0.000950
0.078124
0.002880
0.000006
0.000040
0.000796
0.040450
0.040876
0.000411
0.000432
0.000001
0.020291
0.004305
0.037784
0.000001
0.038251
0.000348
0.074571
0.002962
0.000416
0.000002
0.000361
0.000002
0.000461
0.082500
0.002971
0.003906
0.000064
0.000790
0.000903
0.083486
0.023696
0.000552
0.077982
0.000341
0.000390
0.000060
0.000034
0.000433
0.000922
0.002953
0.002946
0.000466
0.000352
0.023247
0.000492
0.002917
0.024532
0.038783
0.004112
0.029751
0.033882
0.004951
0.000352
0.038849
0.030884
0.003997
0.038907
0.000042
0.001851
0.000606
0.039456
0.002769
0.079608
0.002845
0.002880
0.037256
0.000410
0.037447
0.000847
0.079139
0.002888
0.004913
0.037876
0.079894
0.002918
0.079113
0.000080
0.025057
0.000004
0.077000
0.000125
0.000764
0.000078
0.005058
0.002917
0.004135
0.000906
0.004173
0.000836
0.005440
0.000061
0.022732
0.000078
0.000505
0.000066
0.004049
0.038601
0.079216
0.002902
0.004198
0.037856
0.002860
0.088411
0.076797
0.040020
0.000602
0.002837
0.000030
0.002949
0.002872
0.000508
0.002897
0.080439
0.085326
0.004790
0.000878
0.000873
0.000988
0.024281
0.078315
0.002836
0.081849
0.000002
0.083284
0.075636
0.001865
0.002841
0.000887
0.002839
0.037718
0.000522
0.000323
0.080585
0.000843
0.022781
0.002840
0.040160
0.001594
0.000104
0.000796
0.002923
0.037578
0.000578
0.004100
0.000034
0.002854
0.000062
0.004168
0.002957
0.027266
0.081296
0.000789
0.083179
0.000471
0.002846
0.040400
0.074106
0.081229
0.000074
0.000390
0.081273
0.004729
0.000815
0.002906
0.023106
0.037525
0.000060
0.023960
0.081230
0.000003
0.004009
0.075551
0.000022
0.000814
0.087224
0.002871
0.000043
0.000028
0.003008
0.000132
0.000401
0.022832
0.000128
0.040057
0.081012
0.038256
0.001003
0.037919
0.000135
0.038802
0.000002
0.002900
0.077024
0.000396
0.000031
0.000052
0.024580
0.075622
0.000048
0.022739
0.000047
0.000047
0.082005
0.000110
0.000029
0.000127
0.000448
0.079398
0.003510
0.080578
0.073001
0.082886
0.002979
0.083796
0.002874
0.000108
0.003486
0.000296
0.000122
0.002854
0.000902
0.078501
0.000105
0.031847
0.002925
0.040819
0.000438
0.023236
0.024304
0.002909
0.023411
0.023222
0.000037
0.000380
0.085101
0.024473
0.002959
0.000038
0.083604
0.039961
0.000868
0.004783
0.078478
0.023518
0.076729
0.080934
0.000426
0.000035
0.002913
0.000791
0.024872
0.000065
0.000982
0.022823
0.077238
0.237867
0.000407
0.040664
0.000825
0.004139
0.037875
0.082398
0.000057
0.000929
0.000001
0.000191
0.002914
0.000504
0.077699
0.000022
0.002956
0.001845
0.000002
0.079065
0.040784
0.000904
0.000361
0.000101
0.037561
0.004004
0.037980
0.000025
0.000054
0.000056
0.000026
0.000099
0.000453
0.000001
0.000135
0.002866
0.026794
0.000002
0.000058
0.077498
0.039947
0.000129
0.074791
0.000788
0.002852
0.000043
0.000131
0.003051
0.000474
0.038234
0.022850
0.040075
0.037702
0.000065
0.000050
0.024428
0.000005
0.000409
0.000065
0.000758
0.075661
0.002907
0.079078
0.085973
0.004175
0.000316
0.085915
0.000856
0.078152
0.003697
0.000007
0.002871
0.000938
0.071960
0.000129
0.000845
0.022807
0.024253
0.000892
0.000940
0.001076
0.000808
0.080875
0.079663
0.000421
0.083470
0.080444
0.000054
0.039621
0.000002
1.001811
0.000146
0.081296
0.000036
0.074157
0.000035
0.000772
0.000886
0.081015
0.004062
0.000755
0.000936
0.004111
0.001246
0.082675
0.000182
0.040288
0.038564
0.076111
0.000769
0.000044
0.000872
0.037925
0.000067
0.000055
0.004003
0.000835
0.002920
0.079633
0.000110
0.000508
0.000026
0.002954
0.000043
0.085840
0.001068
0.000002
0.003656
0.002910
0.077837
0.000747
0.000721
0.040994
0.079396
0.000002
0.022928
0.003000
0.022962
0.000005
0.003910
0.002914
0.084114
0.000030
0.004138
0.000490
0.000448
0.000928
0.000081
0.000002
0.000023
0.000656
0.000007
0.000036
0.000127
0.000026
0.000090
0.002969
0.022701
0.005340
0.000691
1.210898
0.003950
0.000094
0.004082
0.022741
0.074508
0.079846
0.081482
0.086407
0.004015
0.078977
0.081413
0.076004
0.000031
0.000816
0.000020
0.000025
0.082769
0.000100
0.002871
0.075596
0.080217
0.041025
0.088448
0.000052
0.000764
0.000778
0.024115
0.039625
0.038042
0.000063
0.039458
0.007022
0.038458
0.004403
0.000846
0.037495
0.040081
0.000765
0.082623
0.038426
0.000497
0.081939
0.000878
0.000025
0.000090
0.004446
0.078667
0.084611
0.081519
0.004961
0.237413
0.024840
0.022754
0.023186
0.003402
0.039495
0.078419
0.000340
0.039512
0.000130
0.000095
0.000786
0.073140
0.000034
0.002842
0.000031
0.004101
0.000044
0.000382
0.039350
0.003128
0.000313
0.000447
0.000493
0.086326
0.000728
0.000080
0.077920
0.000844
0.022985
0.023380
0.003851
0.000514
0.079834
0.234901
0.039958
0.002887
0.005968
0.084344
0.000185
0.000038
0.024428
0.000462
0.038040
0.080230
0.004022
0.002918
0.024195
0.002907
0.080039
0.000039
0.040450
0.000130
0.000926
0.078523
0.000881
0.002922
0.025252
0.000705
0.000049
0.077258
0.082525
0.000507
0.023703
0.084263
0.000002
0.265641
0.000071
0.000795
0.000884
0.077200
0.000002
0.040573
0.000463
0.081961
0.000417
0.081654
0.002924
0.000787
0.000024
0.000549
0.039517
0.000117
0.003996
0.022753
0.080330
0.000048
0.085755
0.075541
0.000991
0.002865
0.022878
0.002928
0.000001
0.004236
0.023392
0.000001
0.000874
0.028088
0.002972
0.000002
0.002884
0.000037
0.000501
0.000022
0.086286
0.000748
0.084371
0.000036
0.037762
0.000107
0.000043
0.022987
0.037958
0.077052
0.037859
0.000848
0.080444
0.004057
0.000816
0.000966
0.000486
0.003756
0.000518
0.000404
0.002947
0.000406
0.000127
0.000071
0.041028
0.000483
0.072174
0.005324
0.002856
0.076157
0.084035
0.080405
0.084005
0.002896
0.038019
0.000807
0.002974
0.023885
0.084838
0.000871
0.000539
0.000808
0.000439
0.000918
0.000756
0.002978
0.023054
0.004173
0.080055
0.079886
0.000092
0.000053
0.000072
0.000028
0.000024
0.078855
0.091253
0.078266
0.002907
0.000779
0.000034
0.000093
0.084167
0.000001
0.000363
0.037618
0.000024
0.000798
0.000395
0.024455
0.076994
0.027424
0.041658
0.000774
0.038300
0.087489
0.022801
0.000025
0.038464
0.000742
0.000096
0.002894
0.076466
0.000474
0.002893
0.000029
0.000112
0.000096
0.000684
0.000060
0.023172
0.023540
0.083770
0.077100
0.000069
0.000002
0.000003
0.000044
0.000061
0.000035
0.037632
0.082287
0.000566
0.002916
0.078879
0.079067
0.038856
0.004426
0.000806
0.038121
0.004447
0.000117
0.078591
0.082542
0.000543
0.002968
0.023006
0.037752
0.002932
0.022936
0.234094
0.000062
0.002855
0.000041
0.000123
0.000007
0.000441
0.023292
0.000096
0.000857
0.089058
0.039427
0.039623
0.022511
0.082183
0.000032
0.078967
0.022941
0.000905
0.086070
0.000036
0.001130
0.000427
0.086396
0.000403
0.086766
0.082099
0.080945
0.004148
0.024478
0.000055
0.087917
0.232209
0.002925
0.002899
0.074573
0.000098
0.000475
0.000041
0.082917
0.002882
0.022749
0.284697
0.041028
0.079226
0.023120
0.002849
0.024560
0.022541
0.023350
0.023012
0.023004
0.000023
0.004974
0.000001
0.000841
0.085138
0.073125
0.023198
0.207198
0.002831
0.000813
0.028399
0.000035
0.000523
0.080159
0.000046
0.077463
0.038396
0.083500
0.082154
0.000037
0.000407
0.082286
0.000045
0.074885
0.083745
0.002838
0.000789
0.037240
0.000597
0.000032
0.000034
0.221458
0.000755
0.000897
0.000799
0.080428
0.002965
0.000500
0.076362
0.000001
0.000023
0.000048
0.002965
0.000024
0.080958
0.085260
0.082429
0.000078
0.004143
0.081150
0.089868
0.001201
0.020325
0.074017
0.000103
0.024786
0.077931
0.041096
0.000072
0.077088
0.000003
0.002855
0.000002
0.000039
0.002894
0.002990
0.000803
0.000963
0.000006
0.000021
0.000089
0.000077
0.002844
0.001891
0.030771
0.000026
0.000844
0.000057
0.004042
0.000503
0.023353
0.000034
0.002916
0.002959
0.085166
0.000009
0.000429
0.000304
0.081223
0.000377
0.000866
0.000812
0.004106
0.000062
0.002887
0.002985
0.022900
0.003789
0.003020
0.077687
0.027416
0.003927
0.002887
0.039420
0.076873
0.084518
0.085407
0.000069
0.000002
0.000064
0.000037
0.000002
0.077750
0.002842
0.023152
0.000002
0.000569
0.000002
0.022945
0.002931
0.000022
0.078492
0.000521
0.000028
0.022880
0.022697
0.000025
0.000521
0.083739
0.000140
0.074853
0.004030
0.000060
0.000002
0.000048
0.078612
0.000001
0.002855
0.003672
0.000007
0.000099
0.004743
0.083277
0.002879
0.074347
0.000275
0.000072
0.081830
0.038942
0.000069
0.000913
0.002835
0.000122
0.002806
0.000101
0.000028
0.086231
0.023052
0.037824
0.027051
0.000140
0.000037
0.003895
0.080152
0.074892
0.000776
0.000067
0.082695
0.000029
0.000931
0.030735
0.087108
0.000050
0.037589
0.000026
0.003696
0.000391
0.024408
0.000038
0.073876
0.038623
0.000068
0.079673
0.000372
0.082946
0.000782
0.003526
0.040217
0.000038
0.000065
0.022846
0.000112
0.077152
0.000003
0.079351
0.038346
0.083354
0.000065
0.000064
0.000002
0.037871
0.003014
0.002888
0.076114
0.082437
0.000022
0.000029
0.079713
0.038768
0.081474
0.081338
0.038789
0.000949
0.038455
0.000033
0.038662
0.000132
0.000477
0.000031
0.000033
0.002941
0.037241
0.000032
0.025238
0.000001
0.080509
0.002915
0.005139
0.075741
0.076460
0.000739
0.077901
0.000546
0.079292
0.080020
0.000529
0.037354
0.000001
0.090078
0.002833
0.004111
0.078919
0.000213
0.005076
0.000026
0.000233
0.004147
0.002943
0.000812
0.001878
0.000428
0.000553
0.000025
0.000478
0.000428
0.000503
0.000377
0.084272
0.000369
0.003932
0.000421
0.000356
0.238878
0.002939
0.023141
0.000105
0.000747
0.000767
0.089471
0.000413
0.000111
0.000029
0.000804
0.000056
0.000709
0.000028
0.000869
0.000021
0.000429
0.000394
0.000990
0.000054
0.000846
0.000740
0.000006
0.000102
0.002963
0.000005
0.002877
0.004060
0.002934
0.004738
0.000439
0.000432
0.000411
0.001888
0.000385
0.075899
0.024104
0.000490
0.000352
0.037880
0.000035
0.000435
0.000154
0.022602
0.022756
0.084234
0.041884
0.023403
0.022927
0.079955
0.000181
0.002907
0.000287
0.081074
0.038534
0.000130
0.031750
0.002993
0.000099
0.000552
0.000379
0.000363
0.000002
0.000161
0.084660
0.000437
0.037486
0.080041
0.000874
0.004070
0.022928
0.037800
0.080103
0.072555
0.082127
0.081986
0.037190
0.002953
0.000521
0.037847
0.002866
0.000415
0.000851
0.000342
0.002885
0.076181
0.033730
0.002903
0.002967
0.078022
0.087324
0.004052
0.005124
0.079894
0.000065
0.078612
0.037362
0.037395
0.019975
0.000028
0.000360
0.078191
0.079879
0.023393
0.083668
0.000032
0.000739
0.002964
0.022759
0.000002
0.079007
0.000026
0.000174
0.040154
0.000168
0.000540
0.000025
0.000775
0.000002
0.002819
0.000028
0.074001
0.000786
0.000003
0.082063
0.039916
0.038769
0.000131
0.002778
0.000034
0.026530
0.038092
0.000001
0.000002
0.000868
0.000034
0.000001
0.000857
0.077515
0.037420
0.039998
0.000034
0.040003
0.002830
0.088053
0.082930
0.085135
0.000069
0.002829
0.002887
0.000548
0.000001
0.076004
0.081994
0.004999
0.000054
0.082266
0.000173
0.004061
0.000041
0.038417
0.000142
0.000933
0.000937
0.001905
0.000859
0.002952
0.000028
0.089324
0.022823
0.039464
0.000446
0.082059
0.004044
0.002927
0.000029
0.000002
0.040070
0.004318
0.001949
0.022847
0.071962
0.000003
0.002846
0.002943
0.000099
0.077122
0.037545
0.000481
0.002969
0.000073
0.000031
0.079237
0.003977
0.085176
0.002944
0.000422
0.000887
0.081648
0.080331
0.030190
0.002902
0.023265
0.080642
0.000591
0.000024
0.002900
0.023304
0.000053
0.002854
0.083852
0.002886
0.000876
0.038435
0.000030
0.001124
0.022819
0.080420
0.000415
0.000456
0.002851
0.079760
0.002884
0.000012
0.080849
0.040714
0.000082
0.023455
0.000924
0.000390
0.000030
0.000582
0.000031
0.239954
0.082621
0.000062
0.040183
0.040715
0.000005
0.083139
0.000038
0.000064
0.000161
0.000360
0.023134
0.077494
0.074505
0.000511
0.000585
0.078479
0.000003
0.074691
0.000010
0.002902
0.001009
0.000355
0.023134
0.001067
0.000494
0.078477
0.079655
0.024522
0.000813
0.000036
0.003986
0.022929
0.000750
0.322268
0.000037
0.000034
0.037483
0.000094
0.000364
0.003985
0.000776
0.037623
0.002828
0.076944
0.004071
0.000513
0.027462
0.020552
0.000031
0.004792
0.029826
0.000022
0.000001
0.002893
0.000002
0.074505
0.077112
0.000011
0.078865
0.000836
0.000126
0.004866
0.000027
0.000478
0.000503
0.000369
0.083999
0.000514
0.075820
0.000358
0.037338
0.080108
0.000825
0.000869
0.075061
0.000067
0.000927
0.002931
0.081616
0.039942
0.024264
0.000114
0.004024
0.002930
0.000111
0.000038
0.027613
0.000065
0.000946
0.000113
0.000036
0.082228
0.022997
0.000765
1.007000
0.000044
0.000062
0.080501
0.000118
0.076793
0.001016
0.000035
0.084633
0.026685
0.000735
0.037427
0.037476
0.079649
0.000795
0.000001
0.093084
0.083559
0.023244
0.002857
0.000058
0.000001
0.000035
0.038486
0.075949
0.000410
0.004067
0.004102
0.022744
0.002879
0.000042
0.000768
0.074249
0.002955
0.087780
0.005395
0.079062
0.037262
0.000784
0.023174
0.080413
0.000087
0.022944
0.002942
0.000002
0.000068
0.022658
0.002924
0.022999
0.029400
0.039422
0.074545
0.000753
0.000029
0.000040
0.000704
0.080285
0.002877
0.000963
0.005011
0.000006
0.000030
0.000067
0.000099
0.002872
0.005273
0.000423
0.040119
0.085615
0.003722
0.001042
0.000031
0.087972
0.000145
0.000816
0.000810
0.038328
0.000032
0.000559
0.000833
0.000706
0.000025
0.000917
0.000815
0.004242
0.000076
0.000853
0.000003
0.000099
0.030978
0.000002
0.004125
0.000498
0.000445
0.023366
0.077477
0.006598
0.000333
0.002888
0.083202
0.002760
0.000163
0.000010
0.000004
0.000423
0.000070
0.084468
0.003663
0.079169
0.040118
0.004543
0.000853
0.000344
0.079219
0.037573
0.000381
0.000022
0.000753
0.000004
0.000000
0.000462
0.000072
0.000763
0.000782
0.002907
0.000877
0.023023
0.023104
0.000860
0.000483
0.004743
0.004271
0.004058
0.237012
0.081068
0.000039
0.040617
1.458067
0.078445
0.000063
0.000043
0.084135
0.002931
0.003925
0.002906
0.005393
0.040115
0.000002
0.080784
0.000557
0.080914
0.000493
0.084800
0.249968
0.002865
0.072366
0.000461
0.000043
0.002932
0.087737
0.080208
0.002949
0.038287
0.000009
0.000505
0.000861
0.000003
0.088437
0.022945
0.000014
0.004726
0.000030
0.000470
0.000847
0.002927
0.037531
0.077345
0.000028
0.000034
0.002907
0.000029
0.002958
0.165174
0.000075
0.024886
0.002947
0.020778
0.000064
0.000880
0.074080
0.000145
0.000031
0.000038
0.077600
0.038975
0.002882
0.002933
0.000062
0.040548
0.000494
0.000426
0.000068
0.022552
0.074702
0.000595
0.000101
0.084645
0.000097
0.000039
0.000362
0.000033
0.001024
0.032049
0.000099
0.081224
0.248942
0.001698
0.000749
0.240952
0.000002
0.082660
0.000041
0.038498
0.000847
0.002890
0.002930
0.000546
0.078880
0.076546
0.000018
0.022665
0.000059
0.003904
0.000803
0.022971
0.000935
0.002932
0.003003
0.000637
0.002778
0.000421
0.000003
0.002831
0.004036
0.039414
0.004345
0.002856
0.037526
0.000061
0.003005
0.000379
0.076383
0.038642
0.000843
0.083271
0.000139
0.003073
0.022605
0.004782
0.000412
0.000479
0.000458
0.002909
0.038692
0.001020
0.073786
0.082876
0.024699
0.081672
0.077752
0.000794
0.040483
0.077766
0.023305
0.080848
0.000100
0.000002
0.000857
0.079745
0.000760
0.000071
0.080938
0.003909
0.025790
0.004117
0.000321
0.082714
0.083100
0.000036
0.000503
0.000030
0.023339
0.000858
0.081460
0.002725
0.002901
0.081763
0.000066
0.072523
0.078699
0.038720
0.000887
0.000061
0.077045
0.078373
0.002894
0.022990
0.000699
0.022823
0.078234
0.002883
0.000761
0.000075
0.000141
0.000033
0.002946
0.000884
0.234539
0.037803
0.000924
0.084632
0.000102
0.005235
0.004680
0.000891
0.007720
0.000020
0.002833
0.297152
0.093085
0.079939
0.078735
0.000096
0.004749
0.000106
0.005768
0.022766
0.079025
0.002967
0.004110
0.000139
0.000466
0.000034
0.001071
0.005041
0.040667
0.037306
0.077183
0.296634
0.083581
0.020681
0.076453
0.022806
0.000971
0.037771
0.022860
0.000058
0.000078
0.082984
0.077393
0.000062
0.000026
0.002856
0.000430
0.000071
0.003007
0.027447
0.000799
0.078045
0.077386
0.002881
0.000034
0.004195
0.000011
0.084798
0.000977
0.283212
0.076165
0.000347
0.000378
0.002875
0.000033
0.000051
0.030872
0.095009
0.000083
0.000451
0.002891
0.078564
0.038518
0.002830
0.004193
0.000469
0.003950
0.084684
0.000824
0.007578
0.072489
0.002793
0.071415
0.004115
0.080550
0.083789
0.082759
0.000034
0.078984
0.000066
0.000002
0.000470
0.000103
0.022757
0.081403
0.000123
0.000005
0.000026
0.000784
0.000536
0.003946
0.000816
0.000882
0.000889
0.003046
0.000039
0.076046
0.080468
0.002932
0.004978
0.074335
0.084565
0.037974
0.023038
0.004007
0.040430
0.085005
0.082137
0.000106
0.003051
0.002885
0.000152
0.000449
0.004636
0.000105
0.083152
0.000669
0.008071
0.002975
0.000569
0.081926
0.081399
0.000305
0.004922
0.000416
0.082220
0.000001
0.037972
0.000777
0.002875
0.022889
0.000060
0.000030
0.000053
0.085634
0.084266
0.002975
0.000001
0.020381
0.000461
0.002944
0.000182
0.000030
0.000080
0.000017
0.000031
0.022548
0.000774
0.003951
0.000841
0.029627
0.000000
0.037723
0.002939
0.000045
0.000852
0.077735
0.000773
0.030110
0.039492
0.001062
0.002910
0.087608
0.075305
0.040712
0.040127
0.039256
0.086463
0.000366
0.037498
0.000029
0.083318
0.002887
0.080065
0.040242
0.000095
0.000031
0.022876
0.000180
0.040468
0.002882
0.000032
0.000002
0.083205
0.004111
0.031911
0.022965
0.004086
0.000390
0.000032
0.042645
0.002924
0.002889
0.000040
0.002901
0.001004
0.002889
0.022653
0.002839
0.000002
0.001014
0.081044
0.000887
0.000037
0.000812
0.040739
0.000900
0.000063
0.024584
0.038485
0.088241
0.076740
0.000429
0.038056
0.000817
0.000064
0.004030
0.000821
0.002937
0.000802
0.000033
0.000402
0.003995
0.004346
0.079883
0.002986
0.000097
0.000694
0.000073
0.038825
0.000463
0.022782
0.000430
0.000777
0.075320
0.000512
0.002896
0.086185
0.003950
0.001051
0.000877
0.080487
0.000839
0.000035
0.004031
0.000001
0.000771
0.002846
0.000002
0.003977
0.000073
0.003118
0.040267
0.000986
0.080681
0.000035
0.078688
0.003983
0.076341
0.002842
0.083123
0.001032
0.000029
0.002879
0.080684
0.000067
0.000015
0.037627
0.000024
0.040007
0.000773
0.022776
0.000090
0.001022
0.000030
0.000062
0.000042
0.000433
0.000043
0.000111
0.002874
0.000042
0.040725
0.000066
0.000879
0.074090
0.000036
0.000007
0.002892
0.023376
0.075755
0.000041
0.080701
0.000026
0.000476
0.039268
0.018730
0.000958
0.236996
0.073218
0.000040
0.000445
0.000017
0.000444
0.005501
0.084136
0.022951
0.000706
0.000444
0.000341
0.000403
0.004058
0.000921
0.022557
0.073794
0.000023
0.000080
0.037763
0.000871
0.004126
0.000002
0.000867
0.040126
0.083079
0.038106
0.000414
0.000113
0.000760
0.079905
0.002951
0.000754
0.082483
0.002879
0.000141
0.000069
0.000855
0.002955
0.074670
0.000935
0.000032
0.000899
0.000005
0.081511
0.002921
0.000393
0.028284
0.000897
0.004016
0.005901
0.000031
0.038372
0.038224
0.000462
0.000493
0.000490
0.000134
0.000469
0.000507
0.080422
0.000746
0.000051
0.078847
0.037633
0.000000
0.002996
0.040146
0.086663
0.000019
0.023000
0.005009
0.000853
0.002952
0.001313
0.001710
0.002908
0.022686
0.000004
0.000069
0.000106
0.000771
0.002798
0.000745
0.004830
0.005851
0.039260
0.000896
0.000002
0.004959
0.024378
0.001830
0.004007
0.000023
0.000930
0.000970
0.002836
0.000082
0.002992
0.000122
0.037802
0.000447
0.081859
0.073317
0.000754
0.023801
0.000420
0.000057
0.000001
0.000468
0.002888
0.002965
0.040989
0.000875
0.000348
0.078671
0.000881
0.077700
0.002920
0.000640
0.000618
0.000077
0.000033
0.000741
0.000902
0.084676
0.022799
0.080385
0.004140
0.000028
0.005062
0.002793
0.001814
0.000552
0.038712
0.000419
0.000400
0.000786
0.000537
0.000027
0.000912
0.002892
0.000039
0.000350
0.000058
0.000968
0.000063
0.004776
0.085884
0.001503
0.000635
0.000065
0.000029
0.000026
0.024916
0.023779
0.023004
0.080727
0.000001
0.000423
0.000033
0.004177
0.002910
0.000072
0.002944
0.005449
0.002880
0.000392
0.000175
0.000002
0.000138
0.000033
0.000040
0.000001
0.079332
0.000001
0.002915
0.083522
0.037217
0.022825
0.037813
0.003016
0.000400
0.000744
0.002911
0.039646
0.038553
0.000099
0.000022
0.081379
0.000554
0.037625
0.075070
0.040353
0.015473
0.002952
0.000005
0.000384
0.000428
0.000395
0.083606
0.000001
0.000026
0.000034
0.000843
0.000089
0.040331
0.038305
0.000043
0.000003
0.000041
0.001148
0.002849
0.025050
0.075631
0.079160
0.000037
0.000360
0.004092
0.000420
0.000038
0.000043
0.076118
0.004621
0.000447
0.000336
0.000399
0.022678
0.083161
0.002933
0.000586
0.080838
0.000031
0.082480
0.027424
0.000428
0.000441
0.082810
0.000778
0.000867
0.000042
0.000067
0.022907
0.002821
0.000418
0.040067
0.000029
0.076446
0.000006
0.000405
0.026705
0.000525
0.000381
0.000801
0.000093
0.000434
0.000024
0.000038
0.000827
0.000885
0.072909
0.039815
0.040734
0.000433
0.000031
0.000006
0.020474
0.000740
0.000073
0.037699
0.004933
0.003970
0.083090
0.000443
0.000430
0.000502
0.080987
0.038722
0.033342
0.000766
0.000774
0.000787
0.000027
0.000755
0.087123
0.000041
0.000201
0.078072
0.000151
0.000038
0.000513
0.000862
0.075679
0.040415
0.000361
0.078903
0.002903
0.037611
0.000216
0.229995
0.084143
0.000385
0.000023
0.000835
0.004885
0.000102
0.000118
0.000791
0.000001
0.000002
0.000902
0.082664
0.000030
0.000560
0.000032
0.000026
0.000937
0.000060
0.000833
0.040590
0.000058
0.002954
0.004177
0.000101
0.000505
0.078362
0.002856
0.082652
0.076841
0.000174
0.074876
0.081827
0.000440
0.000877
0.002941
0.003999
0.002881
0.080563
0.000002
0.040110
0.000400
0.000508
0.000032
0.002911
0.000864
0.002956
0.000089
0.000001
0.023289
0.002845
0.000468
0.000815
0.000437
0.000410
0.000373
0.000469
0.078362
0.000070
0.000072
0.000005
0.003773
0.000057
0.022756
0.031530
0.000002
0.000659
0.079705
0.000007
0.000023
0.038882
0.000851
0.003940
0.000131
0.000002
0.000483
0.002846
0.000129
0.076524
0.002908
0.000070
0.075973
0.040583
0.002958
0.004054
0.000118
0.000411
0.000504
0.023320
0.000461
0.002927
0.002929
0.000735
0.022834
0.040594
0.000360
0.000104
0.000553
0.082426
0.000063
0.000371
0.000024
0.002850
0.082664
0.004024
0.003012
0.083005
0.000496
0.000869
0.020553
0.000003
0.002928
0.080622
0.000133
0.000032
0.000105
0.000137
0.077682
0.000863
0.000124
0.000934
0.000031
0.002888
0.000088
0.000026
0.000754
0.001039
0.000417
0.087288
0.004114
0.000594
0.076400
0.000027
0.000425
0.000529
0.002790
0.038656
0.007969
0.002878
0.000002
0.002933
0.031853
0.000837
0.000089
0.000148
0.000045
0.000337
0.000966
0.003015
0.000058
0.040440
0.038501
0.002976
0.000948
0.000864
0.002938
0.085600
0.000036
0.038053
0.002848
0.000495
0.000027
0.078639
0.000080
0.000147
0.002871
0.000079
0.000566
0.000796
0.000032
0.000069
0.038796
0.000042
0.000899
0.004013
0.000433
0.077715
0.084823
0.082457
0.078445
0.000002
0.000480
0.000787
0.000152
0.084460
0.235339
0.002939
0.039665
0.003223
0.000536
0.025163
0.039989
0.001035
0.000074
0.000118
0.002952
0.000152
0.000841
0.000426
0.004045
0.073037
0.251531
0.077867
0.002846
0.000833
0.000961
0.002940
0.078774
0.081240
0.000392
0.000837
0.000468
0.000020
0.000761
0.000593
0.000976
0.000037
0.000842
0.037555
0.004970
0.000062
0.029703
0.000090
0.000003
0.000065
0.000846
0.000061
0.000123
0.083053
0.000038
0.074670
0.290798
0.081168
0.000516
0.038878
0.000514
0.003649
0.025171
0.000001
0.037464
0.000955
0.000341
0.000029
0.023055
0.000024
0.000898
0.080282
0.000890
0.002868
0.002862
0.000446
0.000322
0.000609
0.040499
0.024023
0.002910
0.000028
0.037846
0.075782
0.004296
0.000488
0.003408
0.002790
0.004892
0.000902
0.000042
0.003931
0.083157
0.000521
0.084783
0.079419
0.000028
0.022759
0.000673
0.022742
0.008017
0.022787
0.037344
0.074943
0.039231
0.003243
0.004761
0.000040
0.022652
0.023773
0.040098
0.000991
0.037874
0.002922
0.004171
0.076660
0.000002
0.000043
0.000021
0.081694
0.000006
0.038801
0.002897
0.022756
0.079007
0.000462
0.000043
0.000466
0.004013
0.007730
0.000463
0.000803
0.077983
0.080135
0.000160
0.004449
0.000026
0.080892
0.038756
0.004117
0.000021
0.003026
0.080743
0.000037
0.081915
0.000123
0.076870
0.087441
0.004166
0.001081
0.000015
0.023019
0.000042
0.000032
0.000417
0.000389
0.082435
0.004075
0.074645
0.000394
0.000505
0.000865
0.000459
0.037428
0.000491
0.003115
0.002867
0.000793
0.000432
0.074065
0.000005
0.002941
0.003008
0.000814
0.003992
0.075490
0.000025
0.039511
0.080690
0.023470
0.080150
0.023632
0.037483
0.002888
0.000004
0.000862
0.002943
0.000013
0.081792
0.000115
0.000411
0.000431
0.000617
0.073756
0.003995
0.002897
0.000002
0.022769
0.000032
0.000043
0.000032
0.000454
0.080572
0.000023
0.000027
0.023124
0.075601
0.000029
0.003983
0.000080
0.002952
0.000044
0.001828
0.038775
0.000470
0.037280
0.000419
0.001012
0.000443
0.000383
0.000122
0.000412
0.022681
0.002915
0.084891
0.002893
0.003306
0.000025
0.000039
0.000101
0.084545
0.037741
0.074105
0.000146
0.081247
0.000038
0.079268
0.000001
0.000023
0.078586
0.000915
0.082781
0.004015
0.000075
0.002858
0.078516
0.080491
0.082161
0.026299
0.000798
0.002984
0.038389
0.024275
0.082069
0.000062
0.038992
0.074840
0.000050
0.000068
0.002315
0.022741
0.000860
0.000484
0.003971
0.000408
0.000010
0.000002
0.081523
0.004051
0.081309
0.023417
0.081908
0.000021
0.000029
0.039407
0.002909
0.077887
0.082877
0.003748
0.000331
0.004746
0.000451
0.000852
0.000823
0.000386
0.002906
0.000415
0.000461
0.000433
0.000006
0.000553
0.022845
0.082523
0.000115
0.000011
0.002994
0.004950
0.001907
0.291288
0.000005
0.084311
0.076123
0.004107
0.000082
0.002919
0.000041
0.083546
0.022838
0.000163
0.079493
0.004167
0.023293
0.004887
0.037300
0.000019
0.082370
0.073414
0.075557
0.085029
0.079088
0.081445
0.023436
0.023177
0.000858
0.000000
0.000664
0.000423
0.079043
0.000081
0.022814
0.000034
0.000931
0.002894
0.076488
0.000503
0.008238
0.087829
0.084799
0.000025
0.078161
0.004115
0.080073
0.000030
0.079957
0.072710
0.002896
0.000382
0.019670
0.074816
0.002988
0.000028
0.003853
0.081489
0.000389
0.083744
0.029880
0.079156
0.023105
0.000116
0.002896
0.284467
0.081104
0.022841
0.002894
0.079895
0.000592
0.082178
0.000108
0.038816
0.000939
0.037416
0.038763
0.004122
0.000398
0.004025
0.023380
0.007612
0.000030
0.000393
0.076807
0.000767
0.078407
0.002901
0.002903
0.002971
0.000328
0.000002
0.004081
0.001030
0.000100
0.000540
0.000074
0.086884
0.001222
0.000927
0.000535
0.002808
0.000019
0.091179
0.004879
0.000433
0.000876
0.084112
0.001115
0.000938
0.000765
0.079222
0.037791
0.000090
0.275066
0.089909
0.000922
0.282407
0.000886
0.000109
0.000804
0.000069
0.000050
0.022770
0.079566
0.000002
0.000032
0.038307
0.037869
0.002895
0.040986
0.080058
0.000498
0.002952
0.074484
0.022929
0.080469
0.003975
0.078837
0.000037
0.089000
0.023775
0.004411
0.084128
0.003030
0.000088
0.077115
0.233306
0.002856
0.002956
0.000131
0.002815
0.000404
0.000821
0.024101
0.000715
0.000964
0.000757
0.000832
0.000770
0.000643
0.000762
0.002922
0.000028
0.004016
0.000062
0.002834
0.000002
0.038243
0.000892
0.003175
0.004085
0.037144
0.084947
0.077157
0.000005
0.002814
0.000033
0.085276
0.000070
0.085542
0.079724
0.078988
0.000064
0.081770
0.002908
0.000771
0.003972
0.000490
0.003973
0.000781
0.000105
0.083353
0.000035
0.080236
0.039325
0.081634
0.000035
0.004114
0.000036
0.002912
0.002992
0.000476
0.000028
0.000142
0.039974
0.000674
0.002770
0.083463
0.004090
0.002913
0.001971
0.000467
0.038200
0.037270
0.081733
0.037486
0.006360
0.040612
0.000860
0.000026
0.037404
0.000063
0.000056
0.000554
0.078060
0.075982
0.000003
0.000031
0.002903
0.078326
0.060900
0.004893
0.000888
0.037997
0.000664
0.020373
0.000917
0.000893
0.003503
0.037662
0.000926
0.003019
0.022788
0.000057
0.000039
0.082015
0.000051
0.000196
0.000383
0.081267
0.000027
0.076599
0.026615
0.022851
0.002857
0.080002
0.000070
0.000492
0.002966
0.002916
0.081703
0.008133
0.037783
0.004172
0.000001
0.000234
0.080061
0.000345
0.000001
0.000097
0.002915
0.000071
0.075184
0.083496
0.038767
0.002891
0.004119
0.004030
0.079310
0.000053
0.004267
0.002893
0.038633
0.075932
0.000079
0.002886
0.080886
0.000499
0.004960
0.085752
0.000473
0.000380
0.024558
0.000422
0.000541
0.025165
0.000291
0.082007
0.000035
0.081586
0.004103
0.000073
0.039442
0.000067
0.003152
0.002924
0.037495
0.000798
0.002938
0.003006
0.000506
0.039874
0.082112
0.080892
0.079595
0.000825
0.000006
0.000046
0.004939
0.000035
0.000065
0.084845
0.082358
0.000001
0.002977
0.004450
0.000816
0.000113
0.000028
0.000681
0.000894
0.000395
0.078590
0.002894
0.000003
0.083768
0.000870
0.038596
0.076562
0.079163
0.087650
0.000044
0.000433
0.002929
0.090046
0.000841
0.000061
0.003010
0.000010
0.000233
0.000450
0.000098
0.000194
0.000007
0.000073
0.000102
0.000172
0.002828
0.000099
0.002816
0.000508
0.000045
0.080605
0.081608
0.081748
0.038456
0.081807
0.000061
0.075676
0.000036
0.000038
0.000102
0.000002
0.000417
0.002931
0.000002
0.004063
0.000562
0.000152
0.000002
0.037577
0.038211
0.004733
0.000002
0.000449
0.001016
0.001075
0.000905
0.000910
0.000890
0.000034
0.072407
0.002843
0.080181
0.000062
0.085716
0.079637
0.002910
0.001022
0.000430
0.000751
0.000117
0.000794
0.000142
0.023667
0.025278
0.000052
0.087155
0.000020
0.037641
0.000007
0.000001
0.000039
0.000142
0.000190
0.000066
0.005046
0.074810
0.022689
0.000131
0.000115
0.000758
0.004124
0.037308
0.000093
0.002960
0.000973
0.000853
0.024399
0.041059
0.000563
0.000536
0.025011
0.080756
0.002875
0.002791
0.000077
0.037699
0.000736
0.089378
0.004155
0.083001
0.000116
0.022882
0.002915
0.040470
0.076849
0.000425
0.074184
0.000025
0.002902
0.072226
0.078159
0.082648
0.082636
0.002893
0.000002
0.051320
0.004114
0.000907
0.000063
0.000127
0.000438
0.022880
0.000792
0.040677
0.040160
0.000056
0.003986
0.086185
0.086487
0.002844
0.000525
0.038747
0.000781
0.000035
0.080900
0.037868
0.075464
0.000799
0.031754
0.002877
0.002781
0.000514
0.000549
0.000891
0.000064
0.022858
0.000022
0.038975
0.000025
0.000968
0.001846
0.000686
0.083265
0.082247
0.023165
0.071911
0.000751
0.004374
0.037341
0.074893
0.082217
0.037409
0.000002
0.080984
0.037448
0.002897
0.242309
0.076102
0.002811
0.000042
0.003490
0.000026
0.022702
0.084807
0.078325
0.000515
0.000143
0.023117
0.002949
0.000907
0.022931
0.002894
0.000070
0.074490
0.000002
0.023334
0.002933
0.000118
0.000936
0.000908
0.002958
0.073237
0.004074
0.002866
0.000915
0.000807
0.080826
0.000354
0.002971
0.000087
0.002899
0.002932
0.000034
0.000834
0.000145
0.000763
0.000371
0.004131
0.002898
0.000107
0.000001
0.037695
0.000534
0.002870
0.023316
0.093144
0.000772
0.002912
0.024381
0.000427
0.091258
0.000881
0.037831
0.077009
0.000027
0.000290
0.000342
0.000950
0.083856
0.094261
0.039321
0.000019
0.000003
0.004002
0.089312
0.027071
0.000049
0.000470
0.002815
0.002917
0.002982
0.000131
0.000108
0.000014
0.000004
0.000459
0.000391
0.000421
0.000944
0.000033
0.079289
0.082281
0.082696
0.000952
0.039381
0.004066
0.004835
0.002994
0.024551
0.000473
0.000444
0.037686
0.292449
0.000066
0.002847
0.000023
0.022735
0.000842
0.040827
0.000097
0.000949
0.006820
0.023298
0.000064
0.078910
0.075333
0.085895
0.006368
0.092979
0.002846
0.004154
0.000461
0.002984
0.037291
0.002906
0.000044
0.004127
0.023332
0.002904
0.002933
0.000789
0.000031
0.000792
0.000065
0.000746
0.076268
0.000306
0.283495
0.024249
0.000785
0.000754
0.000046
0.002897
0.000464
0.000696
0.000748
0.038769
0.022881
0.001057
0.086211
0.000741
0.000040
0.000064
0.023559
0.241217
0.083827
0.080642
0.003714
0.000879
0.000788
0.000581
0.002933
0.083631
0.151246
0.000031
0.000877
0.040191
0.022664
0.038590
0.022614
0.002920
0.000822
0.000091
0.000438
0.084696
0.000033
0.077573
0.022836
0.000033
0.000004
0.000813
0.000855
0.000822
0.001049
0.001041
0.000461
0.081510
0.000456
0.000021
0.000058
0.000035
0.079247
0.023358
0.000125
0.040287
0.090778
0.000038
0.037484
0.008320
0.083658
0.000519
0.000451
0.076163
0.000428
0.000450
0.039984
0.000062
0.000001
0.084877
0.000500
0.075779
0.000002
0.000934
0.028402
0.000031
0.076564
0.000071
0.037931
0.002886
0.000062
0.037589
0.000001
0.001837
0.000020
0.000817
0.002868
0.002878
0.000901
0.004958
0.004238
0.000369
0.077216
0.000930
0.076833
0.038333
0.000840
0.000000
0.002974
0.002948
0.000010
0.077963
0.000037
0.003909
0.023092
0.003971
0.001814
0.072444
0.004434
0.000746
0.004093
0.038400
0.002955
0.001017
0.000002
0.000616
0.000122
0.083600
0.077627
0.004846
0.000038
0.000041
0.000093
0.003023
0.000871
0.000450
0.000495
0.000865
0.005184
0.000042
0.002888
0.002989
0.037737
0.022854
0.001845
0.000064
0.083690
0.000504
0.000489
0.000034
0.000498
0.004177
0.000955
0.000422
0.000410
0.000460
0.000397
0.000560
0.000311
0.000166
0.002915
0.000877
0.000811
0.000125
1.014441
0.000823
0.004104
0.000539
0.000002
0.000895
0.003985
0.000843
0.000859
0.024348
0.000076
0.028056
0.073297
0.039930
0.000724
0.002917
0.000393
0.000398
0.001110
0.000511
0.040484
0.000031
0.000151
0.000061
0.000389
0.079052
0.000067
0.000085
0.037764
0.000452
0.000029
0.000450
0.000452
0.000858
0.082437
0.004127
0.072345
0.085519
0.000025
0.000053
0.000847
0.002834
0.000436
0.001137
0.000764
0.081035
0.000417
0.002880
0.000025
0.000000
0.081419
0.000029
0.000075
0.000825
0.003982
0.075521
0.000805
0.077414
0.000835
0.082098
0.000002
0.004024
0.000500
0.081819
0.086975
0.000116
0.025318
0.000412
0.000534
0.101983
0.000000
0.000104
0.022950
0.038819
0.000498
0.000354
0.081046
0.038854
0.076292
0.004028
0.000005
0.000134
0.000922
0.080136
0.001922
0.000053
0.037437
0.088467
0.000092
0.000000
0.000024
0.033324
0.003394
0.002950
0.003258
0.005013
0.003557
0.077117
0.000013
0.001000
1.998574
0.000043
0.000037
0.000001
0.022734
0.023020
0.000089
0.004090
0.000004
0.001156
0.000089
0.022983
0.022770
0.000788
0.000926
0.000920
0.022725
0.037786
0.023921
0.080511
0.000892
0.040683
0.076454
0.000978
0.004212
0.000938
0.000002
0.000038
0.002888
0.001783
0.000852
0.000034
0.004337
0.040696
0.077824
0.000850
0.022857
0.079022
0.000796
0.000032
0.002906
0.000944
0.087758
0.000036
0.000061
2.000025
0.000005
0.081959
0.078970
0.087488
0.037258
0.023250
0.080192
0.000031
0.003398
0.000001
0.002987
0.000908
0.077887
0.000003
0.000069
0.002972
0.086615
0.000069
0.000041
0.002897
0.000128
0.040072
0.079890
0.000003
0.000043
0.000059
0.000515
0.002948
0.000036
0.000461
0.037744
0.005217
0.002815
0.081151
0.073865
0.004962
0.000431
0.000481
0.002901
0.004111
0.001804
0.000001
0.040153
0.004219
0.028097
0.075626
0.000439
0.000799
0.000069
0.040070
0.000033
0.079417
0.004010
0.020387
0.082762
0.000601
0.000029
0.000437
0.000404
0.000501
0.000806
0.023314
0.002847
0.000062
0.000847
0.000060
0.002984
0.000845
0.022810
0.076247
0.000440
0.000194
0.000792
0.000071
0.000108
0.000520
0.000362
0.000818
0.000795
0.000559
0.026645
0.039628
0.000065
0.002883
0.000035
0.000001
0.000114
0.004006
0.003743
0.089226
0.000882
0.002969
0.000919
0.000085
0.000349
0.038846
0.000567
0.004121
0.101433
0.000033
0.002890
0.000034
0.037951
0.002917
0.080495
0.023044
0.028323
0.000528
0.038597
0.002918
0.089004
0.000030
0.002874
0.234592
0.026746
0.000038
0.022520
0.002959
0.003642
0.004063
0.073775
0.074290
0.003885
0.000390
0.086855
0.000625
0.000020
0.000004
0.002897
0.000110
0.077583
0.000862
0.038390
0.000503
0.084407
0.078259
0.004825
0.006598
0.000890
0.037516
0.000429
0.002919
0.075601
0.000487
0.002973
0.000869
0.040464
0.026783
0.000460
0.084576
0.022938
0.022862
0.075885
0.000036
0.002855
0.002927
0.004043
0.028114
0.000029
0.085980
0.000092
0.000486
0.000759
0.085259
0.075543
0.000489
0.000905
0.000459
0.080938
0.000023
0.001024
0.001168
0.000109
0.002886
0.000047
0.022866
0.037870
0.002853
0.023210
0.002763
0.020631
0.027242
0.002935
0.000433
0.024542
0.000573
0.000499
0.085706
0.000746
0.000621
0.000879
0.002872
0.002983
0.039594
1.999853
0.072502
0.078699
0.002986
0.082168
0.003022
0.000157
0.082368
0.023135
0.000163
0.038781
0.000006
0.000117
0.040763
0.000057
0.076338
0.000030
0.002962
0.000031
0.000176
0.000408
0.002935
0.040833
0.002999
0.000101
0.002936
0.000997
0.000023
0.000871
0.000480
0.001030
0.000579
0.000027
0.080106
0.078535
0.000352
0.079280
0.080293
0.077701
0.083628
0.095074
0.024173
0.002993
0.037431
0.000027
0.000411
0.000000
0.000027
0.000463
0.039497
0.000106
0.078468
0.038642
0.002920
0.000883
0.000001
0.002865
0.027912
0.000001
0.000504
0.076921
0.079188
0.002852
0.000490
0.002907
0.037345
0.082689
0.084098
0.000007
0.002939
0.002834
0.000512
0.000809
0.000099
0.037827
0.000114
0.002839
0.000432
0.000788
0.000972
0.000911
0.002904
0.000035
0.000133
0.000066
0.000899
0.004120
0.022795
0.000028
0.000788
0.000000
0.000020
0.000867
0.000501
0.001166
0.001200
0.002919
0.084970
0.000023
0.037853
0.038395
0.080537
0.071774
0.040761
0.040230
0.079536
0.002850
0.000054
0.000006
0.076925
0.000797
0.002920
0.000480
0.000073
0.000804
0.000038
0.084886
0.085579
0.000367
0.080875
0.082944
0.023399
0.000002
0.000063
0.000067
0.000036
0.000879
0.004420
0.000799
0.000855
0.003952
0.000850
0.078869
0.002877
0.000004
0.000401
0.022990
0.037544
0.000019
0.000096
0.040424
0.082228
0.000873
0.037686
0.073705
0.040283
0.000031
0.029007
0.001001
0.038326
0.022815
0.000880
0.022805
0.000991
0.000897
0.003042
0.004382
0.002893
0.037877
0.082220
0.000032
0.002938
0.002928
0.022834
0.003006
0.000916
0.073859
0.022934
0.074811
0.022883
0.081486
0.000031
0.083582
0.079351
0.037589
0.000066
0.079294
0.038491
0.022656
0.000423
0.082013
0.002896
0.083767
0.002849
0.000026
0.000116
0.023068
0.000927
0.077183
0.078119
0.000460
0.083842
0.004080
0.000884
0.000900
0.228432
0.090765
0.078763
0.072473
0.000099
0.020375
0.241043
0.037525
0.080691
0.236832
0.000121
0.004112
0.000037
0.080852
0.000710
0.080223
0.003567
0.000106
0.080147
0.022870
0.000005
0.002906
0.089163
0.039176
0.026901
0.081006
0.083792
0.002946
0.000003
0.081883
0.022894
0.002987
0.002970
0.235887
0.002892
0.002829
0.076229
0.002902
0.037706
0.037823
0.004478
0.082087
0.039425
0.087197
0.082983
0.000000
0.000054
0.080160
0.000040
0.000003
0.000062
0.078691
0.023719
0.075082
0.000071
0.077888
0.000103
0.037346
0.002995
0.038051
0.000440
0.000132
0.038930
0.037793
0.023520
0.000034
0.083964
0.002827
0.001420
0.000403
0.037322
0.000691
0.000373
0.000630
0.038300
0.040687
0.000002
0.084199
0.000026
0.046188
0.000944
0.080715
0.000517
0.075014
0.000099
0.004145
0.079296
0.000151
0.000063
0.074512
0.080020
0.073359
0.082403
0.083182
0.075997
0.002951
0.020444
0.093560
0.076308
0.002944
0.004021
0.000145
0.000072
0.078491
0.000064
0.000054
0.086431
0.023152
0.000780
0.080610
0.000031
0.000501
0.000951
0.000004
0.024398
0.001862
0.000150
0.004109
0.000607
0.000443
0.000000
0.082962
0.081077
0.000034
0.000514
0.000485
0.074353
0.040148
0.000069
0.004089
0.000030
0.000187
0.000026
0.077841
0.085862
0.000527
0.002849
0.001100
0.077152
0.000097
0.040108
0.024288
0.002908
0.000468
0.000133
0.000070
0.000034
0.000833
0.081149
0.302309
0.003712
0.000459
0.001020
0.000932
0.080059
0.081032
0.000482
0.000041
0.082789
0.002930
0.075216
0.000059
0.077193
0.000920
0.004232
0.081993
0.004041
0.000031
0.000830
0.037870
0.000028
0.082269
0.000403
0.080054
0.080184
0.000935
0.037770
0.000820
0.080820
0.076782
0.000897
0.000920
0.084684
0.078616
0.001523
0.038809
0.000838
0.004852
0.000049
0.089736
0.037903
0.000095
0.000025
0.000776
0.000532
0.000059
0.078376
0.000457
0.000799
0.000521
0.020169
0.000469
0.000048
0.001013
0.000396
0.000095
0.000831
0.000860
0.004026
0.000027
0.000063
0.000008
0.077611
0.078777
0.078013
0.004109
0.000029
0.079137
0.000003
0.037959
0.031987
0.076741
0.000451
0.000039
0.000837
0.000002
0.000495
0.001059
0.080405
0.002950
0.038815
0.037426
0.000070
0.000077
0.004054
0.084925
0.002822
0.000829
0.081299
0.079803
0.029717
0.080217
0.000747
0.000815
0.000814
0.000809
0.000727
0.000973
0.001062
0.235744
0.000854
0.000414
0.000413
0.000348
0.000385
0.002835
0.030932
0.000036
0.002879
0.002858
0.000893
0.000498
0.000063
0.032214
0.000348
0.000026
0.022924
0.074465
0.000007
0.078694
0.085535
0.040775
0.265663
0.000422
0.003867
0.022505
0.037740
0.003015
0.000003
0.074178
0.000031
0.078595
0.270821
0.004128
0.000439
0.000002
0.002788
0.000816
0.000052
0.040709
0.023403
0.037561
0.021521
0.004061
0.038507
0.000026
0.077491
0.079766
0.002888
0.086369
0.037520
0.000414
0.000874
0.040959
0.075004
0.000141
0.002900
0.004078
0.000832
0.004897
0.000845
0.000059
0.201654
0.000787
0.000944
0.000104
0.000901
0.002912
0.000434
0.000477
0.037402
0.000030
0.000034
0.004943
0.002994
0.000127
0.004176
0.000106
0.022933
0.077707
0.038755
0.022735
0.000874
0.002904
0.075625
0.000195
0.000739
0.002889
0.000743
0.037630
0.040659
0.002919
0.000449
0.000032
0.000019
0.000070
0.000304
0.084262
0.000005
0.000112
0.004005
0.074037
0.000481
0.000395
0.022788
0.000106
0.003338
0.000002
0.106371
0.000146
0.000069
0.082120
0.000435
0.000435
0.000014
0.076798
0.081071
0.000041
0.000437
0.000552
0.000287
0.081916
0.000138
0.000035
0.024512
0.081696
0.000821
0.000191
0.000408
0.087709
0.000038
0.037509
0.000560
0.000032
0.000096
0.000127
0.000482
0.003017
0.003914
0.037650
0.005048
0.038879
0.034249
0.000986
0.000021
0.000856
0.077484
0.000059
0.002878
0.000055
0.000070
0.000009
0.038116
0.002946
0.000069
0.023158
0.000097
0.000054
0.000945
0.001852
0.000082
0.000967
0.002913
0.037516
0.039572
0.000763
0.000059
0.002926
0.000029
0.000956
0.000028
0.038652
0.000914
0.002785
0.000475
0.000819
0.000088
0.000411
0.000906
0.000089
0.000803
0.000987
0.000057
0.001035
0.091904
0.004134
0.002835
0.034120
0.000002
0.004084
0.001311
0.000439
0.002860
0.040067
0.000966
0.000446
0.000061
0.080301
0.003996
0.082572
0.000125
0.077883
0.000988
0.000041
0.000130
0.002826
0.084585
0.022782
0.000044
0.038344
0.000030
0.000001
0.000033
0.000062
0.022287
0.000070
0.080585
0.003949
0.000901
0.023112
0.000156
0.000045
0.002894
0.000105
0.038564
0.000050
0.004691
0.003907
0.079481
0.038387
0.000984
0.000026
0.074115
0.000258
0.080750
0.076065
0.083501
0.000603
0.092773
0.082486
0.004063
0.000039
0.000826
0.038448
0.000026
0.002902
0.000029
0.003001
0.002921
0.000086
0.002926
0.085164
0.002878
0.000803
0.000122
0.000104
0.023000
0.000433
0.000531
0.000454
0.023479
0.000479
0.000842
0.000367
0.037662
0.000190
0.000411
0.000370
0.000402
0.002836
0.023032
0.000595
0.040113
0.076332
0.000373
0.243521
0.072709
0.000800
0.000838
0.000790
0.000816
0.000848
0.000036
0.000099
0.000002
0.001112
0.000055
0.080414
0.000996
0.000011
0.002937
0.002898
0.000727
0.078686
0.000831
0.002900
0.002478
0.083422
0.000041
0.000483
0.000031
0.000527
0.000470
0.000076
0.000452
0.000072
0.078367
0.022759
0.088765
0.000441
0.002899
0.000762
0.084059
0.003304
0.000436
0.000058
0.000043
0.083595
0.002871
0.000038
0.000428
0.077672
0.022072
0.000431
0.024722
0.000557
0.003408
0.002872
0.024581
0.000042
0.085669
0.000018
0.038859
0.000411
0.004086
0.000578
0.000053
0.000004
0.093042
0.000641
0.040335
0.002941
0.002890
0.073396
0.004046
0.023098
0.001800
0.075457
0.002840
0.079684
0.244595
0.000035
0.000028
0.000047
0.000028
0.000822
0.000864
0.000681
0.000056
0.001790
0.037919
0.000038
0.080220
0.000441
0.000002
0.001047
0.004135
0.023397
0.000771
0.002930
0.037712
0.000000
0.081403
0.083910
0.002939
0.000019
0.000036
0.002830
0.030665
0.022867
0.040019
0.000890
0.000891
0.000823
0.000351
0.000702
0.024231
0.024554
0.233242
0.000729
0.004054
0.000077
0.000002
0.002964
0.081234
0.000831
0.077281
0.002872
0.086036
0.079167
0.002981
0.077718
0.078761
0.087142
0.000086
0.093084
0.000007
0.002895
0.000718
0.080404
0.000387
0.002881
0.080950
0.081043
0.000035
0.078550
0.024266
0.002840
0.000647
0.002911
0.084582
0.037622
0.000816
0.000746
0.000060
0.000113
0.082867
0.002943
0.027725
0.039282
0.004381
0.038827
0.004635
0.038909
0.000026
0.004004
0.000029
0.279423
0.002973
0.038286
0.000582
0.001858
0.000037
0.076210
0.073164
0.257265
0.001883
0.078621
0.000021
0.003561
0.000003
0.000475
0.000056
0.023115
0.000458
0.000432
0.000071
0.002849
0.000336
0.003855
0.039474
0.082711
0.004432
0.002914
0.004837
0.000200
0.079898
0.038678
0.000035
0.004023
0.000744
0.027447
0.001043
0.000059
0.000454
0.084140
0.004021
0.003929
0.002892
0.082091
0.003981
0.000041
0.022798
0.084067
0.077104
0.000153
0.079945
0.000002
0.002951
0.002934
0.083373
0.022851
0.037768
0.002874
0.084338
0.023362
0.000771
0.000528
0.000040
0.000039
0.083756
0.080339
0.002993
0.000578
0.038011
0.000153
0.000346
0.040415
0.076963
0.081726
0.002901
0.084619
0.000098
0.002748
0.040100
0.079282
0.000410
0.024558
0.039407
0.037413
0.038910
0.004853
0.079023
0.000000
0.080033
0.081150
0.077198
0.000167
0.003589
0.000004
0.088904
0.000799
0.244397
0.000076
0.000098
0.081257
0.000862
0.000833
0.000515
0.000002
0.000026
0.000775
0.000069
0.019931
0.038809
0.000845
0.000939
0.000469
0.037535
0.000822
0.084723
0.022776
0.038292
0.027881
0.000016
0.000968
0.000036
0.000033
0.000070
0.073190
0.022656
0.004120
0.000804
0.002867
0.000032
0.004033
0.000070
0.080804
0.081422
0.000067
0.086140
0.000038
0.000001
0.000857
0.000417
0.000442
0.024333
0.079075
0.000791
0.002988
0.000022
0.000060
0.002841
0.006209
0.000536
0.002880
0.082988
0.037433
0.000002
0.076050
0.022750
0.000137
0.000035
0.000581
0.078153
0.002940
0.081623
0.000031
0.003953
0.003924
0.083055
0.023148
0.037670
0.075753
0.074916
0.000814
0.081614
0.023014
0.000828
0.000459
0.002855
0.000491
0.000752
0.000946
0.000805
0.081904
0.082752
0.001124
0.000844
0.000821
0.004009
0.000062
0.000010
0.002964
0.080999
0.000057
0.000031
0.004169
0.000104
0.002014
0.000329
0.000348
0.002916
0.079739
0.022777
0.000038
0.037860
0.000403
0.002847
0.073380
0.000486
0.025187
0.000097
0.003938
0.080798
0.000121
0.024443
0.084046
0.039536
0.217771
0.040696
0.002850
0.077505
0.077830
0.074224
0.000090
0.001013
0.000902
0.002912
0.077116
0.000001
0.000003
0.000053
0.000527
0.000840
0.003650
0.000012
0.000411
0.000002
0.000031
0.000319
0.002840
0.000046
0.000021
0.079953
0.000091
0.000071
0.000523
0.006417
0.024895
0.078098
0.037951
0.000952
0.086053
0.000927
0.037747
0.275078
0.084001
0.022744
0.026691
0.004111
0.004000
0.000750
0.002941
0.043204
0.002806
0.040906
0.000037
0.040690
0.039464
0.072692
0.003982
0.000869
0.040123
0.082874
0.000064
0.002956
0.004062
0.000831
0.000045
0.000452
0.000000
0.078112
0.002822
0.022588
0.000083
0.004103
0.004056
0.000043
0.000081
0.075886
0.002894
0.074449
0.000795
0.023218
0.084072
0.000006
0.092983
0.085050
0.000032
0.000002
0.002004
0.077224
0.000058
0.039582
0.000029
0.024529
0.000020
0.000002
0.037597
0.001058
0.022952
0.000002
0.028516
0.004181
0.000906
0.000063
0.002882
0.000027
0.086879
0.003967
0.000795
0.000072
0.003438
0.004387
0.008915
0.000033
0.079422
0.000486
0.083776
0.000022
0.000068
0.003005
0.002924
0.000098
0.000085
0.000827
0.078839
0.083785
0.072250
0.000461
0.002999
0.003978
0.079890
0.002846
0.080453
0.000000
0.000075
0.040112
0.072903
0.000042
0.000002
0.000100
0.040044
0.000420
0.002970
0.002957
0.000025
0.000474
0.000464
0.040086
0.000415
0.000359
0.000036
0.000450
0.000478
0.000035
0.000596
0.004143
0.000033
0.000510
0.002796
0.002969
0.022809
0.000511
0.002947
0.000031
0.000737
0.002912
0.000089
0.000034
0.000028
0.004935
0.081330
0.000027
0.000478
0.000140
0.002895
0.071617
0.000069
0.000807
0.000064
0.022910
0.000771
0.000930
0.000711
0.000862
0.038641
0.024711
0.000048
0.080869
0.000844
0.078763
0.000002
0.001876
0.000419
0.000947
0.000937
0.004896
0.000501
0.002913
0.000105
0.000002
0.004730
0.023537
0.004137
0.080340
0.080367
0.004987
0.000041
0.000874
0.087259
0.023338
0.000034
0.000044
0.024221
0.000061
0.000992
0.000941
0.002934
0.000326
0.081591
0.002885
0.000021
0.000483
0.040394
0.037928
0.000063
0.000385
0.002937
0.000836
0.003011
0.000042
0.076346
0.000807
0.000902
0.038498
0.004996
0.000574
0.002887
0.000057
0.000541
0.000061
0.076887
0.000105
0.085209
0.000460
0.002859
0.083964
0.000436
0.081702
0.076492
0.038793
0.000002
0.000099
0.000030
0.079942
0.000323
0.000464
0.000350
0.000447
0.000888
0.000461
0.074963
0.000377
2.039549
0.000016
0.000902
0.081478
0.000893
0.000390
0.002884
0.024966
0.000047
0.000037
0.000032
0.002876
0.000006
0.000325
0.004032
0.000459
0.000068
0.000409
0.002965
0.000039
0.003952
0.000444
0.000345
0.000783
0.000430
0.000519
0.000335
0.000353
0.038186
0.002857
0.000000
0.000192
0.000000
0.000032
0.003072
0.000428
0.000002
0.000572
0.002895
0.000449
0.002882
0.000123
0.004147
0.086222
0.000846
0.075900
0.000438
0.000451
0.037359
0.000459
0.000034
0.001076
0.000097
0.000001
0.000026
0.000130
0.000859
0.000010
0.000042
0.000065
0.022884
0.000031
0.040359
0.024573
0.088311
0.038607
0.002906
0.081326
0.023644
0.002945
0.000034
0.000393
0.038838
0.000456
0.000060
0.073394
0.000066
0.000001
0.000031
0.080623
0.002910
0.000548
0.079788
0.024226
0.000003
0.000397
0.000127
0.082619
0.023380
0.000055
0.083612
0.000735
0.037966
0.004366
0.000033
0.023343
0.004078
0.000440
0.000025
0.040105
0.000008
0.079764
0.000003
0.000370
0.004081
0.000059
0.084374
0.076472
0.040229
0.000028
0.000067
0.000559
0.167436
0.083470
0.000762
0.000064
0.000067
0.000026
0.000790
0.077316
0.023515
0.000030
0.000787
0.040044
0.000434
0.076968
0.090783
0.002933
0.000866
0.081437
0.000804
0.040870
0.032287
0.022754
0.023956
0.000806
0.001883
0.000104
0.074792
0.000825
0.004820
0.000036
0.004257
0.000340
0.002858
0.000395
0.000361
0.000861
0.023203
0.080620
0.000379
0.000565
0.000023
0.003964
0.000146
0.079136
0.002968
0.000436
0.000507
0.000388
0.000430
0.037299
0.037886
0.000574
0.000537
0.154615
0.037964
0.000394
0.002834
0.002885
0.000047
0.000545
0.081914
0.076058
0.000089
0.024587
0.003834
0.079052
0.000506
0.000552
0.080432
0.000037
0.000062
0.002892
0.004019
0.001311
0.079544
0.000068
0.003663
0.003950
0.037570
0.002860
0.000048
0.078183
0.071459
0.084220
0.000003
0.000088
0.002915
0.038864
0.000767
0.079449
0.084534
0.085024
0.000532
0.000728
0.000753
0.037613
0.000027
0.074296
0.004062
0.085571
0.004122
0.000039
0.002925
0.001829
0.002907
0.004699
0.090913
0.000023
0.080181
0.024485
0.003611
0.237415
0.038553
0.000842
0.000017
0.079248
0.004105
0.000123
0.000029
0.000001
0.002856
0.002886
0.002518
0.075169
0.000189
0.000332
0.000005
0.000096
0.000102
0.000154
0.000850
0.000002
0.000036
0.080684
0.000538
0.086886
0.002867
0.002804
0.004016
0.294448
0.000512
0.005635
0.000003
0.022816
0.002853
0.081513
0.306964
0.022802
0.000112
0.000969
0.000003
0.000968
0.077968
0.000086
0.075030
0.277017
0.023229
0.004035
0.083288
0.000099
0.080622
0.002804
0.000038
0.000009
0.037707
0.000035
0.000129
0.002983
0.000473
0.001079
0.022892
0.000066
0.000452
0.000925
0.000402
0.000398
0.000442
0.000404
0.000493
0.000416
0.000500
0.000875
0.004749
0.002838
0.037522
0.077076
0.000433
0.002857
0.000043
0.086398
0.000000
0.000507
0.000002
0.020330
0.000840
0.000772
0.000047
0.000350
0.000492
0.000854
0.000414
0.039965
0.000039
0.033282
0.000402
0.000139
0.000517
0.000387
0.000032
0.005331
0.000398
0.023745
0.074378
0.075645
0.004866
0.005709
0.022863
0.000839
0.000026
0.218122
0.000751
0.078507
0.038301
0.002889
0.076540
0.000059
0.077649
0.000428
0.080050
0.000001
0.000420
0.000036
0.000002
0.000485
0.000463
0.002932
0.000051
0.091066
0.000344
0.004251
0.002839
0.000024
0.000002
0.000005
0.038689
0.000082
0.024985
0.000801
0.022982
0.000449
0.023403
0.000039
0.078115
0.000571
0.000032
0.000815
0.000091
0.040787
0.023193
0.241074
0.000036
0.002918
0.028331
0.080214
0.079246
0.000055
0.075935
0.000025
0.000002
0.000532
0.000484
0.040012
0.002959
0.000560
0.000041
0.084200
0.082739
0.000142
0.000850
0.000378
0.002823
0.000813
0.000022
0.000433
0.000775
0.077190
0.083390
0.080244
0.023601
0.000784
0.081823
0.000118
0.000322
0.000847
0.079957
0.000163
0.002888
0.086020
0.000019
0.000046
0.002985
0.000542
0.000002
0.083700
0.002921
0.000091
0.000025
0.003003
0.079496
0.000382
0.000006
0.001984
0.002977
0.023029
0.073983
0.000721
0.004177
0.000421
0.000452
0.000935
0.000475
0.000470
0.000880
0.077880
0.000117
0.000067
0.000802
0.000788
0.000869
0.039556
0.003638
0.000036
0.000765
0.000117
0.000032
0.000491
0.000411
0.039261
0.000429
0.078088
0.077908
0.000001
0.085724
0.004014
0.000037
0.000388
0.001834
0.002884
0.020129
0.004060
0.000098
0.000412
0.000022
0.079956
0.022886
0.116037
0.081973
0.000783
0.000051
0.000457
0.076748
0.003990
0.000272
0.000347
0.000433
0.039271
0.037620
0.000294
0.002931
0.000002
0.000173
0.000063
0.022981
0.000461
0.000001
0.000002
0.004151
0.002975
0.085720
0.000120
0.000434
0.022845
0.079416
0.000073
0.000737
0.088940
0.028269
0.000880
0.000756
0.002932
0.078654
0.000507
0.081649
0.000416
0.000460
0.022813
0.000756
0.023682
0.079986
0.000824
0.079105
0.084401
0.000000
0.075258
0.000429
0.083851
0.002112
0.000002
0.000029
0.000449
0.000042
0.082646
0.002971
0.037229
0.000110
0.084894
0.023301
0.002950
0.000044
0.084339
0.002920
0.023405
0.074533
0.002922
0.000033
0.000534
0.071722
0.000034
0.000584
0.078640
0.000510
0.000893
0.002998
0.000030
0.000073
0.080924
0.000499
0.080429
0.080574
0.004177
0.039698
0.004077
0.032231
0.000853
0.084552
0.230547
0.000003
0.000001
0.000821
0.000070
0.002888
0.078904
0.000626
0.078089
0.076500
0.000470
0.000539
0.000380
0.000512
0.000446
0.002819
0.080436
0.000419
0.000505
0.000464
0.000031
0.002832
0.023153
0.023346
0.000129
0.076096
0.000035
0.004241
0.000737
0.000074
0.000482
0.000095
0.000446
0.000412
0.000481
0.079769
0.084571
0.000744
0.000040
0.000379
0.080407
0.000039
0.000889
0.236391
0.000407
0.000450
0.000061
0.000045
0.000813
0.004095
0.000001
0.037624
0.000002
0.000422
0.002892
0.000023
0.000546
0.001897
0.004138
0.000041
0.022836
0.020513
0.000362
0.076104
0.001965
0.075114
0.084812
0.000034
0.000413
0.000507
0.000584
0.000471
0.002949
0.075906
0.000442
0.000405
0.025216
0.002935
0.000052
0.020149
0.000058
0.080233
0.079878
0.000920
0.080010
0.000016
0.000045
0.000026
0.000920
0.000873
0.037463
0.000865
0.000413
0.000939
0.000986
0.000976
0.000913
0.000894
0.023107
0.000441
0.083074
0.002913
0.074875
0.000099
0.004095
0.000403
0.005378
0.000004
0.000190
0.037954
0.080300
0.077339
0.000511
0.004010
0.000425
0.000778
0.000041
0.037620
0.000906
0.000099
0.000799
0.000436
0.004052
0.000033
0.000082
0.081040
0.000511
0.000022
0.000027
0.000030
0.002920
0.000151
0.000026
0.000002
0.000126
0.002982
0.087234
0.000054
0.000031
0.022923
0.037078
0.000493
0.000799
0.023031
0.037785
0.000046
0.000556
0.000007
0.078871
0.004169
0.037688
0.079114
0.002854
0.037581
0.997925
0.023514
0.000490
0.000623
0.000440
0.000035
0.075557
0.000023
0.000002
0.041028
0.000964
0.000880
0.000706
0.000431
0.080183
0.000027
0.081092
0.079944
0.002835
0.002815
0.000062
0.000506
0.006001
0.080311
0.000175
0.083739
0.081180
0.002976
0.079636
0.001880
0.079766
0.000544
0.002916
0.029720
0.077782
0.002861
0.000411
0.002937
0.078697
0.083576
0.037650
0.001012
0.000967
0.038125
0.000360
0.076561
0.000908
0.000388
0.000696
0.000970
0.000002
0.000481
0.002906
0.000017
0.000038
0.039917
0.003817
0.026695
0.022929
0.002073
0.002921
0.000027
0.000557
0.022872
0.000952
0.000029
0.039522
0.000444
0.000359
0.000557
0.000479
0.000315
0.087249
0.000891
0.000494
0.000839
0.000292
0.088736
0.075557
0.000050
0.085185
0.085046
0.000818
0.006900
0.000882
0.000958
0.002862
0.037582
0.000029
0.000093
0.003127
0.077846
0.038725
0.082453
0.002889
0.083408
0.000389
0.000370
0.000414
0.000550
0.090402
0.078121
0.000002
0.003824
0.000464
0.000471
0.023103
0.003035
0.028899
0.000003
0.000332
0.000500
0.000539
0.085976
0.000457
0.040550
0.075717
0.000412
0.004059
0.004800
0.004727
0.077711
0.078463
0.030653
0.004104
0.023019
0.002841
0.000094
0.000114
0.000043
0.080761
0.082725
0.004016
0.000473
0.081717
0.083211
0.000073
0.083977
0.000848
0.000836
0.004143
0.002865
0.004914
0.000046
0.022790
0.000004
0.037749
0.000060
0.000134
0.082534
0.000030
0.037524
0.000757
0.000521
0.076817
0.002834
0.000408
0.000024
0.000001
0.000828
0.000840
0.001061
0.001071
0.001289
0.000759
0.000839
0.000722
0.004554
0.000963
0.000474
0.078594
0.000004
0.023035
0.000334
0.004089
0.076958
0.037729
0.078737
0.000104
0.090971
0.003743
0.037823
0.000058
0.003053
0.000140
0.000107
0.002886
0.093083
0.000129
0.000528
0.027879
0.000341
0.026232
0.000521
0.000106
0.078717
0.002924
0.000112
0.022769
0.038607
0.035918
0.000029
0.000070
0.026906
0.000374
0.000500
0.000769
0.004310
0.000425
0.000078
0.079105
0.075312
0.037275
0.002864
0.000038
0.000001
0.083890
0.000490
0.000933
0.002881
0.000305
0.000504
0.000136
0.000863
0.025094
0.000774
0.086000
0.000433
0.000976
0.000084
0.000382
0.000383
0.039939
0.232232
0.000517
0.004972
0.000391
0.004151
0.000358
0.000360
0.000003
0.000023
0.000027
0.000401
0.000799
0.002883
0.000091
0.000488
0.000080
0.004827
0.002931
0.000037
0.002875
0.083287
0.000082
0.000130
0.000003
0.037589
0.000134
0.000092
0.000809
0.000127
0.000056
0.000000
0.000072
0.000025
0.000090
0.000423
0.030922
0.000451
0.000064
0.076492
0.000878
0.080877
0.082791
0.000007
0.004047
0.000897
0.000984
0.000523
0.038840
0.000029
0.000876
0.076060
0.003986
0.002864
0.002964
0.082236
0.000810
0.023261
0.022135
0.076898
0.000933
0.002948
0.022999
0.000028
0.000008
0.000002
0.022563
0.004961
0.000673
0.000931
0.000427
0.000146
0.001074
0.085197
0.003968
0.000177
0.004041
0.000066
0.002939
0.000084
0.000860
0.001324
0.080082
0.000861
0.073811
0.003925
0.000768
0.000844
0.000003
0.022777
0.002885
0.000508
0.079573
0.000002
0.000412
0.002788
0.000437
0.000030
0.000799
0.000822
0.000393
0.004478
0.000093
0.000052
0.000434
0.006104
0.002914
0.000058
0.000025
0.020165
0.023450
0.000754
0.000052
0.022959
0.004957
0.000432
0.000001
0.037492
0.000946
0.000060
0.088755
0.077270
0.081075
0.000746
0.004085
0.000901
0.000034
0.000032
0.078899
0.080156
0.000092
0.072458
0.004643
0.079754
0.084565
0.000007
0.000065
0.032123
0.006078
0.000036
0.000060
0.000001
0.002903
0.038722
0.000062
0.078452
0.000002
0.078038
0.000001
0.000164
0.000893
0.000784
0.000934
0.000002
0.040633
0.000002
0.037158
0.079545
0.000389
0.000123
0.040231
0.000491
0.001009
0.000492
0.000417
0.002900
0.004141
0.000029
0.002970
0.004752
0.000066
0.000181
0.038770
0.000823
0.000951
0.003898
0.000451
0.000473
0.000516
0.000018
0.000047
0.002858
0.022839
0.037280
0.004068
0.000131
0.000005
0.075083
0.000890
0.000099
0.000473
0.037594
0.000483
0.000861
0.000033
0.000033
0.000762
0.000449
0.030833
0.003912
0.077136
0.004055
0.022782
0.000024
0.004089
0.022683
0.000003
0.000003
0.080846
0.037411
0.076500
0.000857
0.000732
0.038511
0.027225
0.000414
0.000900
0.000748
0.081377
0.084942
0.074479
0.037501
0.075477
0.000870
0.000974
0.000032
0.000055
0.000001
0.004080
0.023144
0.000085
0.000120
0.091107
0.002913
0.000966
0.000453
0.019707
0.000040
0.002903
0.000125
0.040471
0.079178
0.000837
0.080365
0.000366
0.000896
0.000433
0.000082
0.000419
0.000034
0.083646
0.000006
0.038607
0.000429
0.073768
0.092116
0.040738
0.023599
0.002967
0.000090
0.002977
0.000422
0.000489
0.000055
0.000875
0.244105
0.076637
0.002947
0.083480
0.087484
0.078421
0.022773
0.004000
0.079113
0.038807
0.075944
0.000070
0.000123
0.004280
0.000692
0.000033
0.000781
0.000848
0.000942
0.000807
0.000509
0.000411
0.000483
0.000522
0.000569
0.000771
0.000828
0.001059
0.074680
0.077448
0.000453
0.000740
0.000002
0.000476
0.000190
0.000009
0.000092
0.000032
0.000094
0.000550
0.000002
0.000032
0.004779
0.000605
0.000396
0.000413
0.078064
0.000470
0.080632
0.000559
0.000059
0.003215
0.081523
0.279921
0.038304
0.000125
0.000034
0.000089
0.000893
0.001909
0.000862
0.076924
0.077446
0.004114
0.079081
0.087059
0.000073
0.000070
0.000043
0.000033
0.004080
0.000030
0.000064
0.000042
0.023207
0.004010
0.000417
0.038262
0.002826
0.000891
0.002908
0.000869
0.081613
0.078740
0.000040
0.000496
0.078911
0.002957
0.001071
0.000014
0.085681
0.038736
0.072546
0.000002
0.000016
0.004520
0.000550
0.002938
0.000471
0.000037
0.000054
0.001980
0.004039
0.027068
0.038788
0.000812
0.000033
0.024539
0.003197
0.000036
0.000383
0.000104
0.000071
0.000726
0.003610
0.002949
0.003023
0.275708
0.038489
0.023783
0.004156
0.082786
0.000006
0.000477
0.000038
0.233629
0.004540
0.083694
0.000060
0.000080
0.004858
0.000003
0.080554
0.076456
0.000080
0.001077
0.000157
0.000191
0.040359
0.023146
0.000477
0.075671
0.000031
0.000432
0.084367
0.000469
0.000923
0.000825
0.004175
0.037521
0.000241
0.000466
0.038226
0.000450
0.000437
0.000398
0.000525
0.077043
0.000028
0.003634
0.002047
0.037617
0.000924
0.000315
0.037761
0.000781
0.000870
0.000039
0.078020
0.239073
0.000034
0.085732
0.000068
0.004034
0.079489
0.004272
0.000473
0.000533
0.040267
0.040648
0.000001
0.002982
0.076763
0.082031
0.037280
0.000034
0.000063
0.002207
0.022611
0.000112
0.002826
0.088439
0.002901
0.305136
0.000002
0.027115
0.000037
0.027721
0.000118
0.000021
0.079262
0.000003
0.002944
0.023312
0.080169
0.078827
0.000428
0.000385
0.004765
0.078015
0.000867
0.000031
0.000050
0.000478
0.038512
0.004137
0.039306
0.023084
0.000068
0.022770
0.002897
0.000001
0.000061
0.000422
0.000037
0.004688
0.000002
0.074785
0.081328
0.004133
0.000507
0.000847
0.000535
0.004181
0.000849
0.000001
0.000825
0.000035
0.000756
0.000122
0.000815
0.081241
0.000033
0.004072
0.000763
0.000106
0.000001
0.081833
0.000037
0.000035
0.037555
0.037936
0.076671
0.074408
0.078724
0.000052
0.000113
0.002840
0.002938
0.003455
0.000028
0.000347
0.000413
0.073046
0.083228
0.000741
0.000027
0.000505
0.002878
0.003990
0.085810
0.000063
0.022789
0.000002
0.002853
0.080389
0.236544
0.078525
0.000025
0.000868
0.037417
0.002887
0.002853
0.080318
0.032133
0.002807
0.002917
0.000780
0.000002
0.000119
0.000837
0.002852
1.020471
0.000789
0.000849
0.000506
0.037476
0.000553
0.040551
0.075119
0.038075
0.087120
0.003020
0.003711
0.028483
0.000819
0.000870
0.000833
0.001022
0.001034
0.000066
0.000418
0.237197
0.077520
0.081167
0.002828
0.002848
0.037374
0.000602
0.084854
0.038410
0.000550
0.000063
0.000002
0.083913
0.000443
0.000029
0.081048
0.083257
0.102654
0.000759
0.037509
0.000064
0.000993
0.077346
0.003626
0.000775
0.079424
0.074646
0.239408
0.080228
0.076310
0.004106
0.022749
0.000861
0.000134
0.038123
0.081606
0.000084
0.000544
0.023496
0.000363
0.000777
0.000039
0.000031
0.005874
0.022649
0.081861
0.022811
0.023311
0.002893
0.000422
0.081726
0.000041
0.001334
0.000083
0.310160
0.000021
0.002845
0.038640
0.000054
0.023112
0.004119
0.002961
0.081322
0.082371
0.000068
0.002930
0.000060
0.000060
0.000087
0.083578
0.085956
0.000473
0.000477
0.000010
0.000503
0.000043
0.002957
0.002875
0.082612
0.000839
0.037737
0.000068
0.000380
0.000096
0.000033
0.003991
0.000787
0.000884
0.002911
0.000120
0.000319
0.000038
0.074613
0.025104
0.002946
1.323335
0.038219
0.000537
0.000474
0.000410
0.000813
0.000024
0.002903
0.002866
0.002983
0.004921
0.087264
0.000833
0.075370
0.000069
0.004290
0.000025
0.006859
0.000086
0.081042
0.077836
0.000167
0.037708
0.000061
0.003001
0.000078
0.040402
0.037439
0.087318
0.002940
0.000053
0.004100
0.000141
0.078676
0.000075
0.074280
0.076548
0.000802
0.081067
0.000932
0.024692
0.004742
0.000002
0.000028
0.037487
0.000069
0.000407
0.000924
0.000864
0.079246
0.077125
0.000002
0.091928
0.004918
0.000058
0.000538
0.000416
0.028489
0.020381
0.000929
0.000473
0.000819
0.000027
0.000002
0.000903
0.034638
0.000002
0.002899
0.022738
0.000396
0.000001
0.037616
0.004073
0.040659
0.085933
0.076232
0.000058
0.000041
0.088004
0.000102
0.023497
0.000117
0.086172
0.000922
0.001473
0.074397
0.040040
0.077931
0.085226
0.078786
0.023285
0.076339
0.005211
0.082234
0.000091
0.004093
0.000026
0.003340
0.000028
0.000033
0.002079
0.000103
0.000892
0.000481
0.000135
0.000006
0.000935
0.081234
0.000042
0.039451
0.027013
0.004893
0.025775
0.037659
0.039923
0.000031
0.073659
0.000957
0.000877
0.000146
0.000026
0.002915
0.022752
0.000710
0.022887
0.030822
0.038156
0.003737
0.037587
0.000006
0.000033
0.000418
0.020541
0.001017
0.004110
0.000861
0.002905
0.002953
0.000002
0.000801
0.001001
0.028254
0.000001
0.083099
0.080446
0.000031
0.000100
0.023045
0.040119
0.002871
0.000864
0.037351
0.000061
0.000895
0.079750
0.002946
0.079089
0.000449
0.077912
0.004898
0.082119
0.000064
0.079689
0.000992
0.000032
0.000076
0.002807
0.000488
0.040260
0.000501
0.089252
0.005611
0.003049
0.004547
0.000701
0.238000
0.023455
0.000817
0.000784
0.083777
0.040654
0.078039
0.000809
0.000213
0.000066
0.000540
0.022672
0.001252
0.002875
0.023628
0.003935
0.002946
0.000928
0.077554
0.022822
0.081428
0.000018
0.022917
0.000378
0.002979
0.003673
0.004250
0.000028
0.000001
0.000059
0.002820
0.003936
0.001002
0.000003
0.000388
0.000002
0.022525
0.040192
0.080032
0.000126
0.000001
0.003253
0.000098
0.082123
0.091454
0.000508
0.000033
0.000472
0.000421
0.025052
0.000414
0.038220
0.086429
0.023093
0.004061
0.003492
0.078659
0.078687
0.102092
0.000462
0.000395
0.000037
0.023041
0.000036
0.003951
0.000155
0.000904
0.040033
0.001204
0.022687
0.000057
0.000102
0.000002
0.038483
0.074576
0.000074
0.079947
0.000819
0.024307
0.000002
0.000033
0.040340
0.001986
0.000889
0.029444
0.002897
0.079477
0.080378
0.004459
0.022434
0.000035
0.077518
0.000025
0.080638
0.002880
0.000501
0.000002
0.000026
0.002895
0.002975
0.000913
0.000059
0.081857
0.000906
0.000002
0.039194
0.000106
0.027292
0.000035
0.000419
0.038889
0.037573
0.000439
0.028214
0.000072
0.082343
0.079996
0.002892
0.000357
0.000596
0.000002
0.000465
0.000443
0.000029
0.000841
0.000360
0.000451
0.000927
0.002831
0.038332
0.000907
0.000002
0.000770
0.000009
0.000403
0.002911
0.002933
0.000876
0.080057
0.000582
0.085918
0.002846
0.038257
0.002984
0.000001
0.074075
0.002962
0.037694
0.000359
0.000104
0.038208
0.000026
0.082255
0.000059
0.074486
0.002950
0.004089
0.002873
0.072513
0.000004
0.004089
0.003413
0.078893
0.037765
0.002938
0.076923
0.077121
0.080784
0.000820
0.000457
0.002938
0.040554
0.004075
0.086304
0.000394
0.000521
0.037767
0.079410
0.037685
0.000005
0.000426
0.081108
0.002856
0.037885
0.000065
0.030255
0.023443
0.000025
0.000020
0.000076
0.238622
0.081773
0.083839
0.086259
0.000111
0.000033
0.000466
0.022891
0.081342
0.022806
0.000057
0.078384
0.082554
0.081215
0.000379
0.082668
0.076305
0.075941
0.003323
0.002936
0.000059
0.000126
0.000091
0.032309
0.004143
0.000100
0.000065
0.002897
0.084138
0.007656
0.072806
0.000962
0.002853
0.023892
0.000545
0.078888
0.000486
0.002837
0.075754
0.000033
0.016126
0.000002
0.039402
0.023482
0.037629
0.000007
0.000030
0.000346
0.000400
0.082295
0.000937
0.000002
0.002906
0.022961
0.002933
0.000903
0.022879
0.000431
0.040087
0.002986
0.038577
0.081859
0.000425
0.077388
0.244387
0.000470
0.079645
0.000780
0.002939
0.002883
0.000566
0.000368
0.000492
0.000378
0.004236
0.000068
0.000394
0.000982
0.000063
0.000035
0.000430
0.084282
0.039605
0.002866
0.003249
0.000103
0.000058
0.000420
0.000848
0.081417
0.000455
0.000829
0.083731
0.001076
0.000090
0.000353
0.000019
0.000059
0.000460
0.000357
0.000034
0.000402
0.000373
0.000318
0.002880
0.000553
0.000966
0.000033
0.000559
0.030851
0.094020
0.002922
0.000021
0.084198
0.000099
0.000042
0.000025
0.000009
0.000001
0.082603
0.000003
0.002889
0.000394
0.076337
0.002982
0.002856
0.000982
0.000016
0.082973
0.041230
0.000293
0.000023
0.002884
0.038096
0.040158
0.080745
0.039894
0.022697
0.000436
0.083183
0.000542
0.230840
0.000911
0.000405
0.002905
0.082582
0.039425
0.000768
0.000609
0.000383
0.022589
0.000042
0.000477
0.076980
0.002946
0.002885
0.000035
0.027294
0.022551
0.004684
0.040588
0.002814
0.023603
0.040064
0.005019
0.077937
0.004256
0.039379
0.004168
0.002910
0.022746
0.000378
0.000838
0.000467
0.088911
0.000067
0.037929
0.000887
0.000792
0.000026
0.073354
0.003974
0.088393
0.079237
0.025225
0.024934
0.000002
0.002790
0.000760
0.000021
0.000843
0.000027
0.000002
0.037203
0.082696
0.002934
0.023157
0.000838
0.004057
0.003585
0.000082
0.000479
0.090174
0.083886
0.002854
0.038780
0.000002
0.002991
0.000000
0.080391
0.000167
0.002923
0.002906
0.000075
0.000512
0.000410
0.000067
0.000450
0.002851
0.002873
0.000453
0.023490
0.000980
0.080543
0.002910
0.000038
0.000423
0.000056
0.040112
0.002955
0.000821
0.000003
0.000030
0.000024
0.000662
0.000429
0.000037
0.078236
0.000892
0.022912
0.000093
0.000877
0.023048
0.080225
0.000803
0.028428
0.000920
0.040052
0.000494
0.022686
0.084591
0.000444
0.000741
0.000763
0.000030
0.002925
0.038389
0.022780
0.000398
0.002915
0.000041
0.000022
0.080715
0.000040
0.081425
0.085677
0.031606
0.000039
0.000754
0.000018
0.074507
0.003017
0.038067
0.083360
0.000094
0.000001
0.000770
0.000408
0.002862
0.000002
0.000151
0.037333
0.002771
0.022995
0.000028
0.000011
0.024622
0.000413
0.000578
0.000033
0.040024
0.074053
0.000001
0.004121
0.000412
0.037914
0.022729
0.000766
0.080303
0.079851
0.000454
0.075132
0.000748
0.083930
0.000784
0.000091
0.038123
0.076141
0.040074
0.003963
0.083302
0.000820
0.000833
0.037501
0.004026
0.002566
0.001840
0.000003
0.000039
0.000001
0.038021
0.294624
0.000365
0.082239
0.000035
0.000738
0.000126
0.004068
0.000518
0.000423
0.002820
0.000093
0.083748
0.072916
0.000023
0.085146
0.000814
0.002927
0.000002
0.039284
0.002943
0.082894
0.000123
0.000005
0.000613
0.041065
0.000040
0.000099
0.019764
0.028282
0.000066
0.000762
0.002837
0.000567
0.041049
0.037734
0.000026
0.000779
0.039626
0.002745
0.000415
0.000512
0.023396
0.000033
0.037511
0.000484
0.000871
0.076691
0.073561
0.078542
0.000002
0.000105
0.038623
0.072563
0.000029
0.027576
0.223660
0.079589
0.000752
0.000023
0.004162
0.000439
0.040428
0.082394
0.076530
0.000897
0.000404
0.004169
0.000492
0.000339
0.080779
0.074123
0.000512
0.040006
0.000071
0.083142
0.000128
0.000040
0.001004
0.000797
0.000930
0.080563
0.000073
0.002968
0.000808
0.002749
0.000786
0.000747
0.000328
0.000033
0.305792
0.030088
0.023018
0.000043
0.004027
0.040139
0.000001
0.002945
0.003899
0.000001
0.000002
0.000946
0.037804
0.022831
0.000817
0.004028
0.002905
0.002838
0.004018
0.022868
0.000831
0.000028
0.081003
0.002926
0.000076
0.000114
0.038072
0.079680
0.000139
0.022471
0.000063
0.000006
0.000073
0.278465
0.000635
0.078443
0.002922
0.024876
0.079945
0.075501
0.081646
0.000110
0.085602
0.080099
0.000826
0.000038
0.020233
0.004151
0.022790
0.079543
0.037288
0.003035
0.000556
0.000430
0.000408
0.000786
0.236327
0.023400
0.082903
0.000451
0.000067
0.000058
0.000447
0.000001
0.000501
0.004937
0.023491
0.000050
0.000454
0.000002
0.238106
0.001864
0.235239
0.075617
0.001967
0.084868
0.000037
0.039375
0.000886
0.078551
0.038752
0.026704
0.024511
0.002865
0.004077
0.000443
0.000046
0.082181
0.024034
0.000027
0.000932
0.004071
0.079032
0.004622
0.023462
0.020279
0.003660
0.000040
0.003089
0.004762
0.000444
1.105531
0.079575
0.000106
0.000062
0.000024
0.000417
0.000537
0.000467
0.004061
0.022952
0.000097
0.087671
0.079860
0.037915
0.000002
0.038777
0.040085
0.037660
0.028010
0.082591
0.000537
0.077519
0.086667
0.002908
0.000043
0.001044
0.037393
0.022809
0.023001
0.084452
0.002853
0.002946
0.004067
0.001107
0.000002
0.078963
0.000845
0.038218
0.000049
0.000846
0.000423
0.083448
0.000025
0.000003
0.040993
0.228367
0.080168
0.000798
0.000069
0.000057
0.002864
0.000126
0.000481
0.002971
0.000062
0.002865
0.000026
0.004209
0.039265
0.023521
0.002990
0.002844
0.020506
0.023933
0.002960
0.002893
0.000509
0.002912
0.000103
0.077642
0.004063
0.079397
0.082768
0.000501
0.002953
0.000907
0.079967
0.038425
0.000912
0.002923
0.000821
0.000467
0.000056
0.000030
0.000053
0.038155
0.077533
0.000935
0.084883
0.003447
0.077333
0.024092
0.005912
0.000093
0.000039
0.003987
0.000831
0.077456
0.039351
0.037548
0.085118
0.075524
0.002860
0.084562
0.000586
0.002917
0.002878
0.023546
0.002993
0.000082
0.037712
0.000427
0.000393
0.040077
0.000758
0.000026
0.022890
0.000055
0.084080
0.000443
0.079986
0.076529
0.000455
0.000120
0.000070
0.037876
0.000002
0.000838
0.084449
0.002958
0.000113
0.000041
0.003998
0.002869
0.000887
0.083847
0.000033
0.039365
0.002837
0.079616
0.077313
0.077775
0.022697
0.000776
0.000100
0.002987
0.000691
0.000397
0.000060
0.000001
0.004856
0.004413
0.073892
0.000037
0.037361
0.000028
0.080885
0.000001
0.077198
0.000891
0.000300
0.002790
0.004035
0.000063
0.002945
0.000493
0.080153
0.076762
0.080032
0.026718
0.000417
0.072289
0.004217
0.000034
0.000029
0.023366
0.004097
0.000038
0.080030
0.003410
0.240489
0.000027
0.000054
0.084920
0.000413
0.000056
0.000092
0.002917
0.000124
0.000040
0.024307
0.037191
0.022828
0.000937
0.087428
0.000031
0.072968
0.037867
0.002909
0.000748
0.001461
0.002778
0.000755
0.002914
0.000749
0.000060
0.000556
0.000029
0.036998
0.000031
0.023373
0.004034
0.025314
0.002791
0.077394
0.082133
0.000502
0.003966
0.027203
0.000028
0.004118
0.037798
0.079401
0.000003
0.000060
0.000039
0.079155
0.023002
0.082510
0.039629
0.000003
0.000063
0.076546
0.000502
0.000069
0.000024
0.022569
0.086290
0.040071
0.003946
0.003837
0.000029
0.000704
0.000062
0.040093
0.023197
0.000425
0.038406
0.071334
0.038735
0.077569
0.000021
0.037258
0.000513
0.004223
0.004715
0.000421
0.000290
0.000406
0.000329
0.005177
0.039974
0.003988
0.000899
0.000511
0.002928
0.000098
0.089975
0.000398
0.022989
0.076031
0.078381
0.000287
0.079332
0.027283
0.000023
0.082469
0.004084
0.003870
0.000157
0.079547
0.086053
0.000438
0.079919
0.085461
0.087443
0.038475
0.000442
0.002904
0.084747
0.000875
0.088236
0.003632
0.000054
0.000103
0.000133
0.003067
0.041088
0.000509
0.000025
0.000004
0.024557
0.072385
0.000930
0.000517
0.022007
0.000889
0.000863
0.000006
0.037698
0.000036
0.000447
0.000869
0.000001
0.000438
0.000000
0.002871
0.000032
0.038169
0.003290
0.084481
0.000056
0.004104
0.002835
0.022708
0.000512
0.000026
0.004597
0.000435
0.000873
0.077880
0.000466
0.002895
0.074266
0.082905
0.085448
0.000030
0.003932
0.081278
0.037776
0.023200
0.037643
0.007100
0.004095
0.060736
0.000430
0.023071
0.000371
0.000026
0.000479
0.084910
0.000125
0.022823
0.000062
0.079467
0.075607
0.076296
0.000068
0.022958
0.000694
0.000400
0.000376
0.080639
0.000547
0.000028
0.000341
0.000150
0.000438
0.000022
0.028348
0.000496
0.001089
0.080883
0.022313
0.002983
0.084746
0.000032
0.000072
0.078379
0.000029
0.002899
0.002968
0.037776
0.084436
0.004100
0.040650
0.000802
0.000040
0.000621
0.040554
0.077254
0.023402
0.078710
0.077785
0.002969
0.003925
0.001819
0.000438
0.007128
0.022837
0.079750
0.037462
0.081231
0.000868
0.000392
0.005078
0.002925
0.000117
0.000099
0.038864
0.000001
0.083068
0.000004
0.000914
0.000440
0.003717
0.002955
0.004015
0.000667
0.002858
0.005034
0.003053
0.000447
0.078733
0.000006
0.075499
0.077715
0.000520
0.000001
0.002950
0.000054
0.023162
0.000070
0.002881
0.072718
0.038681
0.000033
0.004071
0.021714
0.000561
0.000063
0.000025
0.028968
0.077493
0.000035
0.023012
0.000760
0.000024
0.027351
0.022901
0.005050
0.079250
0.000393
0.073889
0.002854
0.000029
0.002917
0.000513
0.000103
0.081511
0.000967
0.000371
0.038624
0.000907
0.000898
0.002930
0.079161
0.000038
0.000057
0.002942
0.000036
0.074879
0.000067
0.000032
0.000092
0.000031
0.023439
0.223659
0.000135
0.000886
0.001117
0.039568
0.000041
0.024485
0.000030
0.000096
0.000106
0.000898
0.000163
0.002888
0.004884
0.084108
0.000473
0.037446
0.002967
0.072470
0.000524
0.239674
0.004057
0.000438
0.079209
0.000061
0.000035
0.079766
0.022874
0.000855
0.037646
0.003980
0.000456
0.002865
0.004214
0.081968
0.000820
0.077665
0.000342
0.000854
0.076224
0.000748
0.000090
0.002916
0.080136
0.000003
0.002919
0.079343
0.002842
0.000119
0.040855
0.037535
0.081610
0.004978
0.004153
0.000047
0.083172
0.000488
0.000704
0.000980
0.000956
0.000835
0.000040
0.000905
0.000885
0.002836
0.000476
0.084344
0.000043
0.000399
0.000398
0.038428
0.037635
0.040748
0.000084
0.000397
0.002888
0.000026
0.081543
0.000037
0.078471
0.022993
0.084756
0.000037
0.002856
0.023523
0.080959
0.085673
0.000924
0.002971
0.000542
0.000382
0.000839
0.004084
0.002924
0.000086
0.000027
0.000912
0.074265
0.081153
0.000422
0.000464
0.004029
0.000037
0.022662
0.002884
0.088734
0.039577
0.037194
0.020459
0.071505
0.037335
0.000982
0.004008
0.000735
0.000068
0.000526
0.003970
0.000104
0.022713
0.000465
0.000369
0.000064
0.000036
0.000368
0.000066
0.024792
0.002877
0.022929
0.000040
0.002887
0.002851
0.000083
0.000060
0.002875
0.001355
0.000023
0.004737
0.085696
0.081281
0.000030
0.000002
0.074671
0.002894
0.004054
0.085320
0.083310
0.083633
0.006198
0.000783
0.000914
0.079658
0.041074
0.241550
0.000149
0.001090
0.078167
0.000073
0.000049
0.002894
0.001019
0.000522
0.083556
0.003948
0.002863
0.002973
0.079035
0.000458
0.000814
0.078663
0.004141
0.000041
0.000579
0.000072
0.000002
0.085638
0.076028
0.022956
0.000006
0.026601
0.000495
0.081982
0.000917
0.269820
0.000123
0.000062
0.037660
0.000002
0.000341
0.074719
0.000375
0.038277
0.000409
0.004005
0.080219
0.076763
0.089377
0.004070
0.037620
0.084363
0.000848
0.002817
0.000031
0.000006
0.000095
0.000142
0.004879
0.002830
0.000033
0.039494
0.081287
0.020088
0.023478
0.080092
0.078706
0.000001
0.023133
0.004098
0.004702
0.000053
0.081072
0.000358
0.000020
0.077212
0.077691
0.001107
0.002867
0.075052
0.000411
0.001917
0.000449
0.000026
0.000002
0.001485
0.002835
0.023161
0.004119
0.000004
0.000483
0.000006
0.000024
0.004857
0.076739
0.040766
0.088041
0.001146
0.000017
0.000023
0.000001
0.004658
0.039302
0.002835
0.000722
0.000818
0.000040
0.000137
0.002945
0.000099
0.026991
0.000423
0.040213
0.000506
0.000047
0.002888
0.004568
0.000033
0.000036
0.023269
0.038328
0.080550
0.000009
0.000059
0.000033
1.088069
0.037556
0.002925
0.000020
0.000032
0.002954
0.000122
0.002899
2.016065
0.002867
0.037674
0.004169
0.000130
0.002936
0.000416
0.002885
0.040138
0.037559
0.022391
0.000131
0.004057
0.079946
0.000036
0.082175
0.023170
0.000031
0.004112
0.000067
0.000731
0.006816
0.074675
0.000830
0.000894
0.000878
0.078870
0.001010
0.001063
0.000105
0.231994
0.001084
0.001996
0.039889
0.000039
0.002932
0.083228
0.002934
0.000071
0.000039
0.000268
0.000066
0.000884
0.098491
0.000356
0.083728
0.000001
0.003008
0.080823
0.002978
0.085250
0.084400
0.077922
0.000386
0.084738
0.002978
0.000155
0.076998
0.023075
0.002943
0.002893
0.001060
0.080051
0.003354
0.003027
0.082880
0.003066
0.000487
0.002846
0.000802
0.002878
0.002932
0.002866
0.000821
0.004088
0.024308
0.075017
0.037690
0.076170
0.023421
0.004331
0.000184
0.002940
0.000084
0.000881
0.002817
0.040302
0.073738
0.081365
0.002935
0.038333
0.000438
0.000065
0.000028
0.002939
0.000483
0.000596
0.040493
0.000032
0.004368
0.000433
0.031785
0.000027
0.000035
0.000536
0.000104
0.080358
0.000059
0.038347
0.005786
0.000495
0.000476
0.085153
0.000125
0.000067
0.000068
0.000558
0.000069
0.000032
0.075019
0.087898
0.000105
0.000831
0.000767
0.086370
0.002942
0.040122
0.000367
0.000030
0.003051
0.000029
0.004130
0.002872
0.078654
0.000406
0.080988
0.002933
0.037780
0.000025
0.000476
0.078095
0.022652
0.004988
0.000407
0.000000
0.000031
0.086283
0.000002
0.000037
0.002868
0.002850
0.004072
0.002832
0.000041
0.000418
0.000919
0.000836
0.026171
0.078423
0.083501
0.000000
0.002871
0.003981
0.082072
0.086051
0.000052
0.002809
0.081850
0.223157
0.002997
0.082824
0.000888
0.000002
0.000051
0.041124
0.000067
0.000170
0.000075
0.000134
0.000044
0.000007
0.000407
0.000121
0.000129
0.000916
0.002847
0.000874
0.000017
0.000479
0.022817
0.023365
0.000547
0.000886
0.000029
0.082258
0.000429
0.022453
0.000378
0.040609
0.000474
0.000922
0.004042
0.000033
0.000926
0.000040
0.000051
0.022996
0.000024
0.000094
0.002844
0.080308
0.000020
0.004055
0.000001
0.077374
0.037711
0.007085
0.039332
0.037422
0.004087
0.037630
0.085107
0.038788
0.002915
0.000878
0.000862
0.000064
0.072805
0.000819
0.000093
0.081028
0.082915
0.000418
0.000093
0.000861
0.000522
0.003902
0.000002
0.086816
0.000483
0.000910
0.019584
0.002881
0.081856
0.000471
0.038750
0.000593
0.027126
0.000134
0.000130
0.000505
0.000069
0.000004
0.000813
0.000134
0.002847
0.000818
0.076972
0.000121
0.000075
0.000125
0.040725
0.000029
0.000683
0.037796
0.000799
0.000463
0.002995
0.000052
0.223613
0.000810
0.023228
0.081828
0.078438
0.000002
0.078722
0.038240
0.000735
0.000047
0.002991
0.040213
0.074244
0.004697
0.000148
0.000060
0.084525
0.004065
0.040568
0.000040
0.000415
0.000084
0.000549
0.037679
0.000828
0.040514
0.005229
0.082186
0.038453
0.000776
0.315750
0.002905
0.000121
0.000180
0.000036
0.000121
0.000000
0.000124
0.000195
0.000833
0.003977
0.000065
0.081910
0.007417
0.000028
0.000744
0.077745
0.001094
0.000941
0.000445
0.075582
0.000773
0.085957
0.000780
0.037167
0.002887
0.022856
0.040138
0.000474
0.000301
0.002732
0.002875
0.000034
0.037709
0.000036
0.002995
0.234658
0.000095
0.038928
0.007765
0.000002
0.236852
0.000042
0.003004
0.002974
0.004148
0.003911
0.004877
0.022932
0.000000
0.000402
0.002993
0.235326
0.076772
0.000478
0.000002
0.000898
0.080817
0.037496
0.000860
0.029623
0.084513
0.037746
0.000793
0.083162
0.000069
0.004867
0.000039
0.030968
0.077554
0.004167
0.080899
0.079422
0.000003
0.023267
0.000039
0.080716
0.039326
0.000002
0.000031
0.002866
0.085634
0.000097
0.000164
0.004102
0.005106
0.000074
0.002847
0.000177
0.039304
0.085806
0.000825
0.076251
0.002809
0.002885
0.040296
0.000870
0.002879
0.085205
0.078372
0.000402
0.000948
0.000873
0.000047
0.002903
0.082730
0.000001
0.000081
0.000095
0.003010
0.000066
0.029882
0.000062
0.000899
0.004151
0.000370
0.079478
0.000018
0.040226
0.023392
0.000414
0.000055
0.000002
0.000028
0.003943
0.000528
0.000088
0.000807
0.085937
0.000419
0.002947
0.000424
0.077476
0.004917
0.000056
0.000036
0.000064
0.078890
0.000069
0.081106
0.079231
0.000404
0.080850
0.002855
0.084492
0.000029
0.082061
0.077642
0.038250
0.000911
0.000960
0.002814
0.039903
0.000838
0.076751
0.004997
0.080461
0.000059
0.002995
0.000033
0.002993
0.003611
0.000890
0.076797
0.008059
0.000103
0.079704
0.088331
0.002996
0.084164
0.082501
0.037862
1.206419
0.024504
0.000018
0.037271
0.002954
0.000002
0.002921
0.000483
0.004114
0.000943
0.003983
0.002950
0.003903
0.000066
0.000002
0.083491
0.244958
0.000002
0.083757
0.002971
0.002898
0.000942
0.000466
0.002850
0.000869
0.084331
0.039475
0.000071
0.072333
0.235415
0.000103
0.077941
0.038905
0.000005
0.077373
0.000095
0.006752
0.000102
0.023456
0.000131
0.087543
0.000894
0.000900
0.004337
0.079147
0.000455
0.003717
0.000007
0.005877
0.000039
0.087427
0.000045
0.002910
0.002846
0.028067
0.000128
0.000811
0.000796
0.002868
0.000005
0.000891
0.002902
0.040364
0.022767
0.004127
0.078313
0.295740
0.000338
0.002874
0.000119
0.000057
0.002879
0.000305
0.000098
0.000040
0.000100
0.000135
0.000054
0.002906
0.000489
0.000022
0.078522
0.024289
0.075100
0.077447
0.002912
0.087540
0.023407
0.081991
0.000907
0.000855
0.004748
0.040723
0.000394
0.000071
0.000491
0.024497
0.003080
0.083031
0.000089
0.082813
0.037819
0.077086
0.000454
0.000498
0.075469
0.022717
0.000029
0.000112
0.002913
0.088872
0.004076
0.084098
0.039473
0.000075
0.002990
0.000059
0.001086
0.079524
0.079365
0.000026
0.000026
0.000129
0.000032
0.000001
0.022527
0.000478
0.000981
0.075447
0.080391
0.000446
0.002895
0.002826
0.073021
0.000533
0.022811
0.000055
0.002912
0.001009
0.004025
0.003861
0.000064
0.000454
0.000036
0.000132
0.038904
0.000746
0.000069
0.000471
0.000118
0.020355
0.004016
0.000467
0.000056
0.004009
0.000473
0.079428
0.000047
0.022920
0.000171
0.000554
0.000919
0.087160
0.000014
0.004658
0.000069
1.177236
0.004612
0.030209
0.000102
0.000072
0.082673
0.004114
0.000032
0.004003
0.000042
0.078442
0.037474
0.023042
0.000018
0.079193
0.000065
0.002903
0.000662
0.002965
0.000501
0.022807
0.022869
0.079979
0.000135
0.073783
0.000818
0.000551
0.077459
0.004029
0.000037
0.002872
0.000059
0.037277
0.000043
0.000062
0.000099
0.023345
0.004052
0.000360
0.078018
0.022681
0.081333
0.000866
0.037965
0.077133
0.005764
0.000109
0.030147
0.037217
0.000051
0.081779
0.000021
0.002822
0.000061
0.002852
0.000062
0.000032
0.072917
0.075725
0.039868
0.000003
0.000528
0.000114
0.082139
0.003974
0.000029
0.001376
0.022693
0.001023
0.002856
0.000070
0.000899
0.081854
0.079375
0.000034
0.003974
0.000845
0.079806
0.000003
0.076382
0.002858
0.003940
0.000001
0.023427
0.037290
0.074598
0.000002
0.041362
0.000526
0.000034
0.087102
0.000401
0.000053
0.000180
0.000379
0.000942
0.000888
0.074999
0.002857
0.000380
0.000026
0.083181
0.000908
0.004035
0.000778
0.085105
0.000073
0.000427
0.000399
0.090105
0.004070
0.000002
0.000065
0.037497
0.000002
0.000410
0.077770
0.079971
0.000058
0.040264
0.037864
0.003964
0.000089
0.022689
0.078735
0.000154
0.000825
0.000884
0.000524
0.000024
0.040393
0.037831
0.023381
0.040546
0.080888
0.000391
0.004027
0.000119
0.082866
0.038904
0.002953
0.005299
0.000112
0.000070
0.000006
0.000410
0.004166
0.087529
0.003251
0.040941
0.004035
0.001222
0.000532
0.000003
0.000022
0.083733
0.088450
0.037049
0.000043
0.000064
0.037919
0.000743
0.000053
0.084290
0.028696
0.000321
0.004114
0.000027
0.000104
0.000825
0.000822
0.040742
0.000000
0.000032
0.000400
0.020234
0.000013
0.000478
0.001759
0.000454
0.000040
0.000038
0.000095
0.000055
0.000447
0.074096
0.001023
0.079678
0.000402
0.000498
0.038626
0.005683
0.000083
0.000042
0.000036
0.077181
0.040989
0.004113
0.000034
0.000794
0.000098
0.000069
0.073698
0.000080
0.000848
0.000451
0.079421
0.000434
1.012662
0.000019
0.002975
0.000002
0.004942
0.002953
0.000831
0.040264
0.004031
0.002931
0.000965
0.000019
0.000038
0.163216
0.002866
0.004252
0.000887
0.001032
0.000846
0.003995
0.000469
0.000114
0.002881
0.000820
0.000782
0.000402
0.000849
0.000840
0.000877
0.000022
0.000850
0.005109
0.002885
0.000383
0.000466
0.000053
0.000551
0.000920
0.004026
0.020510
0.003957
0.004054
0.003000
0.000060
0.023392
0.083586
0.002885
0.074536
0.002026
0.002901
0.000024
0.000038
0.004006
0.088031
0.077997
0.000745
0.000477
0.089429
0.000491
0.000764
0.000101
0.004093
0.079798
0.003761
0.083089
0.005153
0.087360
0.004097
0.022974
0.000486
0.002909
0.000021
0.000001
0.001005
0.000933
0.075020
0.000086
0.000493
0.000857
0.000352
0.000905
0.000771
0.000850
0.023403
0.000065
0.077810
0.078420
0.000042
0.000028
0.038386
0.004147
0.001235
0.000001
0.000873
0.000064
0.000833
0.000001
0.000035
0.084309
0.000141
0.000001
0.000825
0.078109
0.000913
0.000001
0.000911
0.000954
0.000901
0.078224
0.000071
0.082454
0.023376
0.000032
0.000002
0.037803
0.086040
0.083933
0.003951
0.038370
0.000034
0.000038
0.000115
0.080793
0.000168
0.080324
0.004386
0.000039
0.040095
0.000382
0.000854
0.002872
0.077486
0.000506
0.000693
0.000851
0.000404
0.000002
0.085307
0.000006
0.000043
0.000093
0.000453
0.028269
0.083908
0.000019
0.000029
0.086471
0.024524
0.002871
0.000188
0.004135
0.077955
0.079490
0.083055
0.082451
0.000857
0.079911
0.000005
0.003415
0.000065
0.038406
0.023361
0.000051
0.071962
0.005618
0.002942
0.000469
0.000127
0.000008
0.000842
0.004777
0.000025
0.000956
0.000035
0.000064
0.000068
0.000490
0.002916
0.001922
0.000064
0.084626
0.000065
0.004234
0.090761
0.000377
0.004852
0.081368
0.037680
0.000117
0.073300
0.000764
0.000422
0.000138
0.037706
0.040214
0.076456
0.000547
0.000354
0.000083
0.037530
0.000809
0.000037
0.000017
0.002918
0.022897
0.000039
0.240451
0.000031
0.000403
0.000005
0.000062
0.000058
0.002952
0.078938
0.030727
0.000068
0.078778
0.000033
0.000839
0.002896
0.000427
0.078237
0.074709
0.000369
0.000048
0.040665
0.000035
0.000105
0.000315
0.002881
0.084213
0.003435
0.000037
0.000024
0.040192
0.004908
0.040292
0.083095
0.004142
0.000862
0.079249
0.073031
0.078289
0.000739
0.040108
0.000408
0.000064
0.000924
0.040794
0.022976
0.000916
0.000347
0.000033
0.090698
0.000422
0.000094
0.000027
0.000872
0.004237
0.000389
0.005981
0.037817
0.000035
0.000832
0.000399
0.000520
0.003360
0.002894
0.000446
0.003848
0.000007
0.004939
0.000476
0.084207
0.006729
0.000034
0.080645
0.082341
0.005608
0.022849
0.072569
0.000037
0.031949
0.022905
0.000063
0.003025
0.000030
0.084613
0.002883
0.025367
0.000454
0.000419
0.003990
0.000054
0.000057
0.083447
0.000065
0.024128
0.000124
0.000036
0.002948
0.079463
0.000071
0.000972
0.003907
0.002981
0.002937
0.003950
0.000088
0.088202
0.000138
0.000473
0.073810
0.000383
0.000059
0.000484
0.037655
0.000003
0.000385
0.002908
0.000824
0.000451
0.000370
0.078457
0.290737
0.003087
0.000473
0.025488
0.040448
0.000039
0.000026
0.000026
0.077557
0.000588
0.081670
0.000056
0.002892
0.079962
0.000161
0.004044
0.000842
0.000871
0.080890
0.000941
0.000153
0.000043
0.040585
0.000819
0.000032
0.084468
0.022902
0.002882
0.004144
0.000415
0.022891
0.000174
0.000062
0.000542
0.073270
0.000042
0.000042
0.000036
0.000373
0.002828
0.073276
0.082818
0.000869
0.002853
0.078069
0.003006
0.002985
0.000029
0.000497
0.000125
0.000036
0.000898
0.080349
0.083882
0.037516
0.000527
0.000427
0.000408
0.000131
0.000863
0.000001
0.081759
0.000032
0.076824
0.037035
0.079631
0.000105
0.000402
0.004092
0.002992
0.004248
0.077490
0.000034
0.000852
0.038447
0.000002
0.000077
0.000801
0.000029
0.002825
0.000688
0.080987
0.038387
0.000071
0.226139
0.002855
0.000002
0.000455
0.081109
0.000921
0.000919
0.022759
0.005143
0.000063
0.000039
0.086841
0.000084
0.037956
0.002887
0.003678
0.002887
0.000038
0.002943
0.004044
0.000530
0.000019
0.000918
0.004048
0.037830
0.000030
0.027329
0.000423
0.000397
0.076729
0.078323
0.000785
0.000363
0.000037
0.000404
0.003934
0.084808
0.000026
0.000453
0.000025
0.002874
0.000500
0.083972
0.040986
0.081947
0.000791
0.000030
0.000059
0.003043
0.023234
0.000039
0.078814
0.003788
0.040333
0.002925
0.004246
0.072830
0.078262
0.000041
0.000040
0.000896
0.000038
0.000755
0.000021
0.078602
0.023234
0.081838
0.000039
0.001051
0.003995
0.000027
0.023281
0.000006
0.038936
0.038449
0.000050
0.000026
0.000000
0.000937
0.002862
0.000002
0.000013
0.037251
0.037887
0.000941
0.000898
0.002818
0.000770
0.000002
0.038553
0.000036
0.000076
0.000472
0.000047
0.013873
0.001031
0.002807
0.000404
0.023469
0.023106
0.000827
0.000550
0.038018
0.000070
0.074732
0.000025
0.079220
0.000112
0.000134
0.075764
0.075331
0.083669
0.085408
0.079358
0.000784
0.005308
0.002886
0.000381
0.000031
0.003936
0.000544
0.023631
0.003834
0.000510
0.000379
0.000569
0.040157
0.000526
0.020375
0.000439
0.000871
0.000483
0.004346
0.000881
0.000460
0.040081
0.000359
0.082328
0.000441
0.000002
0.022718
0.000055
0.000936
0.000443
0.000111
0.000710
0.000068
0.004939
0.000032
0.085509
0.004011
0.078461
0.000365
0.003979
0.078644
0.000465
0.239542
0.086121
0.023401
0.000029
0.002877
0.081037
0.002952
0.000438
0.000001
0.038183
0.000037
0.079403
0.083142
0.023438
0.037544
0.024454
0.000051
0.000404
0.039408
0.078624
0.088352
0.000002
0.000823
0.000521
0.000034
0.000041
0.040165
0.082253
0.004186
0.004661
0.000033
0.084494
0.026141
0.004618
0.000154
0.000802
0.000381
0.000375
0.038607
0.000001
0.005156
0.000805
0.002833
0.000032
0.022917
0.024017
0.037799
0.039293
0.079606
0.000110
0.000902
0.000506
0.000283
0.000314
0.000790
0.038389
0.040598
0.003060
0.030837
0.004163
0.000915
0.071998
0.081158
0.000789
0.000771
0.000797
0.038851
0.000831
0.000431
0.000727
0.000060
0.004083
0.038863
0.004841
0.002878
0.000153
0.000109
0.082064
0.082890
0.000778
0.000759
0.081377
0.002861
0.000453
0.000410
0.000469
0.000419
0.003812
0.002910
0.039045
0.000065
0.000773
0.039367
0.000538
0.022832
0.079797
0.000077
0.038355
0.000516
0.002857
0.000037
0.038248
0.084429
0.037879
0.000136
0.000299
0.000762
0.000402
0.000437
0.023821
0.000042
0.024177
0.081449
0.000838
0.022660
0.000892
0.000068
0.003232
0.000042
0.078824
0.004084
0.000678
0.000901
0.000841
0.000117
0.037345
0.000050
0.000012
0.080191
0.040754
0.000029
0.077613
0.023289
0.000922
0.090801
0.000087
0.000016
0.004317
0.000000
0.079086
0.083534
0.022926
0.084642
0.000074
0.000531
0.000403
0.002768
0.000397
0.000866
0.040200
0.000040
0.003028
0.037738
0.000071
0.086870
0.078727
0.075541
0.037293
0.000034
0.000892
0.184039
0.000706
0.002843
0.002788
0.000426
0.002899
0.072294
0.000837
0.000031
0.037558
0.004147
0.000025
0.080910
0.000541
0.000002
0.089577
0.039660
0.000090
0.000052
0.091023
0.000881
0.000926
0.077834
0.000842
0.085399
0.000005
1.082127
0.000039
0.000837
0.000900
0.000852
0.078763
0.230997
0.000020
0.078254
0.023340
0.000740
0.000496
0.004703
0.223546
0.004109
0.023432
0.002860
0.039920
0.000041
0.022876
0.078935
0.075640
0.083875
0.023242
0.000106
0.000028
0.004072
0.002902
0.000057
0.028182
0.075865
0.002892
0.079767
0.000942
0.002897
0.002862
0.004052
0.022814
0.000069
0.002984
0.037846
0.002909
0.285651
0.002943
0.000064
0.003960
0.077080
0.077268
0.004013
0.002932
0.081354
0.000018
0.009261
0.083037
0.000064
0.000022
0.002910
0.000964
0.000054
0.000031
0.003976
0.005347
0.004014
0.000037
0.000453
0.000690
0.038408
0.003997
0.022818
0.000021
0.041051
0.002908
0.002961
0.000012
0.023076
0.078886
0.022500
0.000886
0.000841
0.000002
0.082958
0.001024
0.001010
0.000741
0.085571
0.000162
0.000822
0.005350
0.000732
0.004077
0.000758
0.000065
0.081605
0.022652
0.000824
0.002982
0.022767
0.001253
0.001008
0.038189
0.002930
0.000774
0.078554
0.000868
0.000002
0.000832
0.080002
0.086553
0.077703
0.000482
0.000483
0.000054
0.031268
0.000537
0.040165
0.083030
0.083037
0.000735
0.038187
0.079571
0.000003
0.000002
0.000035
0.000001
0.000049
0.082178
0.000770
0.000032
0.000429
0.038533
0.000080
0.083044
0.000037
0.000931
0.000517
0.000127
0.000996
0.000035
0.000937
0.022816
0.081986
0.084497
0.040687
0.000737
0.077486
0.080253
0.071191
0.090699
0.000056
0.002967
0.002875
0.000052
0.230744
0.082973
0.000159
0.000445
0.000031
0.000040
0.000031
0.084900
0.002757
0.231762
0.002824
0.000021
0.079714
0.075161
0.022811
0.004237
0.003996
0.002857
0.002796
0.000418
0.022665
0.000002
0.000125
0.000030
0.000026
0.002826
0.079423
0.002934
0.020417
0.000065
0.077804
0.000399
0.001062
0.040020
0.000405
0.004101
0.000583
0.000887
0.082496
0.080135
0.081831
0.000069
0.000049
0.085259
0.086885
0.240472
0.000898
0.002932
0.000006
0.074820
0.082311
0.000061
0.022703
0.039497
0.000064
0.083371
0.003296
0.080326
0.000002
0.023423
0.072039
0.000944
0.079847
0.002925
0.000460
0.000448
0.038306
0.027691
0.000395
0.002780
0.002016
0.022912
0.000819
0.000416
0.000171
0.075109
0.000422
0.082940
0.000037
0.000002
0.002974
0.004021
0.002934
0.000816
0.003965
0.000032
0.080130
0.000053
0.000362
0.000780
0.000032
0.001047
0.004144
0.082702
0.000501
0.001780
0.004315
0.003315
0.000434
0.000414
0.000383
0.040694
0.084351
0.023191
0.076567
0.020483
0.000006
0.000166
0.000386
0.000137
0.037342
0.000796
0.000041
0.000035
0.083538
0.000030
0.001187
0.039935
0.002886
0.000032
0.002924
0.039388
0.000873
0.000132
0.022792
0.000034
0.006147
0.000052
0.007376
0.000064
0.081895
0.022637
0.040279
0.078382
0.078850
0.000086
0.590027
0.022689
0.000356
0.038165
0.004762
0.023135
0.000882
0.082976
0.000892
0.024472
0.040782
0.000041
0.083064
0.000030
0.000752
0.002936
0.022643
0.078665
0.000002
0.002963
0.000484
0.084415
0.072418
0.089611
0.002988
0.000860
0.004162
0.081804
0.023441
0.038839
0.083121
0.084394
0.002879
0.000001
0.000974
0.000380
0.000019
0.000064
0.002989
0.000845
0.000889
0.000758
0.000044
0.002910
0.000704
0.078240
0.000825
0.000810
0.003924
0.000060
0.040810
0.000784
0.000567
0.004006
0.000548
0.022979
0.004666
0.004086
0.000600
0.004060
0.002922
0.000123
0.084717
0.000914
0.000095
0.000071
0.000174
0.002868
0.000022
0.073230
0.000417
0.037410
0.000499
0.889735
0.080705
0.038520
0.072868
0.000806
0.020604
0.226612
0.002946
0.000002
0.000002
0.082459
0.001036
0.038350
0.000326
0.000976
0.037878
0.003970
0.000915
0.040551
0.000805
0.000535
0.039205
0.000038
0.000854
0.020362
0.085792
0.001413
0.000351
0.037356
0.000033
0.024107
0.000775
0.004146
0.037203
0.033498
0.037470
0.081209
0.000689
0.000056
0.001120
0.081160
0.000103
0.000801
0.000452
0.002993
0.022983
0.000330
0.040032
0.002888
0.002952
0.000902
0.000075
0.000153
0.000035
0.000573
0.000002
0.000105
0.002877
0.237441
0.074384
0.000002
0.000031
0.000829
0.000047
0.000857
0.003039
0.037620
0.000474
0.081032
0.000407
0.038179
0.003047
0.000067
0.002928
0.000096
0.004064
0.000065
0.002394
0.076290
0.000002
0.003051
0.000871
0.042321
0.000115
0.000031
0.084351
0.079430
0.000031
0.022726
0.000908
0.092122
0.002891
0.080994
0.024301
0.000883
0.040425
0.000388
0.029864
0.022868
0.076988
0.001894
0.077153
0.000034
0.003965
0.004233
0.037947
0.000103
0.071568
0.006311
0.081764
0.081459
0.000860
0.244066
0.000320
0.078167
0.000739
0.000045
0.000105
0.023225
0.002911
0.081793
0.000027
0.000867
0.000477
0.082981
0.000035
0.088052
0.022781
0.004907
0.040003
0.000004
0.082529
0.000114
0.037261
0.002932
0.003925
0.000130
0.040689
0.000033
0.000730
0.079592
0.080361
0.038810
0.078646
0.000068
0.000001
0.080656
0.000460
0.000814
0.000037
0.230807
0.082649
0.004007
0.023000
0.000887
0.038195
0.000969
0.000916
0.024811
0.037497
0.000328
0.000101
0.004418
0.080631
0.024575
0.002874
0.000758
0.000002
0.003977
0.000916
0.076108
0.000377
0.000895
0.000656
0.077437
0.000465
0.003000
0.000028
0.002899
0.004024
0.040431
0.027126
0.080299
0.004887
0.000530
0.004349
0.022906
0.002885
0.022605
0.077414
0.000858
0.002880
0.002760
0.000003
0.000020
0.000042
0.000001
0.000174
0.000002
0.000246
0.000219
0.000500
0.079974
0.000045
0.039473
0.078400
0.000523
0.000779
0.000001
0.087717
0.000444
0.000416
0.000722
0.083903
0.074372
0.000400
0.000059
0.077122
0.000028
0.078829
0.000002
0.000022
0.000016
0.000578
0.081216
0.000041
0.092057
0.003913
0.003453
0.240130
0.000032
0.000512
0.000040
0.004788
0.004804
0.000809
2.071696
0.003362
0.004098
0.077841
0.237553
0.023102
0.039976
0.081779
0.086902
0.022433
0.000768
0.000032
0.038813
0.000095
0.000864
0.004888
0.000123
0.000549
0.000059
0.000828
0.082462
0.000037
0.004027
0.002880
0.002901
0.037987
0.000294
0.082432
0.000917
0.000517
0.006851
0.000070
0.040142
0.237709
0.037260
0.037200
0.000031
0.075345
0.000034
0.004056
0.000879
0.037775
0.022895
0.000504
0.000051
0.002896
0.022844
0.002947
0.000843
0.032206
0.079305
0.004204
0.000004
0.000032
0.303956
0.078172
0.083356
0.000001
0.077626
0.000007
0.002891
0.023152
0.040549
0.076914
0.079602
0.000069
0.000004
0.037999
0.076150
0.000097
0.000036
0.000002
0.074048
0.002967
0.002880
0.074692
0.022838
0.000418
0.000808
0.083576
0.000524
0.080916
0.004378
0.000726
0.037734
0.000117
0.000055
0.031580
0.079176
0.000904
0.002956
0.022770
0.081139
0.002946
0.000135
0.075593
0.003010
0.083421
0.002883
0.000692
0.001703
0.081154
0.000115
0.000034
0.080255
0.074902
0.038024
0.072487
0.044020
0.077817
0.001143
0.040016
0.083094
0.000847
0.000491
0.040550
0.000038
0.000061
0.000772
0.001014
0.040241
0.004133
0.000022
0.000002
0.002933
0.006247
0.000035
0.000914
0.080636
0.002932
0.000122
0.081160
0.040404
0.004623
0.000629
0.002977
0.040465
0.169133
0.023112
1.493412
0.004121
0.002933
0.000025
0.002765
0.000493
0.023109
0.000002
0.000031
0.078606
0.000477
0.000604
0.081285
0.000810
0.002914
0.002811
0.004037
0.000122
0.004005
0.000040
0.000907
0.000261
0.000878
0.008112
0.000501
0.000008
0.000924
0.002901
0.000772
0.000108
0.038168
0.000068
0.081585
0.000092
0.037341
0.078314
0.002967
0.002866
0.039026
0.000045
0.000421
0.000443
0.006239
0.080350
0.001276
0.000753
0.000445
0.000002
0.004097
0.000028
0.000770
0.040418
0.000535
0.000076
0.000036
0.023123
0.002831
0.000138
0.000389
0.000034
0.004339
0.038479
0.037737
0.000066
0.002948
0.000983
0.085627
0.000593
0.040270
0.040458
0.229556
0.038583
0.002955
0.000030
0.003921
0.000891
0.000116
0.078775
0.000372
0.037534
0.000393
0.000818
0.000789
0.000101
0.000492
0.000329
0.000329
0.002805
0.000509
0.000457
0.000981
0.000901
0.000386
0.000485
0.000904
0.006593
0.000041
0.000460
0.000465
0.000395
0.004048
0.000096
0.001906
0.000041
0.000457
0.000119
0.000018
0.000489
0.000082
0.001019
0.000941
0.040244
0.000429
0.000135
0.078693
0.000484
0.000445
0.004007
0.000480
0.000478
0.000858
0.000421
0.002755
0.075839
0.000512
0.000495
0.000398
0.000038
0.087758
0.000254
0.000024
0.000140
0.000748
0.159259
0.000426
0.000397
0.000499
0.000971
0.000025
0.003025
0.000471
0.000837
0.040912
0.000030
0.000036
0.001037
0.000468
0.001904
0.000433
0.004296
0.000530
0.000073
0.000840
0.000910
0.000825
0.234120
0.040191
0.080961
0.001103
0.040978
0.081680
0.073557
0.000024
0.000938
0.000069
0.024589
0.000066
0.000413
0.001153
0.000101
0.000127
0.082981
0.000372
0.002892
0.023064
0.004030
0.002914
0.004441
0.000369
0.076419
0.004132
0.000826
0.238395
0.000566
0.002811
0.041124
0.002836
0.000039
0.000028
0.082326
0.000623
0.040004
0.002848
0.000906
0.075421
0.022745
0.079261
0.023361
0.004111
0.000001
0.000427
0.000460
0.004079
0.023398
0.000073
0.000427
0.073865
0.000959
0.000940
0.000053
0.083412
0.004730
0.000082
0.075956
0.000279
0.003790
0.001078
0.000847
0.000037
0.000830
0.000834
0.000477
0.079648
0.004971
0.000067
0.075848
0.040722
0.000909
0.077766
0.000850
0.000035
0.000922
0.000041
0.029441
0.000000
0.000548
0.000421
0.001725
0.023449
0.000908
0.000518
0.000116
0.075609
0.000324
0.000835
0.000913
0.000366
0.073599
0.072169
0.079046
0.000063
0.086701
0.000790
0.000041
0.002986
0.000815
0.038321
0.000782
0.078084
0.000997
0.000041
0.000769
0.000459
0.000030
0.000905
0.003958
0.000076
0.023213
0.000450
0.000404
0.024084
0.078913
0.000060
0.082577
0.000023
0.000034
0.000028
0.022956
0.073056
0.002247
0.000005
0.083213
0.002828
0.000753
0.000829
0.000832
0.076478
0.000832
0.000796
0.000843
0.004073
0.000001
0.022345
0.000001
0.000027
0.003770
0.002806
0.037578
0.000486
0.092487
0.000060
0.089768
0.000068
0.023341
0.002863
0.000323
0.000511
0.000409
0.002939
0.000061
0.000525
0.000910
0.004883
0.000858
0.000442
0.000837
0.037742
0.000003
0.000833
0.001076
0.000025
0.000046
0.075149
0.022959
0.000038
0.004153
0.076002
0.028455
0.000849
0.023176
0.001001
0.082418
0.000000
0.000020
0.000827
0.000024
0.176134
0.000003
0.078860
0.084242
0.078610
0.002936
0.000089
0.000359
0.037761
0.083769
0.079275
0.004072
0.023744
0.004842
0.075854
0.000773
0.000049
0.002868
0.076090
0.080417
0.000408
0.000154
0.000111
0.000433
0.000509
0.004228
0.000057
0.000024
0.076374
0.000069
0.004060
0.003982
0.023557
0.081643
0.000029
0.037590
0.000002
0.000025
0.002982
0.075816
0.000802
0.080541
0.077562
0.000029
0.002845
0.083617
0.000984
0.000016
0.000024
0.000138
0.000117
0.000049
0.000025
0.002840
0.000425
0.000464
0.000035
0.000102
0.000037
0.000027
0.081228
0.000453
0.000408
0.004135
0.023167
0.000003
0.082162
0.000051
0.038506
0.025046
0.002852
0.080746
0.000001
0.080415
0.000027
0.080940
0.024761
0.079827
0.079384
0.003828
0.004920
0.002972
0.071980
0.024835
0.000047
0.000855
0.000025
0.086131
0.002825
0.000778
0.004930
0.079217
0.079252
0.000130
0.005000
0.038843
0.004116
0.092554
0.000845
0.004127
0.079035
0.000001
0.004112
0.004074
0.000943
0.038641
0.000753
0.000722
0.000016
0.004019
0.002834
0.023266
0.004067
0.082215
0.040641
0.000855
0.022937
0.000438
0.075692
0.000028
0.000933
0.000952
0.002896
0.028554
0.000037
0.000036
0.000040
0.000931
0.040665
0.000783
0.075851
0.087834
0.037982
0.000030
0.084211
0.022819
0.000976
0.000821
0.086608
0.004182
0.085253
0.023100
0.080346
0.000384
1.000644
0.075374
0.037684
0.000070
0.000005
0.000940
0.074589
0.076536
0.000401
0.002846
0.000488
0.083967
0.004154
0.080946
0.000001
0.004169
0.001053
0.000107
0.000768
0.084191
0.000402
0.000426
0.037662
0.092340
0.040656
0.000020
0.000417
0.000006
0.040565
0.076262
0.000066
0.078142
0.000396
0.084137
0.002978
0.088578
0.000082
0.081050
0.000426
0.002898
0.000093
0.078378
0.075013
0.004100
0.000588
0.091590
0.080361
0.002875
0.000829
0.002875
0.002961
0.000033
0.081888
0.002819
0.002867
0.000002
0.074588
0.040011
0.040203
0.002889
0.257807
0.075114
0.088641
0.000179
0.000911
0.037627
0.004318
0.000821
0.005298
0.000000
0.000422
0.081580
0.000819
0.000041
0.002882
0.000754
0.000397
0.071851
0.004120
0.004308
0.073224
0.002909
0.079853
0.038252
0.000102
0.000513
0.000022
0.001856
0.002864
0.000003
0.002870
0.004032
0.084896
0.000155
0.001125
0.002759
0.080786
0.003903
0.002929
0.000004
0.022830
0.000844
0.004983
0.004952
0.079910
0.079203
0.000473
0.004132
0.022905
0.000071
0.086758
0.002844
0.000063
0.040827
0.000522
0.037313
0.006253
0.000061
0.078987
0.024863
0.000106
0.000441
0.003024
0.004950
0.000033
0.000756
0.084631
0.000824
0.037984
0.004029
0.000001
0.083132
0.000482
0.023120
0.083353
0.002953
0.078247
0.000000
0.000114
0.000545
0.004096
0.000052
0.000462
0.081900
0.071739
0.000409
0.000022
0.232634
0.084525
0.000065
0.000508
0.038120
0.000031
0.040218
0.000868
0.000026
0.000915
0.079210
0.000096
0.000012
0.081144
0.600033
0.000404
0.002938
0.001042
0.002908
0.002823
0.000942
0.000477
0.001024
0.000913
0.001042
0.001077
0.000008
0.000001
0.081680
0.000869
0.038816
0.040223
0.002923
0.000060
0.004786
0.000025
0.027650
0.000007
0.087323
0.000420
0.073708
0.000066
0.081875
0.079235
0.082984
0.023435
0.000786
0.000048
0.000030
0.087585
0.000507
0.037491
0.000572
0.001207
0.000135
0.038716
0.000757
0.012026
0.001709
0.079321
0.078814
0.000057
0.086178
0.085719
0.000933
0.001040
0.000990
0.004985
0.023368
0.080982
0.000002
0.000001
0.000025
0.092938
0.000434
0.080799
0.004736
0.027126
0.000412
0.002776
0.004861
0.000109
0.004953
0.004051
0.000067
0.000003
0.000222
0.000001
0.006445
0.000737
